EmployeeID,Name,Gender,Age,Department,JobRole,HireDate,Salary,PerformanceRating,Attrition,Education,MaritalStatus,YearsAtCompany,Overtime,JobSatisfaction,City
1,Employee 1,Female,22,IT,Analyst,2017-08-08,891666,4,No,Diploma,Married,2,No,2,Ahmedabad
2,Employee 2,Male,23,HR,Manager,2019-12-23,1045765,2,No,Bachelor,Married,3,No,4,Ahmedabad
3,Employee 3,Male,40,Marketing,Specialist,2022-08-27,1453259,4,No,Bachelor,Married,3,Yes,4,Ahmedabad
4,Employee 4,Female,42,Operations,Associate,2023-03-28,284994,5,No,Master,Married,3,Yes,4,Mumbai
5,Employee 5,Female,40,Support,Analyst,2023-09-22,1130790,3,No,Bachelor,Married,2,Yes,4,Chennai
6,Employee 6,Female,21,Finance,Specialist,2023-04-12,1724609,2,Yes,Bachelor,Married,1,No,5,Mumbai
7,Employee 7,Female,47,Finance,Executive,2022-11-18,634040,4,No,Master,Married,3,No,3,Delhi
8,Employee 8,Male,24,Finance,Associate,2019-07-22,1454965,1,No,Bachelor,Single,4,Yes,2,Ahmedabad
9,Employee 9,Male,53,HR,Analyst,2018-08-09,1712159,5,No,Bachelor,Single,7,No,1,Pune
10,Employee 10,Male,58,Finance,Associate,2021-07-23,1324000,1,No,Bachelor,Married,4,No,1,Delhi
11,Employee 11,Male,53,Marketing,Manager,2024-01-27,1517486,1,No,Bachelor,Single,2,Yes,4,Ahmedabad
12,Employee 12,Female,37,Finance,Executive,2019-01-17,374683,4,No,Bachelor,Single,7,Yes,2,Chennai
13,Employee 13,Female,60,Support,Executive,2016-02-01,1278502,1,No,Master,Single,10,Yes,1,Pune
14,Employee 14,Female,51,Sales,Associate,2019-04-10,1129594,5,No,Bachelor,Married,7,Yes,5,Hyderabad
15,Employee 15,Male,55,HR,Engineer,2024-06-03,1196835,4,No,Master,Married,2,No,1,Pune
16,Employee 16,Male,43,Support,Manager,2016-01-03,694846,3,Yes,Master,Married,10,No,1,Bengaluru
17,Employee 17,Female,42,IT,Analyst,2016-12-03,809865,2,No,Bachelor,Single,9,Yes,5,Chennai
18,Employee 18,Female,22,Finance,Executive,2018-06-20,1182806,5,No,Master,Married,2,Yes,3,Bengaluru
19,Employee 19,Female,21,Finance,Engineer,2024-01-20,355535,4,No,Master,Single,1,No,2,Chennai
20,Employee 20,Male,42,IT,Associate,2017-04-16,1409518,1,No,Bachelor,Single,9,Yes,1,Ahmedabad
21,Employee 21,Male,32,Sales,Associate,2015-04-15,1559377,3,No,Bachelor,Married,11,Yes,2,Delhi
22,Employee 22,Female,32,Sales,Engineer,2024-12-13,786328,1,No,Master,Married,1,Yes,4,Mumbai
23,Employee 23,Male,37,Support,Specialist,2026-06-08,1214439,1,No,Diploma,Single,0,Yes,4,Ahmedabad
24,Employee 24,Female,21,Sales,Specialist,2025-04-28,1225227,3,No,Master,Single,1,Yes,3,Delhi
25,Employee 25,Female,52,Marketing,Associate,2024-05-07,663543,1,No,Master,Single,2,Yes,1,Mumbai
26,Employee 26,Female,52,Sales,Executive,2017-11-13,1118846,2,No,Master,Married,8,Yes,4,Delhi
27,Employee 27,Male,35,Finance,Analyst,2020-08-20,1362018,5,No,Diploma,Married,5,Yes,2,Pune
28,Employee 28,Female,40,Operations,Manager,2017-08-02,1249257,5,No,Bachelor,Single,8,No,1,Delhi
29,Employee 29,Male,58,Sales,Manager,2015-08-01,1179906,5,Yes,Bachelor,Single,10,No,3,Hyderabad
30,Employee 30,Male,36,IT,Executive,2015-11-04,353528,3,Yes,Diploma,Single,10,No,3,Ahmedabad
31,Employee 31,Female,52,Sales,Manager,2019-12-02,1507304,2,No,Master,Married,6,No,1,Delhi
32,Employee 32,Male,46,Operations,Specialist,2015-01-11,673935,2,No,Diploma,Single,11,No,4,Delhi
33,Employee 33,Male,45,Finance,Analyst,2023-05-28,324251,3,No,Master,Single,3,No,3,Pune
34,Employee 34,Male,33,Finance,Specialist,2025-02-20,1161662,2,No,Master,Married,1,No,3,Bengaluru
35,Employee 35,Male,57,Finance,Executive,2016-06-13,1230726,2,No,Bachelor,Married,10,Yes,5,Delhi
36,Employee 36,Male,41,Operations,Analyst,2022-07-23,1579914,3,No,Diploma,Married,3,Yes,4,Bengaluru
37,Employee 37,Female,51,Marketing,Associate,2015-02-22,874219,3,No,Bachelor,Single,11,Yes,2,Pune
38,Employee 38,Male,39,Operations,Specialist,2025-01-13,895700,1,Yes,Bachelor,Single,1,No,1,Mumbai
39,Employee 39,Female,37,IT,Engineer,2025-01-04,552172,1,No,Master,Single,1,No,2,Delhi
40,Employee 40,Male,28,Sales,Specialist,2024-02-23,885098,4,No,Master,Married,2,Yes,2,Bengaluru
41,Employee 41,Male,31,Finance,Associate,2015-03-04,1036029,2,No,Diploma,Single,11,No,1,Mumbai
42,Employee 42,Female,46,Finance,Manager,2017-08-11,1727472,1,No,Diploma,Single,8,Yes,2,Delhi
43,Employee 43,Female,42,Sales,Executive,2018-02-24,779449,3,Yes,Diploma,Single,8,Yes,4,Chennai
44,Employee 44,Male,36,Support,Associate,2019-08-13,792923,1,No,Master,Married,6,No,5,Chennai
45,Employee 45,Female,53,IT,Manager,2019-09-07,621142,3,No,Diploma,Married,6,No,2,Ahmedabad
46,Employee 46,Male,59,Finance,Analyst,2018-11-20,589319,3,No,Bachelor,Single,7,No,4,Hyderabad
47,Employee 47,Female,32,Support,Associate,2023-09-15,375667,5,Yes,Master,Married,2,Yes,5,Delhi
48,Employee 48,Male,21,HR,Associate,2021-01-16,1396992,1,No,Bachelor,Married,1,No,4,Ahmedabad
49,Employee 49,Female,27,HR,Executive,2021-07-26,1620304,4,No,Diploma,Single,4,No,5,Hyderabad
50,Employee 50,Female,46,HR,Engineer,2019-11-07,1480219,4,No,Master,Married,6,No,4,Mumbai
51,Employee 51,Female,28,Support,Specialist,2016-01-13,927146,5,No,Diploma,Single,8,No,5,Ahmedabad
52,Employee 52,Female,29,Finance,Specialist,2018-03-02,1076309,5,No,Bachelor,Married,8,No,2,Hyderabad
53,Employee 53,Female,60,Finance,Manager,2024-09-16,478270,3,No,Master,Single,1,Yes,4,Pune
54,Employee 54,Male,27,HR,Executive,2016-07-14,1626904,3,No,Master,Married,7,No,1,Chennai
55,Employee 55,Male,30,HR,Engineer,2021-04-23,1462509,2,No,Diploma,Married,5,Yes,4,Chennai
56,Employee 56,Female,53,Operations,Engineer,2018-10-04,1578845,3,No,Bachelor,Married,7,Yes,3,Hyderabad
57,Employee 57,Male,29,HR,Specialist,2025-06-18,674489,5,No,Bachelor,Single,1,No,4,Mumbai
58,Employee 58,Female,39,HR,Analyst,2023-10-25,1149432,2,No,Master,Single,2,Yes,1,Pune
59,Employee 59,Female,30,HR,Associate,2020-03-06,1589830,1,No,Bachelor,Married,6,Yes,3,Bengaluru
60,Employee 60,Male,47,Sales,Specialist,2015-11-20,712059,4,No,Master,Married,10,Yes,4,Chennai
61,Employee 61,Male,22,Sales,Manager,2015-09-11,399230,4,No,Master,Married,2,No,1,Mumbai
62,Employee 62,Female,39,IT,Associate,2025-08-09,1717113,1,No,Master,Single,0,Yes,1,Ahmedabad
63,Employee 63,Male,53,Support,Manager,2024-11-18,1686320,4,No,Diploma,Married,1,Yes,4,Bengaluru
64,Employee 64,Male,58,Finance,Engineer,2024-05-17,1452456,2,No,Master,Married,2,Yes,2,Mumbai
65,Employee 65,Female,40,Operations,Specialist,2024-09-24,366427,2,No,Diploma,Single,1,No,1,Pune
66,Employee 66,Male,29,Sales,Executive,2023-11-01,265858,1,No,Bachelor,Single,2,No,4,Bengaluru
67,Employee 67,Female,29,Support,Specialist,2015-10-01,1522796,2,No,Master,Single,9,No,1,Ahmedabad
68,Employee 68,Male,37,Finance,Specialist,2019-01-11,459825,5,No,Diploma,Single,7,No,3,Hyderabad
69,Employee 69,Female,44,HR,Engineer,2019-02-18,1248851,4,No,Bachelor,Married,7,Yes,3,Bengaluru
70,Employee 70,Female,41,IT,Specialist,2024-12-22,740446,1,No,Bachelor,Single,1,No,2,Pune
71,Employee 71,Male,41,Finance,Engineer,2017-02-24,1315641,3,Yes,Master,Single,9,Yes,1,Chennai
72,Employee 72,Female,48,HR,Engineer,2024-06-11,1795872,5,No,Bachelor,Single,2,Yes,4,Pune
73,Employee 73,Male,53,IT,Executive,2025-08-08,1300284,1,Yes,Bachelor,Married,0,Yes,3,Bengaluru
74,Employee 74,Female,27,IT,Analyst,2022-07-29,826604,3,No,Bachelor,Married,3,No,1,Mumbai
75,Employee 75,Male,22,Marketing,Analyst,2019-04-14,1673114,2,Yes,Bachelor,Married,2,Yes,2,Bengaluru
76,Employee 76,Male,25,HR,Analyst,2017-01-13,1300135,4,No,Bachelor,Married,5,Yes,1,Pune
77,Employee 77,Male,60,HR,Specialist,2020-05-10,1642512,3,No,Master,Married,6,No,4,Chennai
78,Employee 78,Female,25,Sales,Specialist,2017-06-24,1321394,4,Yes,Bachelor,Single,5,Yes,2,Delhi
79,Employee 79,Male,25,Sales,Specialist,2018-12-03,899981,3,Yes,Diploma,Married,5,Yes,5,Ahmedabad
80,Employee 80,Female,60,Finance,Specialist,2021-08-12,519327,5,No,Diploma,Married,4,No,1,Pune
81,Employee 81,Female,25,Operations,Analyst,2017-04-01,927577,5,No,Bachelor,Married,5,Yes,5,Pune
82,Employee 82,Male,29,HR,Specialist,2015-04-29,1158971,2,No,Master,Single,9,Yes,3,Chennai
83,Employee 83,Male,45,Finance,Associate,2018-11-29,551954,4,No,Bachelor,Married,7,Yes,4,Delhi
84,Employee 84,Female,40,Finance,Specialist,2023-11-02,707591,3,No,Bachelor,Single,2,Yes,2,Ahmedabad
85,Employee 85,Female,25,IT,Associate,2018-11-26,1739240,5,No,Master,Married,5,No,2,Ahmedabad
86,Employee 86,Male,57,IT,Executive,2019-12-17,787602,5,Yes,Diploma,Single,6,Yes,2,Pune
87,Employee 87,Male,38,Support,Engineer,2021-09-16,597131,4,No,Diploma,Married,4,No,5,Delhi
88,Employee 88,Female,36,Support,Specialist,2020-09-05,1536662,5,No,Master,Married,5,Yes,3,Mumbai
89,Employee 89,Female,52,HR,Manager,2024-06-09,341184,2,No,Bachelor,Single,2,No,5,Chennai
90,Employee 90,Male,29,Marketing,Analyst,2019-11-10,649191,3,Yes,Bachelor,Single,6,No,4,Mumbai
91,Employee 91,Female,37,Sales,Engineer,2015-03-10,1112970,2,No,Diploma,Single,11,No,5,Pune
92,Employee 92,Male,41,HR,Engineer,2020-09-22,377134,4,No,Diploma,Single,5,No,1,Chennai
93,Employee 93,Male,41,Sales,Analyst,2022-07-01,1011691,4,Yes,Bachelor,Single,4,Yes,1,Hyderabad
94,Employee 94,Female,56,IT,Specialist,2025-01-13,699252,1,No,Bachelor,Single,1,No,2,Delhi
95,Employee 95,Female,53,Sales,Specialist,2015-01-06,1164379,5,No,Diploma,Single,11,No,3,Mumbai
96,Employee 96,Female,54,Sales,Manager,2022-05-30,283791,4,No,Bachelor,Single,4,Yes,4,Ahmedabad
97,Employee 97,Male,50,Support,Associate,2018-12-11,292073,3,No,Bachelor,Married,7,Yes,1,Hyderabad
98,Employee 98,Female,22,Sales,Executive,2022-09-25,1151158,1,No,Bachelor,Married,2,Yes,2,Bengaluru
99,Employee 99,Male,31,HR,Analyst,2018-08-31,1166558,4,No,Bachelor,Single,7,Yes,4,Delhi
100,Employee 100,Female,49,Operations,Engineer,2019-12-03,1127954,2,No,Diploma,Married,6,Yes,3,Ahmedabad
101,Employee 101,Female,58,Finance,Analyst,2016-01-08,859575,4,No,Diploma,Married,10,No,4,Ahmedabad
102,Employee 102,Female,56,IT,Engineer,2022-10-12,1241336,2,No,Diploma,Single,3,Yes,4,Delhi
103,Employee 103,Female,40,Finance,Manager,2024-12-14,402264,5,No,Master,Married,1,Yes,1,Bengaluru
104,Employee 104,Female,27,Support,Specialist,2022-05-08,875617,2,Yes,Diploma,Single,4,Yes,4,Bengaluru
105,Employee 105,Male,32,Support,Engineer,2017-04-27,1242487,2,No,Diploma,Married,9,No,3,Pune
106,Employee 106,Male,22,Support,Manager,2025-01-05,1746250,1,No,Master,Married,1,No,4,Delhi
107,Employee 107,Male,42,Marketing,Executive,2026-01-20,1452570,1,No,Master,Single,0,Yes,2,Hyderabad
108,Employee 108,Female,37,Support,Executive,2016-01-18,306581,1,No,Diploma,Single,10,No,2,Bengaluru
109,Employee 109,Male,42,HR,Manager,2020-05-21,285341,2,No,Master,Single,6,Yes,3,Ahmedabad
110,Employee 110,Male,32,Operations,Specialist,2015-06-28,431438,1,No,Bachelor,Married,11,Yes,2,Ahmedabad
111,Employee 111,Male,47,Operations,Associate,2020-10-13,1543755,4,No,Master,Married,5,No,5,Delhi
112,Employee 112,Male,58,IT,Associate,2018-07-26,454574,5,No,Bachelor,Single,7,No,4,Hyderabad
113,Employee 113,Male,25,HR,Analyst,2023-03-12,1267698,4,No,Bachelor,Married,3,Yes,1,Delhi
114,Employee 114,Male,36,IT,Engineer,2025-10-06,1576536,5,No,Master,Married,0,No,2,Mumbai
115,Employee 115,Female,34,Sales,Engineer,2017-06-21,1522261,5,No,Diploma,Married,9,No,1,Ahmedabad
116,Employee 116,Male,41,Support,Manager,2021-08-25,1740946,5,No,Bachelor,Married,4,No,5,Chennai
117,Employee 117,Female,50,Operations,Specialist,2023-05-04,1795531,1,No,Diploma,Single,3,Yes,3,Hyderabad
118,Employee 118,Male,50,IT,Specialist,2016-04-27,1731937,3,No,Diploma,Single,10,Yes,5,Delhi
119,Employee 119,Male,49,Marketing,Specialist,2020-12-12,623415,3,No,Diploma,Single,5,No,4,Hyderabad
120,Employee 120,Female,58,Sales,Engineer,2015-05-04,864683,2,No,Diploma,Married,11,No,4,Mumbai
121,Employee 121,Male,26,Support,Executive,2017-10-10,301014,1,Yes,Diploma,Married,6,Yes,2,Pune
122,Employee 122,Male,22,Operations,Manager,2019-03-31,1444024,1,No,Master,Single,2,Yes,2,Pune
123,Employee 123,Female,24,Finance,Analyst,2021-07-19,613234,1,No,Diploma,Married,4,Yes,5,Mumbai
124,Employee 124,Male,42,Support,Associate,2016-07-19,510866,1,No,Master,Single,9,No,4,Chennai
125,Employee 125,Male,46,HR,Executive,2021-10-25,477465,5,No,Master,Single,4,Yes,5,Chennai
126,Employee 126,Female,22,Finance,Specialist,2016-10-24,1699024,4,No,Master,Married,2,No,2,Ahmedabad
127,Employee 127,Male,50,Finance,Analyst,2024-02-25,593802,5,No,Master,Single,2,No,3,Mumbai
128,Employee 128,Male,45,Support,Executive,2020-03-24,931783,2,No,Master,Single,6,Yes,4,Pune
129,Employee 129,Male,36,Sales,Manager,2023-04-17,570801,1,Yes,Diploma,Single,3,No,3,Mumbai
130,Employee 130,Male,46,HR,Executive,2025-08-20,754454,4,No,Master,Married,0,Yes,5,Mumbai
131,Employee 131,Male,58,IT,Manager,2016-07-21,1164962,1,No,Master,Single,9,No,3,Hyderabad
132,Employee 132,Male,55,IT,Executive,2016-03-11,1412018,2,No,Diploma,Married,10,No,1,Ahmedabad
133,Employee 133,Male,40,HR,Specialist,2020-05-20,388938,4,No,Master,Single,6,Yes,4,Mumbai
134,Employee 134,Male,34,IT,Engineer,2016-02-06,510960,2,No,Master,Married,10,Yes,1,Chennai
135,Employee 135,Female,41,HR,Associate,2015-05-11,1183084,4,No,Master,Single,11,No,4,Hyderabad
136,Employee 136,Female,37,HR,Manager,2024-12-20,641355,5,No,Bachelor,Single,1,Yes,5,Ahmedabad
137,Employee 137,Male,41,Support,Associate,2018-11-23,1105653,3,No,Diploma,Single,7,Yes,2,Pune
138,Employee 138,Female,22,Operations,Engineer,2017-05-08,299486,3,No,Bachelor,Single,2,Yes,4,Mumbai
139,Employee 139,Male,52,Finance,Manager,2018-07-27,950975,3,No,Master,Single,7,No,2,Delhi
140,Employee 140,Female,54,HR,Analyst,2019-01-28,996389,5,Yes,Diploma,Married,7,Yes,3,Mumbai
141,Employee 141,Male,57,Support,Engineer,2026-03-06,746774,3,No,Bachelor,Married,0,No,1,Hyderabad
142,Employee 142,Female,30,HR,Engineer,2018-01-17,1152055,3,No,Master,Single,8,Yes,4,Pune
143,Employee 143,Female,51,IT,Manager,2023-03-07,1423638,1,No,Master,Single,3,No,1,Bengaluru
144,Employee 144,Female,39,Finance,Manager,2026-06-16,1324277,5,No,Bachelor,Married,0,No,5,Mumbai
145,Employee 145,Male,47,Marketing,Specialist,2024-03-01,1574928,1,No,Bachelor,Married,2,Yes,5,Ahmedabad
146,Employee 146,Male,42,Finance,Specialist,2023-10-09,1232371,4,No,Diploma,Married,2,Yes,2,Mumbai
147,Employee 147,Female,31,Marketing,Associate,2023-03-03,295920,3,Yes,Bachelor,Married,3,No,4,Bengaluru
148,Employee 148,Male,33,Finance,Associate,2024-04-11,431454,4,No,Master,Single,2,Yes,3,Mumbai
149,Employee 149,Female,48,Finance,Analyst,2020-11-18,1449828,4,No,Bachelor,Single,5,Yes,3,Delhi
150,Employee 150,Female,56,IT,Manager,2025-03-15,734644,3,Yes,Bachelor,Single,1,Yes,3,Delhi
151,Employee 151,Male,40,Sales,Engineer,2021-12-30,1358263,5,No,Master,Single,4,No,1,Hyderabad
152,Employee 152,Female,53,IT,Specialist,2021-04-23,775862,4,No,Bachelor,Married,5,No,1,Hyderabad
153,Employee 153,Female,39,IT,Analyst,2016-11-17,1547707,4,No,Bachelor,Married,9,No,1,Pune
154,Employee 154,Male,22,Marketing,Associate,2019-01-18,1385784,5,No,Master,Married,2,No,4,Pune
155,Employee 155,Male,58,Finance,Engineer,2025-11-29,320505,5,No,Diploma,Married,0,Yes,4,Bengaluru
156,Employee 156,Female,33,Marketing,Executive,2017-07-26,761726,3,No,Master,Single,8,Yes,4,Delhi
157,Employee 157,Male,31,Support,Executive,2018-02-09,1718596,4,No,Diploma,Single,8,No,1,Bengaluru
158,Employee 158,Male,24,HR,Executive,2024-10-31,1215635,5,Yes,Diploma,Single,1,Yes,2,Delhi
159,Employee 159,Female,32,Marketing,Associate,2023-08-17,1770840,4,No,Master,Single,2,Yes,2,Mumbai
160,Employee 160,Female,39,IT,Associate,2015-06-09,960250,3,No,Diploma,Married,11,No,5,Bengaluru
161,Employee 161,Female,31,Operations,Executive,2019-12-13,1189623,4,No,Diploma,Married,6,No,5,Bengaluru
162,Employee 162,Female,57,Operations,Analyst,2021-12-26,1582050,4,No,Bachelor,Married,4,Yes,4,Pune
163,Employee 163,Male,56,Marketing,Specialist,2018-07-31,589418,1,No,Diploma,Single,7,Yes,4,Delhi
164,Employee 164,Female,53,HR,Analyst,2026-05-18,1424304,4,No,Diploma,Single,0,Yes,5,Chennai
165,Employee 165,Female,59,IT,Executive,2020-11-08,1594882,5,No,Bachelor,Single,5,No,1,Ahmedabad
166,Employee 166,Male,55,Marketing,Specialist,2019-11-18,1542439,1,No,Master,Single,6,No,3,Hyderabad
167,Employee 167,Male,39,Marketing,Engineer,2022-02-27,1340197,4,No,Master,Married,4,No,5,Chennai
168,Employee 168,Male,21,Operations,Associate,2022-10-30,1509392,5,No,Master,Married,1,No,4,Delhi
169,Employee 169,Male,50,Sales,Manager,2018-05-15,292926,1,No,Bachelor,Married,8,No,5,Mumbai
170,Employee 170,Male,39,Finance,Executive,2020-03-03,1425511,5,No,Diploma,Married,6,Yes,1,Bengaluru
171,Employee 171,Female,53,HR,Associate,2025-08-16,1744876,5,No,Master,Single,0,No,1,Ahmedabad
172,Employee 172,Male,43,Finance,Manager,2023-11-04,417035,2,No,Master,Married,2,No,2,Bengaluru
173,Employee 173,Male,34,IT,Engineer,2024-12-09,1042019,4,No,Bachelor,Single,1,Yes,5,Bengaluru
174,Employee 174,Female,55,Sales,Associate,2022-05-03,1395509,3,No,Bachelor,Married,4,No,5,Bengaluru
175,Employee 175,Female,28,Support,Analyst,2025-06-01,1324402,5,No,Diploma,Married,1,Yes,3,Pune
176,Employee 176,Male,59,Finance,Executive,2023-04-11,425523,3,No,Master,Single,3,Yes,1,Pune
177,Employee 177,Male,22,HR,Executive,2022-03-28,464021,5,No,Bachelor,Married,2,Yes,4,Ahmedabad
178,Employee 178,Male,30,Operations,Specialist,2021-07-02,806132,2,No,Master,Married,5,Yes,2,Delhi
179,Employee 179,Male,40,HR,Specialist,2022-11-11,512452,3,No,Bachelor,Married,3,Yes,4,Hyderabad
180,Employee 180,Male,27,Marketing,Analyst,2015-12-03,598751,1,No,Bachelor,Single,7,Yes,2,Chennai
181,Employee 181,Male,53,Operations,Manager,2017-08-18,642775,4,No,Diploma,Married,8,Yes,5,Bengaluru
182,Employee 182,Female,39,IT,Specialist,2026-06-27,384736,5,No,Bachelor,Single,0,Yes,5,Hyderabad
183,Employee 183,Male,51,Finance,Specialist,2018-12-12,819633,4,No,Diploma,Married,7,No,1,Chennai
184,Employee 184,Female,21,Operations,Analyst,2018-02-12,821728,5,No,Bachelor,Married,1,Yes,1,Delhi
185,Employee 185,Male,57,Support,Manager,2018-09-25,1541149,5,Yes,Diploma,Single,7,Yes,4,Hyderabad
186,Employee 186,Female,36,Finance,Associate,2020-09-12,542527,4,No,Master,Married,5,No,3,Ahmedabad
187,Employee 187,Female,42,IT,Executive,2015-05-25,964386,3,No,Bachelor,Single,11,No,3,Bengaluru
188,Employee 188,Male,54,Marketing,Engineer,2021-03-18,749260,2,No,Diploma,Married,5,Yes,1,Ahmedabad
189,Employee 189,Male,31,Sales,Analyst,2016-06-27,1445866,4,No,Diploma,Single,10,No,2,Ahmedabad
190,Employee 190,Male,47,IT,Associate,2023-05-24,837274,5,No,Master,Married,3,No,4,Mumbai
191,Employee 191,Male,55,IT,Associate,2023-01-28,1215424,3,Yes,Bachelor,Single,3,Yes,3,Pune
192,Employee 192,Female,33,Finance,Engineer,2018-06-16,393512,1,No,Master,Married,8,No,5,Pune
193,Employee 193,Female,45,IT,Manager,2016-10-25,1055555,4,No,Diploma,Single,9,No,4,Delhi
194,Employee 194,Male,56,Support,Engineer,2023-07-30,871635,5,No,Master,Married,2,Yes,1,Pune
195,Employee 195,Male,41,IT,Executive,2024-10-18,1244858,1,No,Master,Single,1,Yes,5,Hyderabad
196,Employee 196,Male,44,Support,Specialist,2019-02-20,833592,1,Yes,Bachelor,Married,7,Yes,4,Ahmedabad
197,Employee 197,Female,28,Support,Specialist,2022-02-04,1591949,1,No,Master,Single,4,Yes,5,Hyderabad
198,Employee 198,Male,28,Operations,Manager,2015-04-09,860464,4,No,Bachelor,Married,8,No,5,Ahmedabad
199,Employee 199,Female,57,IT,Manager,2017-07-10,1275339,2,No,Master,Single,8,No,2,Ahmedabad
200,Employee 200,Female,49,IT,Engineer,2026-02-02,1146048,3,No,Master,Married,0,No,4,Ahmedabad
201,Employee 201,Female,23,IT,Manager,2022-08-27,340489,2,No,Diploma,Single,3,No,4,Chennai
202,Employee 202,Male,48,Support,Engineer,2025-03-06,516081,4,No,Master,Married,1,No,3,Hyderabad
203,Employee 203,Female,54,Finance,Executive,2025-01-01,1592881,3,Yes,Bachelor,Married,1,No,3,Pune
204,Employee 204,Male,56,Marketing,Associate,2015-05-09,1724761,5,No,Bachelor,Single,11,No,5,Hyderabad
205,Employee 205,Female,48,Marketing,Engineer,2022-01-30,881129,2,Yes,Bachelor,Married,4,Yes,4,Hyderabad
206,Employee 206,Male,23,IT,Analyst,2016-12-28,1493625,5,No,Master,Married,3,No,2,Bengaluru
207,Employee 207,Male,35,Finance,Specialist,2025-01-17,473811,5,No,Diploma,Single,1,Yes,5,Chennai
208,Employee 208,Male,42,Sales,Analyst,2023-07-26,1581084,2,No,Master,Single,2,No,1,Delhi
209,Employee 209,Male,45,IT,Executive,2023-01-10,1786364,5,No,Diploma,Single,3,Yes,2,Hyderabad
210,Employee 210,Female,55,Support,Analyst,2023-05-26,419189,2,Yes,Diploma,Married,3,Yes,2,Ahmedabad
211,Employee 211,Female,23,IT,Executive,2022-12-17,980844,5,No,Master,Married,3,Yes,3,Hyderabad
212,Employee 212,Female,42,IT,Executive,2025-04-11,1164731,4,Yes,Bachelor,Married,1,Yes,1,Pune
213,Employee 213,Female,27,IT,Associate,2019-02-24,1407959,3,No,Bachelor,Married,7,No,5,Bengaluru
214,Employee 214,Male,32,Marketing,Associate,2017-07-14,705639,5,Yes,Diploma,Married,8,Yes,3,Chennai
215,Employee 215,Female,51,Marketing,Specialist,2020-06-17,556618,2,No,Diploma,Single,6,Yes,4,Ahmedabad
216,Employee 216,Female,30,Operations,Manager,2015-07-31,792921,4,No,Bachelor,Married,10,No,5,Ahmedabad
217,Employee 217,Male,35,HR,Specialist,2021-04-10,747590,1,No,Master,Married,5,Yes,5,Hyderabad
218,Employee 218,Female,42,Marketing,Associate,2023-04-14,1445537,5,No,Master,Married,3,No,5,Mumbai
219,Employee 219,Female,42,Sales,Analyst,2021-08-12,774132,4,No,Diploma,Married,4,No,3,Mumbai
220,Employee 220,Female,56,Finance,Associate,2019-08-05,410841,2,Yes,Bachelor,Single,6,No,3,Delhi
221,Employee 221,Male,57,Finance,Manager,2023-12-08,377960,1,No,Diploma,Married,2,Yes,4,Bengaluru
222,Employee 222,Male,43,Marketing,Associate,2020-08-01,368963,2,No,Master,Single,5,No,1,Chennai
223,Employee 223,Male,32,Marketing,Executive,2023-01-12,1057835,4,No,Bachelor,Married,3,Yes,5,Bengaluru
224,Employee 224,Male,48,Support,Manager,2019-07-10,1226123,3,No,Diploma,Married,6,No,1,Pune
225,Employee 225,Male,33,Operations,Executive,2018-08-24,552157,5,No,Diploma,Single,7,Yes,1,Hyderabad
226,Employee 226,Male,48,Marketing,Analyst,2019-12-25,443174,1,No,Diploma,Married,6,No,5,Mumbai
227,Employee 227,Male,36,HR,Executive,2024-07-25,1070655,4,No,Diploma,Married,1,Yes,1,Mumbai
228,Employee 228,Male,37,Marketing,Manager,2022-04-18,1507133,2,No,Bachelor,Married,4,Yes,1,Pune
229,Employee 229,Female,27,Support,Engineer,2015-10-19,1339210,3,No,Bachelor,Single,7,Yes,3,Hyderabad
230,Employee 230,Male,31,HR,Engineer,2023-01-12,330487,2,Yes,Master,Single,3,No,5,Delhi
231,Employee 231,Female,35,Sales,Engineer,2024-09-30,271004,5,No,Master,Single,1,No,3,Bengaluru
232,Employee 232,Male,59,IT,Analyst,2016-05-12,1113212,1,No,Diploma,Single,10,No,1,Hyderabad
233,Employee 233,Female,41,Operations,Manager,2025-10-31,521272,2,No,Bachelor,Married,0,Yes,2,Delhi
234,Employee 234,Male,34,Marketing,Associate,2017-10-18,1154323,1,Yes,Bachelor,Married,8,Yes,1,Hyderabad
235,Employee 235,Female,31,Sales,Executive,2016-05-04,1103639,5,Yes,Bachelor,Single,10,No,4,Bengaluru
236,Employee 236,Female,40,Marketing,Associate,2023-06-19,1162765,2,Yes,Bachelor,Single,3,Yes,3,Mumbai
237,Employee 237,Female,58,IT,Specialist,2023-02-17,1772699,5,No,Diploma,Married,3,No,5,Bengaluru
238,Employee 238,Male,51,Sales,Specialist,2021-07-15,1015708,1,No,Diploma,Single,4,No,5,Chennai
239,Employee 239,Male,34,Marketing,Engineer,2018-12-24,1411687,5,No,Master,Single,7,Yes,1,Hyderabad
240,Employee 240,Male,58,HR,Specialist,2015-05-29,394419,3,No,Master,Married,11,No,5,Delhi
241,Employee 241,Male,53,Operations,Executive,2019-09-06,1774411,5,No,Diploma,Married,6,No,4,Pune
242,Employee 242,Female,59,Operations,Engineer,2015-06-09,1362609,3,No,Master,Married,11,Yes,5,Pune
243,Employee 243,Male,48,Finance,Engineer,2022-09-09,484978,1,No,Master,Married,3,No,1,Pune
244,Employee 244,Female,48,Marketing,Specialist,2024-01-09,1326906,2,Yes,Diploma,Single,2,No,1,Chennai
245,Employee 245,Male,26,Marketing,Specialist,2022-05-11,629889,1,No,Diploma,Single,4,No,1,Chennai
246,Employee 246,Female,29,IT,Associate,2019-01-23,254569,5,No,Diploma,Single,7,Yes,5,Pune
247,Employee 247,Female,53,Operations,Analyst,2019-04-26,1610636,4,No,Bachelor,Married,7,Yes,5,Bengaluru
248,Employee 248,Female,37,Support,Executive,2024-05-02,803405,2,No,Master,Married,2,No,3,Bengaluru
249,Employee 249,Female,33,Support,Specialist,2020-08-15,782758,3,No,Bachelor,Single,5,Yes,5,Bengaluru
250,Employee 250,Female,34,IT,Executive,2024-09-28,604525,4,No,Bachelor,Married,1,No,1,Mumbai
251,Employee 251,Female,35,Support,Specialist,2021-12-12,1114764,5,Yes,Master,Married,4,Yes,4,Bengaluru
252,Employee 252,Male,36,Sales,Associate,2016-08-04,316715,5,No,Master,Married,9,No,4,Pune
253,Employee 253,Female,55,Finance,Analyst,2024-02-23,277603,2,Yes,Master,Married,2,Yes,3,Bengaluru
254,Employee 254,Male,22,IT,Analyst,2019-01-15,924786,4,No,Master,Married,2,No,1,Hyderabad
255,Employee 255,Female,56,HR,Engineer,2023-05-29,1630099,4,Yes,Master,Single,3,Yes,1,Pune
256,Employee 256,Female,25,Support,Engineer,2018-05-10,571228,3,Yes,Bachelor,Married,5,Yes,5,Ahmedabad
257,Employee 257,Male,38,IT,Engineer,2016-06-18,381079,4,No,Diploma,Single,10,No,4,Pune
258,Employee 258,Female,28,Finance,Manager,2020-01-01,1091190,4,No,Bachelor,Single,6,No,4,Mumbai
259,Employee 259,Male,21,Support,Engineer,2026-02-07,1476100,1,No,Diploma,Single,0,No,4,Mumbai
260,Employee 260,Male,39,Marketing,Executive,2017-03-21,588156,4,No,Diploma,Married,9,Yes,1,Bengaluru
261,Employee 261,Female,52,IT,Executive,2016-06-30,479479,4,No,Bachelor,Single,10,No,3,Ahmedabad
262,Employee 262,Female,45,Marketing,Executive,2025-11-14,747758,3,No,Master,Single,0,No,2,Ahmedabad
263,Employee 263,Female,51,Operations,Manager,2019-11-17,1661754,4,No,Master,Married,6,No,1,Bengaluru
264,Employee 264,Male,40,Support,Analyst,2019-06-15,447544,4,No,Master,Married,7,No,4,Hyderabad
265,Employee 265,Male,31,HR,Executive,2019-03-26,1089922,4,No,Bachelor,Single,7,Yes,5,Delhi
266,Employee 266,Male,52,Finance,Manager,2023-04-20,1436493,5,No,Master,Single,3,No,5,Bengaluru
267,Employee 267,Male,24,Finance,Executive,2023-12-07,726030,2,No,Bachelor,Married,2,No,3,Hyderabad
268,Employee 268,Female,42,Support,Manager,2022-12-10,1535069,4,No,Master,Married,3,Yes,4,Delhi
269,Employee 269,Female,54,Marketing,Analyst,2021-04-19,1083652,5,Yes,Master,Single,5,Yes,4,Bengaluru
270,Employee 270,Female,57,Marketing,Specialist,2023-10-03,1142889,5,No,Bachelor,Married,2,No,1,Hyderabad
271,Employee 271,Male,52,Marketing,Analyst,2026-05-02,289010,2,No,Diploma,Single,0,No,3,Mumbai
272,Employee 272,Female,46,Sales,Manager,2020-05-01,1223461,3,No,Diploma,Married,6,No,3,Ahmedabad
273,Employee 273,Male,30,Finance,Manager,2019-05-19,825698,4,No,Diploma,Married,7,No,1,Hyderabad
274,Employee 274,Female,21,Finance,Specialist,2016-07-02,1656337,5,No,Diploma,Married,1,No,5,Bengaluru
275,Employee 275,Male,34,HR,Executive,2017-03-26,1270058,2,No,Bachelor,Married,9,No,2,Hyderabad
276,Employee 276,Female,35,Finance,Executive,2022-07-21,638910,1,No,Master,Single,3,Yes,4,Chennai
277,Employee 277,Male,47,HR,Manager,2016-01-03,516119,2,No,Master,Married,10,No,4,Ahmedabad
278,Employee 278,Male,42,Finance,Executive,2025-11-25,1022373,5,No,Diploma,Married,0,No,3,Pune
279,Employee 279,Male,43,Finance,Specialist,2017-06-04,861363,4,No,Diploma,Single,9,Yes,1,Chennai
280,Employee 280,Female,44,Operations,Analyst,2016-06-04,990382,5,No,Diploma,Married,10,Yes,4,Ahmedabad
281,Employee 281,Female,53,Sales,Associate,2016-03-27,791429,4,No,Diploma,Single,10,Yes,3,Hyderabad
282,Employee 282,Female,55,Operations,Specialist,2015-12-22,897156,4,No,Master,Married,10,No,3,Mumbai
283,Employee 283,Female,43,IT,Manager,2016-11-04,1383845,2,Yes,Master,Single,9,No,4,Bengaluru
284,Employee 284,Male,34,Sales,Specialist,2023-04-06,332484,5,No,Bachelor,Single,3,Yes,4,Bengaluru
285,Employee 285,Female,46,Sales,Executive,2019-11-17,607827,1,No,Bachelor,Married,6,No,4,Bengaluru
286,Employee 286,Female,51,IT,Specialist,2024-09-02,1476516,4,No,Bachelor,Single,1,Yes,5,Pune
287,Employee 287,Female,37,Sales,Executive,2018-10-27,1310053,4,No,Bachelor,Single,7,Yes,5,Hyderabad
288,Employee 288,Female,53,Operations,Manager,2019-01-30,1613386,5,No,Diploma,Married,7,No,5,Ahmedabad
289,Employee 289,Female,55,Finance,Executive,2024-11-05,562212,1,No,Bachelor,Married,1,Yes,4,Hyderabad
290,Employee 290,Male,50,Finance,Specialist,2019-06-02,1242940,3,No,Diploma,Married,7,No,3,Bengaluru
291,Employee 291,Male,26,Operations,Executive,2026-04-10,1390880,3,No,Master,Married,0,Yes,2,Delhi
292,Employee 292,Female,47,Marketing,Associate,2023-08-10,1378932,5,No,Diploma,Married,2,Yes,1,Mumbai
293,Employee 293,Male,34,Support,Analyst,2020-03-15,743352,2,Yes,Bachelor,Single,6,Yes,2,Mumbai
294,Employee 294,Male,28,IT,Specialist,2021-12-01,1602928,2,No,Bachelor,Single,4,No,5,Bengaluru
295,Employee 295,Male,46,HR,Executive,2017-07-30,1018692,2,No,Diploma,Married,8,No,4,Delhi
296,Employee 296,Female,56,Operations,Executive,2018-01-01,952960,2,Yes,Master,Married,8,Yes,4,Chennai
297,Employee 297,Female,23,HR,Engineer,2018-11-16,992968,4,No,Master,Married,3,Yes,5,Ahmedabad
298,Employee 298,Male,53,Finance,Manager,2022-12-05,338621,4,No,Diploma,Single,3,Yes,5,Hyderabad
299,Employee 299,Female,54,Sales,Analyst,2022-07-25,385600,3,No,Bachelor,Single,3,Yes,5,Bengaluru
300,Employee 300,Female,52,Sales,Analyst,2016-05-01,968744,1,No,Bachelor,Single,10,Yes,4,Delhi
301,Employee 301,Male,43,HR,Specialist,2019-12-25,1208194,1,No,Diploma,Single,6,Yes,4,Mumbai
302,Employee 302,Male,26,HR,Manager,2020-11-27,629931,4,No,Diploma,Single,5,No,2,Hyderabad
303,Employee 303,Male,51,Marketing,Associate,2017-12-28,1564482,5,No,Master,Married,8,No,3,Hyderabad
304,Employee 304,Male,23,Operations,Specialist,2020-05-25,1327375,5,No,Diploma,Married,3,Yes,5,Delhi
305,Employee 305,Male,57,Sales,Executive,2017-11-08,1628819,5,No,Master,Married,8,No,4,Ahmedabad
306,Employee 306,Male,50,HR,Engineer,2020-06-16,970500,5,No,Bachelor,Single,6,Yes,1,Mumbai
307,Employee 307,Male,56,Support,Associate,2020-12-15,537495,3,No,Bachelor,Single,5,No,3,Bengaluru
308,Employee 308,Female,45,Finance,Manager,2026-05-01,756223,2,No,Diploma,Single,0,No,3,Pune
309,Employee 309,Female,48,Support,Executive,2021-06-04,1029096,5,No,Master,Single,5,Yes,2,Bengaluru
310,Employee 310,Female,22,IT,Associate,2025-06-13,1793109,1,No,Diploma,Married,1,No,3,Pune
311,Employee 311,Female,41,IT,Executive,2026-06-27,1233265,2,Yes,Bachelor,Married,0,No,4,Pune
312,Employee 312,Male,60,Support,Executive,2019-11-18,805032,2,No,Bachelor,Single,6,Yes,3,Delhi
313,Employee 313,Female,25,Support,Analyst,2019-04-06,1372156,1,No,Master,Single,5,Yes,4,Pune
314,Employee 314,Male,56,HR,Manager,2025-07-28,251941,4,No,Master,Married,0,Yes,2,Delhi
315,Employee 315,Female,28,Marketing,Specialist,2020-07-15,610057,5,No,Diploma,Single,5,Yes,1,Mumbai
316,Employee 316,Male,45,Support,Engineer,2016-02-07,403468,4,Yes,Master,Married,10,Yes,5,Delhi
317,Employee 317,Female,59,IT,Manager,2015-07-25,1049848,2,Yes,Diploma,Single,10,Yes,3,Hyderabad
318,Employee 318,Male,39,Operations,Manager,2023-11-14,1240362,4,No,Master,Single,2,Yes,3,Pune
319,Employee 319,Female,49,HR,Manager,2015-12-29,403822,1,No,Bachelor,Single,10,No,3,Pune
320,Employee 320,Male,28,Finance,Engineer,2020-04-10,1103331,5,No,Master,Married,6,No,2,Delhi
321,Employee 321,Male,41,HR,Engineer,2019-02-18,922112,5,No,Bachelor,Single,7,Yes,2,Pune
322,Employee 322,Female,34,HR,Executive,2020-12-07,1649984,2,No,Diploma,Married,5,No,2,Ahmedabad
323,Employee 323,Female,42,Operations,Analyst,2019-10-13,717803,4,No,Bachelor,Married,6,Yes,1,Delhi
324,Employee 324,Male,57,IT,Specialist,2023-09-08,1672389,5,No,Bachelor,Single,2,Yes,4,Pune
325,Employee 325,Male,36,Operations,Engineer,2022-01-04,918914,3,Yes,Master,Single,4,No,4,Mumbai
326,Employee 326,Female,30,Support,Analyst,2023-12-10,879635,3,No,Bachelor,Single,2,No,3,Delhi
327,Employee 327,Female,42,Marketing,Executive,2016-10-02,357192,1,No,Diploma,Married,9,Yes,3,Mumbai
328,Employee 328,Male,28,Marketing,Specialist,2026-03-12,952277,2,No,Bachelor,Married,0,Yes,1,Ahmedabad
329,Employee 329,Female,32,Support,Executive,2017-11-30,573387,1,No,Master,Married,8,No,5,Bengaluru
330,Employee 330,Female,23,IT,Analyst,2019-07-18,618361,4,Yes,Bachelor,Married,3,No,2,Pune
331,Employee 331,Female,49,Marketing,Manager,2025-04-28,444176,4,No,Diploma,Married,1,No,2,Delhi
332,Employee 332,Female,57,Support,Associate,2023-10-17,1232607,5,No,Diploma,Single,2,Yes,3,Delhi
333,Employee 333,Female,33,HR,Engineer,2024-12-17,1089128,5,No,Bachelor,Married,1,No,5,Bengaluru
334,Employee 334,Female,41,HR,Associate,2020-01-12,1215391,2,No,Master,Married,6,No,5,Delhi
335,Employee 335,Male,60,Sales,Executive,2021-01-01,541467,5,Yes,Bachelor,Single,5,No,2,Chennai
336,Employee 336,Female,42,Marketing,Engineer,2018-09-23,678207,5,No,Bachelor,Married,7,No,1,Mumbai
337,Employee 337,Male,43,Operations,Analyst,2022-08-07,851716,5,No,Master,Married,3,No,4,Ahmedabad
338,Employee 338,Female,31,HR,Manager,2017-05-05,431628,4,No,Bachelor,Married,9,Yes,2,Delhi
339,Employee 339,Female,29,Sales,Associate,2016-04-24,1181485,1,Yes,Diploma,Single,9,No,4,Ahmedabad
340,Employee 340,Female,41,IT,Specialist,2015-12-06,577790,2,Yes,Master,Single,10,Yes,5,Hyderabad
341,Employee 341,Male,41,Support,Specialist,2018-01-16,876402,3,No,Master,Married,8,Yes,4,Ahmedabad
342,Employee 342,Female,41,Marketing,Specialist,2017-10-11,1306910,5,No,Bachelor,Married,8,Yes,2,Bengaluru
343,Employee 343,Female,36,Support,Executive,2021-04-08,269006,1,No,Diploma,Married,5,No,3,Pune
344,Employee 344,Male,26,Finance,Manager,2022-05-14,1034371,2,No,Diploma,Single,4,No,4,Bengaluru
345,Employee 345,Male,22,Operations,Executive,2019-04-06,769302,1,Yes,Bachelor,Married,2,Yes,2,Chennai
346,Employee 346,Female,43,IT,Engineer,2025-03-26,784061,1,No,Master,Single,1,Yes,3,Hyderabad
347,Employee 347,Male,33,Support,Manager,2026-03-08,1566832,2,Yes,Master,Single,0,No,5,Delhi
348,Employee 348,Male,43,Support,Analyst,2016-01-30,1528972,4,No,Master,Single,10,No,1,Ahmedabad
349,Employee 349,Female,34,HR,Associate,2018-05-10,754840,4,No,Diploma,Married,8,Yes,2,Chennai
350,Employee 350,Female,53,Finance,Associate,2016-10-18,1578121,4,Yes,Master,Married,9,Yes,3,Hyderabad
351,Employee 351,Female,55,Finance,Specialist,2025-11-23,1597432,4,No,Bachelor,Single,0,Yes,1,Chennai
352,Employee 352,Male,29,Support,Analyst,2018-04-19,663690,4,Yes,Diploma,Married,8,No,1,Chennai
353,Employee 353,Male,51,IT,Analyst,2026-05-29,746064,5,No,Bachelor,Married,0,Yes,3,Delhi
354,Employee 354,Male,56,Marketing,Manager,2025-03-29,510633,1,No,Bachelor,Married,1,Yes,3,Chennai
355,Employee 355,Male,47,Sales,Associate,2016-11-06,679925,1,No,Master,Married,9,No,4,Hyderabad
356,Employee 356,Male,31,IT,Associate,2015-06-10,867441,3,No,Bachelor,Married,11,Yes,3,Hyderabad
357,Employee 357,Female,25,Support,Analyst,2019-03-07,923915,1,No,Bachelor,Single,5,Yes,5,Bengaluru
358,Employee 358,Female,48,IT,Specialist,2019-02-18,1074244,2,Yes,Bachelor,Single,7,No,5,Ahmedabad
359,Employee 359,Male,27,Sales,Engineer,2023-12-15,519718,4,No,Bachelor,Married,2,Yes,1,Ahmedabad
360,Employee 360,Female,27,HR,Engineer,2017-02-07,975132,5,No,Bachelor,Single,7,Yes,4,Hyderabad
361,Employee 361,Female,59,HR,Associate,2018-01-11,431476,2,No,Bachelor,Married,8,Yes,3,Pune
362,Employee 362,Female,26,IT,Associate,2023-05-12,665787,5,No,Bachelor,Married,3,Yes,4,Ahmedabad
363,Employee 363,Female,40,Finance,Associate,2017-11-10,1715841,5,No,Diploma,Married,8,Yes,4,Pune
364,Employee 364,Female,25,Marketing,Manager,2018-09-25,896710,3,No,Master,Single,5,Yes,3,Pune
365,Employee 365,Male,51,HR,Engineer,2026-01-14,1050296,1,No,Bachelor,Single,0,No,2,Delhi
366,Employee 366,Female,24,Marketing,Analyst,2019-07-11,988970,2,No,Bachelor,Married,4,Yes,2,Mumbai
367,Employee 367,Female,23,Sales,Executive,2023-02-18,1139547,3,No,Diploma,Married,3,Yes,2,Chennai
368,Employee 368,Male,31,Finance,Engineer,2022-12-04,266904,4,No,Diploma,Single,3,No,2,Bengaluru
369,Employee 369,Female,55,HR,Analyst,2023-12-14,1784698,5,No,Diploma,Single,2,No,4,Chennai
370,Employee 370,Female,33,Finance,Specialist,2015-12-14,747878,3,Yes,Diploma,Single,10,No,4,Delhi
371,Employee 371,Male,23,Finance,Executive,2022-02-01,853427,4,No,Master,Married,3,No,3,Hyderabad
372,Employee 372,Male,38,Support,Engineer,2022-02-18,257976,4,No,Master,Single,4,No,4,Chennai
373,Employee 373,Female,39,Support,Analyst,2020-09-05,1438902,5,No,Master,Married,5,Yes,4,Mumbai
374,Employee 374,Male,36,Marketing,Manager,2016-07-22,1265301,2,No,Diploma,Single,9,No,3,Ahmedabad
375,Employee 375,Female,59,Marketing,Engineer,2015-03-20,944612,2,Yes,Master,Single,11,Yes,5,Pune
376,Employee 376,Male,39,Support,Specialist,2025-05-07,274980,3,Yes,Master,Single,1,No,1,Pune
377,Employee 377,Male,57,Sales,Specialist,2022-10-13,1623707,5,No,Master,Married,3,Yes,1,Chennai
378,Employee 378,Male,23,Operations,Analyst,2022-10-28,1415053,4,No,Bachelor,Single,3,No,5,Chennai
379,Employee 379,Female,58,Operations,Executive,2015-04-08,1289782,5,No,Bachelor,Married,11,No,3,Pune
380,Employee 380,Female,35,HR,Associate,2023-06-20,1756856,4,No,Master,Married,3,No,1,Ahmedabad
381,Employee 381,Male,44,Marketing,Engineer,2026-04-04,686907,3,No,Diploma,Married,0,No,1,Bengaluru
382,Employee 382,Male,56,IT,Associate,2023-11-09,1745813,4,No,Master,Married,2,No,5,Delhi
383,Employee 383,Female,50,IT,Manager,2022-12-01,1416276,4,Yes,Diploma,Married,3,No,5,Mumbai
384,Employee 384,Female,50,Sales,Analyst,2015-06-21,426144,4,No,Bachelor,Single,11,Yes,3,Delhi
385,Employee 385,Male,44,Marketing,Analyst,2023-02-06,1262268,1,No,Master,Married,3,Yes,3,Ahmedabad
386,Employee 386,Male,43,Finance,Specialist,2023-03-22,1667705,4,Yes,Diploma,Married,3,Yes,2,Pune
387,Employee 387,Male,50,Finance,Manager,2024-01-19,533276,1,No,Bachelor,Married,2,Yes,3,Hyderabad
388,Employee 388,Female,51,Marketing,Analyst,2022-02-22,1221942,4,No,Master,Single,4,No,2,Hyderabad
389,Employee 389,Male,59,Finance,Analyst,2017-05-10,1185910,1,Yes,Master,Married,9,No,5,Ahmedabad
390,Employee 390,Male,27,Sales,Executive,2016-05-23,965593,2,Yes,Diploma,Single,7,No,5,Chennai
391,Employee 391,Male,58,Support,Engineer,2017-07-22,334084,5,No,Master,Married,8,No,1,Mumbai
392,Employee 392,Male,34,Finance,Associate,2018-05-24,356708,1,No,Master,Single,8,Yes,5,Bengaluru
393,Employee 393,Female,44,HR,Associate,2016-11-03,1544638,4,Yes,Bachelor,Single,9,No,3,Pune
394,Employee 394,Female,51,Finance,Manager,2022-01-21,1664218,1,Yes,Diploma,Married,4,Yes,4,Mumbai
395,Employee 395,Male,27,Finance,Associate,2024-10-09,740859,2,No,Diploma,Single,1,No,5,Delhi
396,Employee 396,Male,54,Sales,Executive,2021-09-20,450268,1,No,Diploma,Married,4,No,2,Hyderabad
397,Employee 397,Female,36,Support,Manager,2022-11-15,349707,3,No,Diploma,Married,3,Yes,4,Hyderabad
398,Employee 398,Male,29,Finance,Analyst,2023-03-30,475013,5,No,Bachelor,Single,3,No,5,Bengaluru
399,Employee 399,Female,53,Sales,Analyst,2021-09-07,1503469,5,No,Diploma,Married,4,No,1,Delhi
400,Employee 400,Female,22,HR,Analyst,2018-09-13,1150175,4,No,Master,Single,2,Yes,5,Pune
401,Employee 401,Female,22,Sales,Associate,2025-02-09,885350,1,No,Master,Single,1,No,4,Chennai
402,Employee 402,Male,48,Operations,Associate,2023-01-15,1435063,5,No,Master,Single,3,Yes,5,Bengaluru
403,Employee 403,Male,51,Support,Specialist,2023-04-19,1225202,1,No,Bachelor,Married,3,No,1,Chennai
404,Employee 404,Female,50,Finance,Manager,2025-10-23,752725,2,Yes,Diploma,Married,0,Yes,1,Delhi
405,Employee 405,Female,35,Marketing,Specialist,2019-09-03,352624,1,No,Bachelor,Married,6,No,1,Chennai
406,Employee 406,Male,50,Support,Engineer,2018-12-16,1551877,3,No,Diploma,Single,7,No,1,Mumbai
407,Employee 407,Male,24,HR,Executive,2023-02-26,461877,4,Yes,Bachelor,Single,3,Yes,1,Bengaluru
408,Employee 408,Female,28,Sales,Manager,2026-04-25,1172399,2,No,Diploma,Married,0,No,2,Mumbai
409,Employee 409,Female,24,Marketing,Associate,2021-04-13,354660,4,No,Bachelor,Single,4,No,2,Delhi
410,Employee 410,Female,42,Support,Associate,2020-02-27,1184349,4,No,Bachelor,Married,6,No,2,Ahmedabad
411,Employee 411,Female,22,Marketing,Engineer,2025-02-25,1348786,5,No,Master,Single,1,Yes,3,Bengaluru
412,Employee 412,Female,25,Finance,Specialist,2019-08-07,1269390,4,No,Bachelor,Married,5,No,5,Pune
413,Employee 413,Male,49,IT,Engineer,2017-06-02,1580857,3,No,Master,Married,9,No,1,Hyderabad
414,Employee 414,Female,59,Sales,Executive,2018-02-02,1721000,1,No,Bachelor,Married,8,Yes,3,Bengaluru
415,Employee 415,Female,40,IT,Analyst,2024-04-25,1204706,4,No,Diploma,Married,2,No,3,Pune
416,Employee 416,Female,49,Support,Analyst,2016-03-04,822623,5,Yes,Bachelor,Single,10,No,2,Ahmedabad
417,Employee 417,Male,51,Sales,Manager,2015-11-22,971500,3,Yes,Diploma,Married,10,No,5,Delhi
418,Employee 418,Male,51,Support,Analyst,2017-10-12,1327207,2,No,Diploma,Single,8,Yes,1,Bengaluru
419,Employee 419,Female,22,Finance,Engineer,2015-06-18,1724205,5,Yes,Diploma,Married,2,No,5,Chennai
420,Employee 420,Male,43,Finance,Executive,2016-10-21,1610413,4,No,Diploma,Single,9,No,2,Hyderabad
421,Employee 421,Female,57,Support,Manager,2021-02-13,891163,2,No,Diploma,Married,5,No,2,Delhi
422,Employee 422,Female,50,Marketing,Associate,2025-06-15,1592699,1,No,Diploma,Single,1,Yes,5,Pune
423,Employee 423,Male,55,Support,Executive,2025-06-30,1013536,1,Yes,Bachelor,Single,1,No,3,Pune
424,Employee 424,Female,44,Marketing,Specialist,2015-01-18,1220929,1,Yes,Master,Single,11,Yes,2,Ahmedabad
425,Employee 425,Female,30,Marketing,Manager,2015-01-03,311168,3,Yes,Diploma,Single,10,No,3,Hyderabad
426,Employee 426,Female,44,Operations,Analyst,2021-03-14,1548965,1,No,Diploma,Single,5,No,2,Chennai
427,Employee 427,Female,33,HR,Engineer,2022-07-08,1313883,4,No,Bachelor,Single,3,No,2,Chennai
428,Employee 428,Male,36,Finance,Manager,2024-10-03,400133,5,No,Bachelor,Single,1,No,5,Chennai
429,Employee 429,Female,51,HR,Associate,2017-07-31,959412,5,Yes,Diploma,Married,8,No,3,Delhi
430,Employee 430,Male,35,Operations,Associate,2017-02-11,919464,1,Yes,Diploma,Married,9,Yes,5,Delhi
431,Employee 431,Female,33,Operations,Manager,2021-05-19,1089990,3,No,Bachelor,Married,5,Yes,4,Bengaluru
432,Employee 432,Female,37,Marketing,Specialist,2022-03-24,1535403,3,No,Bachelor,Single,4,Yes,4,Mumbai
433,Employee 433,Female,31,Marketing,Specialist,2016-11-08,1600669,1,No,Bachelor,Married,9,Yes,2,Chennai
434,Employee 434,Male,51,HR,Associate,2021-06-20,1773765,5,Yes,Bachelor,Married,5,No,1,Mumbai
435,Employee 435,Male,45,Operations,Specialist,2020-03-29,1261854,1,No,Master,Married,6,No,4,Delhi
436,Employee 436,Male,37,Finance,Engineer,2026-06-16,1776296,3,Yes,Bachelor,Single,0,No,3,Chennai
437,Employee 437,Female,49,Support,Analyst,2016-06-11,447733,2,No,Diploma,Married,10,Yes,1,Pune
438,Employee 438,Female,41,Finance,Analyst,2024-01-10,281821,5,Yes,Bachelor,Married,2,Yes,1,Ahmedabad
439,Employee 439,Male,24,Finance,Associate,2024-01-20,1712029,5,No,Bachelor,Single,2,No,1,Chennai
440,Employee 440,Male,33,HR,Analyst,2023-05-07,970212,1,No,Bachelor,Married,3,Yes,4,Bengaluru
441,Employee 441,Male,45,Support,Analyst,2017-04-18,314649,1,No,Diploma,Married,9,Yes,4,Bengaluru
442,Employee 442,Female,37,IT,Executive,2026-03-09,1419840,2,No,Diploma,Single,0,No,1,Delhi
443,Employee 443,Female,30,Finance,Manager,2026-04-11,762961,2,No,Bachelor,Single,0,No,2,Chennai
444,Employee 444,Female,36,IT,Manager,2026-01-26,1790019,4,No,Bachelor,Married,0,No,3,Delhi
445,Employee 445,Male,31,IT,Associate,2022-10-22,976947,3,No,Bachelor,Married,3,Yes,2,Chennai
446,Employee 446,Female,22,Support,Executive,2016-05-15,317891,3,No,Bachelor,Married,2,No,1,Hyderabad
447,Employee 447,Female,41,Support,Manager,2023-02-18,675083,2,No,Bachelor,Single,3,No,4,Ahmedabad
448,Employee 448,Female,59,HR,Analyst,2020-04-23,1539561,5,No,Master,Married,6,No,3,Pune
449,Employee 449,Female,44,Sales,Executive,2025-11-22,1413430,1,No,Diploma,Single,0,Yes,4,Ahmedabad
450,Employee 450,Male,25,Support,Manager,2023-02-17,591326,1,No,Master,Married,3,Yes,3,Pune
451,Employee 451,Female,57,Support,Manager,2024-08-28,433053,4,Yes,Bachelor,Married,1,No,1,Pune
452,Employee 452,Female,46,Marketing,Specialist,2019-07-10,1574789,2,No,Diploma,Single,6,Yes,1,Chennai
453,Employee 453,Female,57,Sales,Analyst,2021-08-26,1578878,4,No,Bachelor,Single,4,Yes,4,Bengaluru
454,Employee 454,Female,33,Finance,Analyst,2023-01-29,1547472,5,Yes,Master,Married,3,No,5,Hyderabad
455,Employee 455,Female,38,Marketing,Executive,2018-11-26,1572108,1,No,Diploma,Single,7,No,1,Delhi
456,Employee 456,Male,30,Marketing,Executive,2019-07-23,812981,1,No,Bachelor,Married,6,Yes,4,Ahmedabad
457,Employee 457,Male,34,Support,Engineer,2018-01-04,1094031,3,Yes,Master,Single,8,Yes,5,Delhi
458,Employee 458,Female,32,Sales,Manager,2015-07-18,847153,3,No,Bachelor,Married,10,No,3,Bengaluru
459,Employee 459,Male,36,IT,Manager,2019-11-10,1385950,1,No,Master,Married,6,Yes,2,Delhi
460,Employee 460,Male,49,HR,Analyst,2022-06-21,1567308,1,No,Bachelor,Single,4,Yes,4,Mumbai
461,Employee 461,Female,42,Sales,Manager,2021-07-16,1726451,1,No,Diploma,Single,4,Yes,2,Delhi
462,Employee 462,Male,59,Support,Analyst,2025-02-05,779091,5,Yes,Bachelor,Married,1,Yes,3,Hyderabad
463,Employee 463,Female,41,Sales,Executive,2023-07-29,1742140,4,No,Master,Married,2,Yes,3,Ahmedabad
464,Employee 464,Female,27,Operations,Analyst,2018-05-05,570745,1,No,Bachelor,Married,7,No,5,Pune
465,Employee 465,Male,33,Finance,Analyst,2016-08-08,576578,2,No,Master,Married,9,No,2,Chennai
466,Employee 466,Male,58,HR,Specialist,2023-01-13,328441,2,No,Bachelor,Married,3,No,2,Bengaluru
467,Employee 467,Male,44,Finance,Associate,2016-07-11,620195,1,No,Master,Single,9,Yes,5,Hyderabad
468,Employee 468,Female,38,Support,Manager,2020-02-24,358899,1,No,Diploma,Single,6,No,4,Mumbai
469,Employee 469,Male,28,HR,Executive,2018-01-09,276375,5,No,Diploma,Married,8,Yes,5,Hyderabad
470,Employee 470,Female,45,Operations,Manager,2021-06-02,624090,4,Yes,Master,Married,5,Yes,5,Delhi
471,Employee 471,Female,40,Sales,Associate,2018-09-06,1075098,2,No,Diploma,Married,7,Yes,5,Bengaluru
472,Employee 472,Male,49,Operations,Specialist,2021-05-11,1611846,3,No,Diploma,Married,5,No,5,Hyderabad
473,Employee 473,Male,33,Finance,Engineer,2019-11-06,1621993,5,No,Diploma,Single,6,No,3,Bengaluru
474,Employee 474,Male,36,Operations,Analyst,2020-05-02,407417,4,No,Bachelor,Married,6,No,4,Hyderabad
475,Employee 475,Male,60,Sales,Associate,2024-10-09,1792103,5,No,Diploma,Married,1,Yes,4,Chennai
476,Employee 476,Female,50,HR,Engineer,2024-09-01,1492412,4,No,Diploma,Married,1,Yes,5,Chennai
477,Employee 477,Male,31,Support,Analyst,2016-02-28,894769,4,No,Master,Married,10,Yes,5,Hyderabad
478,Employee 478,Female,49,Finance,Specialist,2023-08-12,703849,1,No,Master,Single,2,Yes,5,Ahmedabad
479,Employee 479,Male,58,Operations,Analyst,2016-03-19,1188759,3,No,Bachelor,Married,10,No,1,Ahmedabad
480,Employee 480,Male,32,Marketing,Specialist,2024-09-22,1547856,1,Yes,Master,Married,1,Yes,5,Pune
481,Employee 481,Male,21,HR,Analyst,2016-09-18,1389600,1,Yes,Diploma,Single,1,No,5,Chennai
482,Employee 482,Male,33,Finance,Manager,2020-03-05,1671443,4,No,Diploma,Married,6,No,2,Hyderabad
483,Employee 483,Male,55,IT,Engineer,2020-06-03,1575487,4,Yes,Bachelor,Married,6,No,5,Delhi
484,Employee 484,Male,40,Support,Manager,2015-05-17,343301,2,No,Master,Married,11,No,3,Pune
485,Employee 485,Female,34,Marketing,Executive,2019-10-07,1757123,1,No,Master,Single,6,Yes,5,Bengaluru
486,Employee 486,Female,31,Sales,Analyst,2016-05-03,583114,5,No,Master,Single,10,No,4,Pune
487,Employee 487,Female,58,Marketing,Executive,2025-02-19,695158,1,No,Bachelor,Married,1,No,2,Mumbai
488,Employee 488,Male,47,Support,Associate,2026-03-13,328917,1,Yes,Diploma,Single,0,No,4,Chennai
489,Employee 489,Male,26,Marketing,Engineer,2023-05-16,348547,3,No,Master,Married,3,Yes,3,Ahmedabad
490,Employee 490,Female,34,Support,Associate,2024-08-17,1321636,5,No,Master,Single,1,No,5,Mumbai
491,Employee 491,Male,49,Marketing,Engineer,2026-05-25,1356577,1,No,Bachelor,Single,0,Yes,4,Pune
492,Employee 492,Female,41,Operations,Associate,2015-10-10,871658,1,No,Bachelor,Married,10,Yes,5,Delhi
493,Employee 493,Female,54,IT,Engineer,2016-01-18,373185,1,No,Bachelor,Married,10,Yes,4,Chennai
494,Employee 494,Female,34,Sales,Analyst,2025-01-27,479490,4,No,Master,Married,1,No,5,Mumbai
495,Employee 495,Male,43,Support,Associate,2025-02-11,579307,5,No,Master,Married,1,Yes,3,Mumbai
496,Employee 496,Female,23,Sales,Specialist,2021-12-07,1416881,5,Yes,Diploma,Single,3,Yes,3,Bengaluru
497,Employee 497,Male,54,IT,Manager,2023-08-17,576079,2,No,Diploma,Single,2,Yes,5,Pune
498,Employee 498,Female,34,Sales,Executive,2023-09-17,1020014,4,No,Diploma,Married,2,No,2,Bengaluru
499,Employee 499,Male,26,Finance,Engineer,2019-11-12,421178,3,Yes,Bachelor,Married,6,No,4,Chennai
500,Employee 500,Male,29,Finance,Analyst,2015-01-20,1287545,3,No,Diploma,Married,9,No,2,Mumbai
501,Employee 501,Female,48,Operations,Specialist,2021-02-20,876514,2,No,Master,Single,5,Yes,3,Mumbai
502,Employee 502,Male,26,HR,Analyst,2020-12-06,1394429,1,No,Master,Married,5,No,1,Pune
503,Employee 503,Female,29,Operations,Engineer,2015-05-13,636197,1,No,Bachelor,Married,9,Yes,4,Chennai
504,Employee 504,Male,38,Support,Specialist,2026-04-15,413083,2,No,Master,Married,0,No,1,Pune
505,Employee 505,Female,24,Marketing,Executive,2017-08-20,1469797,4,Yes,Master,Married,4,Yes,3,Hyderabad
506,Employee 506,Female,33,Marketing,Analyst,2019-11-24,1677648,2,No,Bachelor,Married,6,No,2,Mumbai
507,Employee 507,Male,29,HR,Specialist,2023-07-29,1207713,5,No,Master,Single,2,Yes,2,Ahmedabad
508,Employee 508,Male,34,IT,Engineer,2016-06-08,735253,3,No,Master,Single,10,No,2,Mumbai
509,Employee 509,Female,43,Sales,Specialist,2017-07-30,840118,4,No,Master,Married,8,Yes,4,Bengaluru
510,Employee 510,Male,46,IT,Executive,2024-12-10,1250317,2,Yes,Master,Married,1,No,4,Ahmedabad
511,Employee 511,Male,21,Support,Associate,2017-12-29,739986,5,No,Diploma,Married,1,Yes,3,Mumbai
512,Employee 512,Female,52,HR,Associate,2023-10-01,385009,5,No,Bachelor,Married,2,Yes,2,Mumbai
513,Employee 513,Female,24,Marketing,Executive,2015-05-13,1515008,2,No,Bachelor,Single,4,Yes,1,Chennai
514,Employee 514,Male,22,Operations,Analyst,2017-12-14,864672,1,No,Bachelor,Single,2,Yes,4,Pune
515,Employee 515,Female,50,Finance,Engineer,2024-09-25,443652,1,No,Diploma,Married,1,No,2,Hyderabad
516,Employee 516,Male,24,IT,Executive,2022-02-02,736132,2,No,Master,Single,4,No,3,Bengaluru
517,Employee 517,Female,51,IT,Manager,2018-08-22,930344,3,No,Diploma,Single,7,Yes,3,Delhi
518,Employee 518,Female,52,IT,Engineer,2019-02-18,667851,4,No,Diploma,Single,7,Yes,2,Bengaluru
519,Employee 519,Male,50,Finance,Associate,2018-10-11,1484822,5,No,Bachelor,Married,7,No,4,Bengaluru
520,Employee 520,Female,42,IT,Associate,2019-02-06,1433907,3,Yes,Diploma,Married,7,Yes,5,Chennai
521,Employee 521,Female,57,Support,Analyst,2018-08-26,1380603,4,No,Master,Married,7,No,4,Mumbai
522,Employee 522,Male,27,Marketing,Manager,2016-06-07,394901,2,No,Diploma,Single,7,Yes,5,Bengaluru
523,Employee 523,Female,44,HR,Executive,2015-12-10,393214,3,No,Bachelor,Married,10,No,2,Chennai
524,Employee 524,Male,31,HR,Analyst,2021-12-23,1465573,2,No,Diploma,Single,4,Yes,5,Chennai
525,Employee 525,Male,53,IT,Specialist,2024-06-09,1667301,4,No,Bachelor,Married,2,Yes,3,Chennai
526,Employee 526,Female,52,IT,Associate,2021-05-11,1428934,3,No,Diploma,Single,5,No,3,Hyderabad
527,Employee 527,Female,58,Marketing,Analyst,2022-01-09,1267268,1,No,Master,Single,4,Yes,4,Hyderabad
528,Employee 528,Male,26,HR,Specialist,2020-05-21,308124,4,No,Diploma,Married,6,No,1,Hyderabad
529,Employee 529,Female,29,Support,Manager,2016-11-13,1028447,5,No,Master,Married,9,Yes,5,Pune
530,Employee 530,Female,42,Support,Engineer,2019-08-01,576673,2,No,Master,Single,6,Yes,3,Chennai
531,Employee 531,Male,52,Marketing,Analyst,2022-11-16,1076687,5,No,Master,Married,3,No,2,Mumbai
532,Employee 532,Female,44,Operations,Associate,2021-04-10,319771,3,No,Diploma,Married,5,Yes,4,Chennai
533,Employee 533,Male,46,Finance,Engineer,2023-04-26,913740,4,No,Diploma,Married,3,No,1,Pune
534,Employee 534,Male,58,Operations,Specialist,2019-07-09,1693648,5,Yes,Bachelor,Married,6,No,1,Ahmedabad
535,Employee 535,Male,24,Sales,Engineer,2017-09-02,561504,5,No,Master,Single,4,Yes,3,Delhi
536,Employee 536,Male,58,Marketing,Associate,2021-09-29,951962,3,No,Diploma,Single,4,Yes,1,Delhi
537,Employee 537,Female,59,Sales,Engineer,2020-02-24,860543,3,No,Master,Single,6,Yes,5,Mumbai
538,Employee 538,Female,60,Marketing,Associate,2021-05-31,406349,4,No,Bachelor,Single,5,Yes,4,Bengaluru
539,Employee 539,Female,42,Operations,Executive,2018-04-21,1130694,5,No,Bachelor,Married,8,No,4,Chennai
540,Employee 540,Female,42,Operations,Manager,2015-01-16,1182188,1,No,Diploma,Married,11,No,3,Delhi
541,Employee 541,Male,55,IT,Executive,2015-05-29,600762,2,No,Bachelor,Single,11,No,5,Mumbai
542,Employee 542,Male,60,HR,Manager,2024-10-03,1603327,1,Yes,Diploma,Single,1,Yes,3,Chennai
543,Employee 543,Female,34,Support,Analyst,2015-04-21,683351,3,No,Diploma,Married,11,No,1,Hyderabad
544,Employee 544,Female,50,IT,Executive,2026-06-12,711087,5,No,Bachelor,Married,0,No,3,Mumbai
545,Employee 545,Female,21,HR,Executive,2025-08-03,1242567,4,Yes,Bachelor,Married,0,No,3,Mumbai
546,Employee 546,Female,55,IT,Manager,2022-03-14,852405,3,No,Diploma,Married,4,Yes,5,Bengaluru
547,Employee 547,Male,36,IT,Specialist,2022-09-17,888154,3,No,Master,Single,3,No,1,Chennai
548,Employee 548,Female,29,Finance,Executive,2024-06-13,1709907,1,No,Bachelor,Single,2,Yes,4,Delhi
549,Employee 549,Male,23,Marketing,Analyst,2022-11-22,934738,5,Yes,Bachelor,Married,3,Yes,4,Pune
550,Employee 550,Male,33,Marketing,Executive,2018-06-30,483718,1,No,Bachelor,Single,8,Yes,5,Delhi
551,Employee 551,Male,35,HR,Specialist,2021-12-02,1201580,1,No,Diploma,Single,4,No,4,Mumbai
552,Employee 552,Female,54,Sales,Executive,2015-10-12,1096617,3,No,Bachelor,Married,10,No,1,Pune
553,Employee 553,Male,29,Support,Analyst,2018-10-08,504285,5,No,Bachelor,Married,7,No,4,Hyderabad
554,Employee 554,Male,52,Operations,Engineer,2017-08-31,1261683,2,No,Diploma,Married,8,Yes,3,Mumbai
555,Employee 555,Male,58,Support,Specialist,2025-11-27,357212,4,No,Master,Single,0,Yes,5,Chennai
556,Employee 556,Female,38,Finance,Associate,2019-04-22,978563,1,No,Diploma,Single,7,Yes,1,Hyderabad
557,Employee 557,Male,39,Marketing,Manager,2015-08-12,1771304,4,No,Diploma,Married,10,Yes,5,Chennai
558,Employee 558,Female,50,Marketing,Engineer,2022-06-17,1418502,5,No,Diploma,Married,4,Yes,4,Chennai
559,Employee 559,Male,49,HR,Manager,2017-01-21,364682,3,No,Diploma,Married,9,No,1,Bengaluru
560,Employee 560,Female,44,Finance,Analyst,2025-08-17,632596,3,Yes,Diploma,Single,0,No,3,Ahmedabad
561,Employee 561,Female,42,Operations,Analyst,2016-07-14,550936,4,Yes,Bachelor,Single,9,No,4,Delhi
562,Employee 562,Male,38,Sales,Associate,2024-03-01,413272,1,No,Bachelor,Single,2,Yes,2,Pune
563,Employee 563,Male,43,Finance,Associate,2024-01-26,967473,3,No,Master,Married,2,Yes,4,Bengaluru
564,Employee 564,Male,46,Operations,Manager,2025-12-25,750769,2,Yes,Bachelor,Married,0,Yes,2,Hyderabad
565,Employee 565,Female,26,Support,Analyst,2022-02-03,1019497,5,Yes,Master,Single,4,Yes,2,Ahmedabad
566,Employee 566,Female,44,Operations,Associate,2018-11-10,1678764,2,No,Master,Single,7,Yes,2,Hyderabad
567,Employee 567,Male,37,HR,Associate,2026-01-08,1784183,2,No,Diploma,Single,0,No,5,Delhi
568,Employee 568,Male,34,IT,Associate,2017-07-24,600511,4,No,Master,Married,8,No,4,Mumbai
569,Employee 569,Female,30,IT,Executive,2016-05-16,1066004,2,No,Diploma,Single,10,No,1,Delhi
570,Employee 570,Female,32,HR,Engineer,2020-02-12,1084091,3,No,Master,Married,6,Yes,5,Pune
571,Employee 571,Male,46,HR,Associate,2024-08-03,835617,5,No,Master,Married,1,No,1,Pune
572,Employee 572,Female,26,Support,Manager,2020-02-06,1008579,3,No,Bachelor,Married,6,Yes,1,Ahmedabad
573,Employee 573,Male,56,IT,Engineer,2019-04-05,1292353,5,No,Master,Married,7,No,1,Pune
574,Employee 574,Female,51,Support,Analyst,2017-11-08,1224176,1,No,Master,Married,8,Yes,1,Chennai
575,Employee 575,Female,38,Sales,Manager,2015-03-30,1227599,5,No,Bachelor,Married,11,Yes,1,Bengaluru
576,Employee 576,Male,30,Finance,Specialist,2017-04-29,626523,3,Yes,Diploma,Married,9,Yes,2,Ahmedabad
577,Employee 577,Male,29,Operations,Associate,2020-10-18,1342352,2,Yes,Master,Married,5,Yes,3,Mumbai
578,Employee 578,Male,34,HR,Engineer,2022-04-13,1688719,1,No,Master,Married,4,No,1,Hyderabad
579,Employee 579,Male,34,HR,Executive,2017-05-07,1002646,5,Yes,Diploma,Single,9,Yes,5,Hyderabad
580,Employee 580,Female,34,Operations,Analyst,2020-10-09,1228160,1,Yes,Master,Single,5,Yes,5,Delhi
581,Employee 581,Male,46,Sales,Associate,2020-10-06,413373,3,No,Master,Single,5,No,3,Hyderabad
582,Employee 582,Male,50,Sales,Analyst,2022-06-27,1369965,2,No,Diploma,Single,4,Yes,3,Ahmedabad
583,Employee 583,Male,23,Finance,Manager,2016-12-14,1567988,1,Yes,Master,Married,3,No,1,Mumbai
584,Employee 584,Male,35,Finance,Engineer,2023-02-02,1391353,2,No,Bachelor,Married,3,Yes,2,Mumbai
585,Employee 585,Male,51,Support,Analyst,2017-10-18,307467,5,Yes,Master,Married,8,No,5,Chennai
586,Employee 586,Male,27,Marketing,Engineer,2018-03-24,398614,5,No,Master,Single,7,No,2,Pune
587,Employee 587,Female,25,IT,Associate,2022-01-21,808246,5,No,Bachelor,Single,4,Yes,3,Pune
588,Employee 588,Female,60,Marketing,Engineer,2018-07-18,510339,3,No,Diploma,Married,7,No,4,Hyderabad
589,Employee 589,Female,24,Support,Analyst,2018-05-19,741794,3,No,Master,Married,4,No,2,Chennai
590,Employee 590,Male,32,IT,Executive,2025-04-22,1199668,3,No,Bachelor,Married,1,Yes,5,Delhi
591,Employee 591,Male,52,Finance,Executive,2025-10-14,991762,1,No,Master,Married,0,No,1,Bengaluru
592,Employee 592,Male,57,HR,Specialist,2021-09-16,324363,3,No,Bachelor,Single,4,Yes,5,Hyderabad
593,Employee 593,Male,48,Finance,Analyst,2019-03-09,681074,3,No,Diploma,Single,7,No,2,Chennai
594,Employee 594,Male,52,Marketing,Specialist,2018-01-16,541639,4,No,Bachelor,Single,8,Yes,2,Delhi
595,Employee 595,Male,27,Support,Executive,2015-08-11,669356,1,No,Bachelor,Married,7,No,3,Delhi
596,Employee 596,Male,36,Support,Analyst,2019-12-12,1571358,2,No,Diploma,Single,6,No,3,Mumbai
597,Employee 597,Male,31,Finance,Executive,2018-05-27,1023192,3,No,Diploma,Married,8,No,1,Chennai
598,Employee 598,Male,54,Support,Specialist,2024-02-01,738200,2,No,Bachelor,Single,2,Yes,3,Pune
599,Employee 599,Female,52,HR,Engineer,2021-11-28,589232,3,No,Master,Single,4,No,2,Hyderabad
600,Employee 600,Female,49,HR,Specialist,2016-02-29,1316196,4,Yes,Diploma,Single,10,No,4,Pune
601,Employee 601,Female,60,Operations,Analyst,2018-01-28,678220,1,No,Master,Married,8,Yes,2,Pune
602,Employee 602,Male,38,HR,Analyst,2022-02-26,1103183,1,No,Master,Married,4,Yes,4,Hyderabad
603,Employee 603,Female,49,Support,Executive,2023-06-15,1225573,4,No,Diploma,Single,3,No,5,Delhi
604,Employee 604,Female,58,HR,Analyst,2024-12-10,1567591,5,No,Bachelor,Married,1,No,5,Ahmedabad
605,Employee 605,Male,33,Operations,Associate,2016-01-02,1520044,4,No,Master,Married,10,Yes,5,Bengaluru
606,Employee 606,Female,26,Finance,Engineer,2017-09-21,998137,4,No,Diploma,Married,6,Yes,5,Hyderabad
607,Employee 607,Female,29,Marketing,Manager,2023-03-01,1658604,5,No,Bachelor,Married,3,Yes,5,Chennai
608,Employee 608,Female,55,Finance,Manager,2021-03-21,361320,4,No,Bachelor,Single,5,Yes,3,Bengaluru
609,Employee 609,Male,45,IT,Associate,2023-08-17,586579,5,No,Diploma,Married,2,Yes,4,Delhi
610,Employee 610,Female,27,Sales,Engineer,2024-07-16,568436,1,No,Bachelor,Married,1,Yes,4,Mumbai
611,Employee 611,Female,42,Finance,Specialist,2017-09-17,461592,3,No,Master,Married,8,Yes,5,Ahmedabad
612,Employee 612,Female,40,Sales,Engineer,2025-07-15,1315537,2,No,Master,Married,0,Yes,4,Chennai
613,Employee 613,Female,42,Operations,Associate,2017-07-14,376090,3,No,Bachelor,Married,8,No,1,Bengaluru
614,Employee 614,Male,37,Marketing,Analyst,2022-03-06,1516701,3,Yes,Bachelor,Married,4,Yes,1,Ahmedabad
615,Employee 615,Female,49,IT,Engineer,2023-06-29,370652,4,No,Diploma,Single,3,Yes,3,Ahmedabad
616,Employee 616,Male,41,Sales,Manager,2024-01-04,626069,1,No,Diploma,Single,2,Yes,4,Bengaluru
617,Employee 617,Female,42,Operations,Manager,2017-10-28,1132188,1,No,Diploma,Married,8,No,2,Mumbai
618,Employee 618,Female,36,HR,Engineer,2024-03-27,645466,3,No,Master,Single,2,Yes,5,Bengaluru
619,Employee 619,Female,26,HR,Manager,2022-06-05,1693964,3,No,Diploma,Married,4,No,2,Hyderabad
620,Employee 620,Male,49,Sales,Engineer,2021-08-08,367958,5,No,Diploma,Single,4,No,4,Mumbai
621,Employee 621,Female,40,Finance,Manager,2018-08-22,1601393,3,No,Diploma,Married,7,Yes,4,Chennai
622,Employee 622,Female,26,Marketing,Manager,2018-04-05,684592,3,No,Diploma,Married,6,Yes,3,Delhi
623,Employee 623,Male,49,Marketing,Engineer,2020-03-23,1114641,5,No,Diploma,Single,6,Yes,4,Hyderabad
624,Employee 624,Male,42,Sales,Manager,2017-04-11,767868,4,No,Master,Single,9,No,2,Mumbai
625,Employee 625,Female,30,Marketing,Manager,2018-11-23,1591619,3,Yes,Bachelor,Married,7,Yes,3,Ahmedabad
626,Employee 626,Female,30,Support,Engineer,2023-03-18,778291,5,No,Diploma,Single,3,No,4,Chennai
627,Employee 627,Female,56,HR,Analyst,2021-09-24,1700450,5,Yes,Bachelor,Married,4,No,2,Delhi
628,Employee 628,Male,21,Marketing,Manager,2018-05-29,686969,1,No,Master,Single,1,Yes,5,Hyderabad
629,Employee 629,Male,34,IT,Manager,2020-03-28,901922,5,No,Diploma,Single,6,No,2,Chennai
630,Employee 630,Male,27,Support,Analyst,2015-01-29,1051103,4,Yes,Diploma,Single,7,No,5,Delhi
631,Employee 631,Male,29,Support,Associate,2015-12-22,1001602,1,No,Master,Single,9,Yes,2,Mumbai
632,Employee 632,Male,29,Finance,Analyst,2021-05-13,501243,2,No,Bachelor,Married,5,No,3,Hyderabad
633,Employee 633,Male,38,Support,Specialist,2022-11-29,1608924,2,No,Master,Single,3,Yes,2,Chennai
634,Employee 634,Male,22,IT,Engineer,2025-09-12,1441978,5,No,Master,Single,0,No,5,Delhi
635,Employee 635,Female,29,HR,Specialist,2018-12-17,1434937,2,No,Diploma,Married,7,Yes,5,Ahmedabad
636,Employee 636,Female,39,HR,Analyst,2017-10-20,417183,3,No,Bachelor,Single,8,Yes,4,Bengaluru
637,Employee 637,Female,38,HR,Executive,2024-01-09,1434035,1,No,Diploma,Single,2,No,3,Ahmedabad
638,Employee 638,Male,32,Operations,Specialist,2018-05-15,1615740,1,No,Master,Married,8,No,3,Ahmedabad
639,Employee 639,Male,50,Operations,Associate,2022-06-27,1415165,3,No,Master,Married,4,Yes,2,Ahmedabad
640,Employee 640,Male,55,Support,Analyst,2018-03-23,812068,1,No,Bachelor,Married,8,No,3,Delhi
641,Employee 641,Male,38,IT,Specialist,2021-09-07,878653,3,No,Diploma,Married,4,No,5,Delhi
642,Employee 642,Male,27,IT,Associate,2017-11-25,1189766,5,No,Master,Married,7,Yes,5,Delhi
643,Employee 643,Female,58,Finance,Specialist,2025-08-24,795414,5,No,Diploma,Single,0,Yes,4,Ahmedabad
644,Employee 644,Male,56,IT,Manager,2020-12-14,996629,1,No,Bachelor,Single,5,No,1,Delhi
645,Employee 645,Female,28,Operations,Engineer,2016-09-26,1054705,2,No,Diploma,Married,8,Yes,3,Pune
646,Employee 646,Female,53,IT,Manager,2018-11-01,936672,3,No,Diploma,Single,7,Yes,5,Ahmedabad
647,Employee 647,Male,21,Support,Executive,2022-12-05,1497226,4,No,Master,Married,1,Yes,1,Ahmedabad
648,Employee 648,Male,40,IT,Analyst,2021-06-04,1049879,4,No,Bachelor,Single,5,Yes,3,Hyderabad
649,Employee 649,Male,42,HR,Manager,2022-06-11,660021,1,No,Master,Single,4,Yes,2,Bengaluru
650,Employee 650,Male,32,IT,Specialist,2020-05-12,1128441,5,No,Bachelor,Single,6,Yes,4,Pune
651,Employee 651,Female,34,Support,Manager,2019-10-08,952331,3,No,Bachelor,Single,6,No,5,Delhi
652,Employee 652,Male,26,Finance,Analyst,2025-07-26,1351039,4,No,Diploma,Single,0,No,1,Ahmedabad
653,Employee 653,Male,46,Finance,Engineer,2025-11-18,1293610,3,No,Diploma,Married,0,Yes,1,Pune
654,Employee 654,Male,45,Support,Executive,2020-06-11,801485,3,No,Diploma,Single,6,Yes,1,Delhi
655,Employee 655,Male,36,Sales,Associate,2018-03-06,442226,5,Yes,Bachelor,Married,8,Yes,1,Ahmedabad
656,Employee 656,Female,31,HR,Associate,2020-03-27,1499975,1,No,Bachelor,Married,6,No,4,Hyderabad
657,Employee 657,Male,55,Operations,Associate,2024-07-23,1190560,5,No,Diploma,Married,1,No,2,Ahmedabad
658,Employee 658,Male,23,Operations,Analyst,2017-03-31,589444,2,No,Master,Single,3,No,5,Bengaluru
659,Employee 659,Female,42,Operations,Specialist,2022-01-27,533669,1,No,Bachelor,Married,4,No,5,Delhi
660,Employee 660,Male,47,Sales,Manager,2015-11-15,1608676,5,Yes,Bachelor,Married,10,No,2,Mumbai
661,Employee 661,Female,29,Marketing,Analyst,2024-04-28,842432,1,No,Diploma,Single,2,No,1,Delhi
662,Employee 662,Male,42,Marketing,Executive,2021-02-28,1518820,2,No,Diploma,Single,5,No,3,Mumbai
663,Employee 663,Female,31,Sales,Associate,2018-03-12,1466096,2,No,Diploma,Single,8,No,3,Chennai
664,Employee 664,Female,35,HR,Manager,2019-11-10,621815,4,No,Diploma,Single,6,Yes,4,Bengaluru
665,Employee 665,Female,48,Operations,Manager,2017-08-29,1545075,4,No,Master,Married,8,Yes,3,Ahmedabad
666,Employee 666,Female,57,Sales,Specialist,2024-01-30,397881,5,No,Master,Single,2,No,4,Pune
667,Employee 667,Female,57,HR,Analyst,2022-09-22,334215,1,No,Master,Single,3,No,4,Bengaluru
668,Employee 668,Female,37,HR,Specialist,2020-01-10,496374,3,No,Master,Single,6,Yes,5,Mumbai
669,Employee 669,Male,40,Marketing,Specialist,2019-12-12,818496,1,No,Master,Married,6,Yes,3,Ahmedabad
670,Employee 670,Female,43,Operations,Analyst,2023-02-16,1078072,1,No,Diploma,Married,3,No,4,Bengaluru
671,Employee 671,Male,28,Operations,Specialist,2023-02-03,1339572,2,No,Bachelor,Single,3,Yes,2,Ahmedabad
672,Employee 672,Female,31,Marketing,Specialist,2022-12-21,1037674,5,No,Bachelor,Married,3,No,5,Mumbai
673,Employee 673,Female,22,Finance,Manager,2025-03-04,479793,2,No,Master,Single,1,Yes,5,Chennai
674,Employee 674,Female,56,Sales,Specialist,2018-12-21,691983,4,No,Diploma,Married,7,No,2,Mumbai
675,Employee 675,Male,47,Support,Executive,2016-04-27,639363,3,No,Master,Single,10,No,5,Bengaluru
676,Employee 676,Female,27,Operations,Associate,2021-03-31,1361384,2,No,Bachelor,Single,5,Yes,4,Delhi
677,Employee 677,Female,28,Support,Executive,2018-07-19,612863,2,No,Bachelor,Single,7,No,5,Ahmedabad
678,Employee 678,Female,25,Support,Specialist,2025-08-15,668080,2,No,Master,Married,0,Yes,5,Hyderabad
679,Employee 679,Female,33,HR,Engineer,2020-03-19,339916,4,No,Bachelor,Single,6,No,3,Ahmedabad
680,Employee 680,Male,21,HR,Engineer,2025-03-23,1022601,3,No,Diploma,Married,1,No,3,Delhi
681,Employee 681,Female,60,Finance,Analyst,2015-09-12,456308,2,No,Master,Single,10,Yes,1,Delhi
682,Employee 682,Male,55,HR,Analyst,2025-06-06,1671731,3,No,Diploma,Single,1,No,5,Pune
683,Employee 683,Female,42,IT,Specialist,2015-08-12,1351988,4,No,Bachelor,Single,10,Yes,3,Bengaluru
684,Employee 684,Male,29,IT,Executive,2023-03-09,1031212,4,Yes,Master,Single,3,Yes,2,Mumbai
685,Employee 685,Female,48,Finance,Engineer,2024-10-31,1116437,4,No,Master,Single,1,No,2,Delhi
686,Employee 686,Male,30,Sales,Associate,2024-05-11,1035872,3,No,Master,Married,2,No,2,Ahmedabad
687,Employee 687,Male,21,Operations,Manager,2015-12-13,1106150,4,Yes,Bachelor,Single,1,No,4,Delhi
688,Employee 688,Male,59,Finance,Manager,2025-06-17,442262,3,Yes,Master,Single,1,Yes,1,Ahmedabad
689,Employee 689,Male,36,Support,Manager,2021-02-19,1056627,1,Yes,Diploma,Married,5,No,1,Chennai
690,Employee 690,Female,28,Marketing,Executive,2018-02-07,751996,4,Yes,Master,Single,8,Yes,5,Chennai
691,Employee 691,Male,46,Marketing,Analyst,2020-10-20,1184709,3,Yes,Bachelor,Single,5,Yes,3,Delhi
692,Employee 692,Male,27,Operations,Manager,2024-09-22,1316299,2,No,Master,Married,1,No,5,Pune
693,Employee 693,Female,33,Finance,Engineer,2024-04-29,1030308,1,Yes,Master,Married,2,Yes,1,Mumbai
694,Employee 694,Male,48,Finance,Manager,2016-05-26,614874,5,No,Diploma,Married,10,No,5,Mumbai
695,Employee 695,Male,58,Sales,Manager,2025-10-31,1225371,1,No,Master,Married,0,Yes,2,Delhi
696,Employee 696,Male,40,Marketing,Analyst,2025-05-25,972823,3,No,Master,Married,1,No,4,Pune
697,Employee 697,Female,47,Marketing,Executive,2018-11-10,1487535,2,No,Diploma,Married,7,No,5,Delhi
698,Employee 698,Female,43,IT,Analyst,2016-02-04,1333299,1,Yes,Master,Single,10,Yes,4,Delhi
699,Employee 699,Female,54,Support,Associate,2024-01-22,1365355,3,No,Master,Married,2,No,4,Mumbai
700,Employee 700,Female,55,Operations,Analyst,2025-04-02,1122999,4,No,Bachelor,Single,1,No,3,Bengaluru
701,Employee 701,Female,55,Operations,Associate,2025-07-06,1272349,5,No,Diploma,Married,0,Yes,1,Chennai
702,Employee 702,Male,21,Operations,Analyst,2025-07-23,805304,3,No,Bachelor,Single,0,No,1,Mumbai
703,Employee 703,Female,26,Operations,Engineer,2025-11-16,1562796,2,No,Bachelor,Single,0,Yes,3,Ahmedabad
704,Employee 704,Female,33,Operations,Specialist,2023-01-17,541705,2,No,Master,Single,3,Yes,5,Hyderabad
705,Employee 705,Female,29,Operations,Analyst,2016-08-27,1710487,3,Yes,Bachelor,Single,9,No,2,Chennai
706,Employee 706,Female,58,IT,Associate,2019-01-20,1038924,1,No,Bachelor,Single,7,No,3,Chennai
707,Employee 707,Female,50,IT,Associate,2021-11-20,1660347,1,No,Bachelor,Married,4,Yes,3,Ahmedabad
708,Employee 708,Male,32,Finance,Executive,2019-05-04,790889,5,No,Diploma,Single,7,No,3,Delhi
709,Employee 709,Female,52,Sales,Associate,2024-12-24,1189419,1,No,Bachelor,Married,1,No,5,Ahmedabad
710,Employee 710,Male,29,Sales,Engineer,2019-08-04,993709,1,No,Master,Married,6,Yes,4,Ahmedabad
711,Employee 711,Female,35,IT,Specialist,2019-05-23,1410252,1,No,Master,Married,7,No,1,Pune
712,Employee 712,Female,31,Marketing,Executive,2019-06-21,1097773,5,No,Bachelor,Married,7,No,2,Bengaluru
713,Employee 713,Male,49,Finance,Engineer,2023-01-05,699761,2,No,Master,Married,3,Yes,2,Chennai
714,Employee 714,Male,27,Finance,Engineer,2023-12-10,256396,3,Yes,Bachelor,Single,2,No,1,Bengaluru
715,Employee 715,Female,31,Marketing,Executive,2017-04-12,510217,3,No,Bachelor,Single,9,Yes,1,Chennai
716,Employee 716,Female,38,HR,Manager,2024-12-09,740364,5,No,Diploma,Single,1,No,2,Chennai
717,Employee 717,Female,38,Support,Associate,2018-08-15,1675914,2,No,Master,Single,7,No,1,Chennai
718,Employee 718,Male,50,Finance,Analyst,2019-11-06,711655,5,No,Diploma,Married,6,Yes,1,Delhi
719,Employee 719,Female,35,Finance,Engineer,2019-08-01,1280787,5,No,Diploma,Married,6,No,4,Mumbai
720,Employee 720,Male,56,HR,Specialist,2018-04-11,1491286,4,Yes,Master,Married,8,Yes,4,Hyderabad
721,Employee 721,Female,25,IT,Manager,2017-10-15,400070,2,No,Diploma,Single,5,Yes,5,Mumbai
722,Employee 722,Female,39,Support,Manager,2021-07-15,953694,1,No,Master,Married,4,Yes,1,Delhi
723,Employee 723,Female,59,Operations,Engineer,2017-07-10,1013896,5,No,Bachelor,Married,8,No,1,Hyderabad
724,Employee 724,Female,42,Sales,Manager,2026-05-15,1546239,4,No,Diploma,Single,0,No,4,Bengaluru
725,Employee 725,Male,52,Support,Executive,2023-07-23,465968,5,No,Diploma,Married,2,Yes,1,Chennai
726,Employee 726,Female,27,IT,Specialist,2024-05-20,1239179,5,No,Master,Single,2,No,2,Chennai
727,Employee 727,Male,25,Support,Engineer,2021-12-08,1056942,4,No,Master,Married,4,Yes,2,Mumbai
728,Employee 728,Male,48,HR,Specialist,2021-02-02,1203675,1,No,Master,Married,5,No,2,Ahmedabad
729,Employee 729,Female,42,IT,Associate,2016-10-23,1427282,2,No,Master,Single,9,No,4,Chennai
730,Employee 730,Female,39,HR,Executive,2024-10-11,1293733,5,No,Bachelor,Single,1,No,4,Pune
731,Employee 731,Male,47,HR,Engineer,2017-10-02,474414,1,No,Diploma,Single,8,Yes,1,Bengaluru
732,Employee 732,Male,51,Operations,Specialist,2015-11-30,406700,5,No,Master,Single,10,Yes,4,Ahmedabad
733,Employee 733,Female,30,Finance,Engineer,2015-08-11,1356598,4,No,Bachelor,Single,10,No,3,Delhi
734,Employee 734,Male,59,Finance,Manager,2018-02-26,1141923,2,No,Bachelor,Single,8,Yes,2,Pune
735,Employee 735,Male,57,Marketing,Engineer,2018-10-12,523418,3,No,Master,Married,7,Yes,5,Ahmedabad
736,Employee 736,Male,52,Finance,Executive,2016-07-19,1421863,1,No,Diploma,Married,9,No,1,Pune
737,Employee 737,Female,47,Finance,Executive,2019-04-18,755350,5,Yes,Diploma,Single,7,No,4,Chennai
738,Employee 738,Female,40,IT,Executive,2021-09-05,904154,1,No,Master,Single,4,No,4,Delhi
739,Employee 739,Male,53,Marketing,Engineer,2016-11-06,1153749,1,No,Master,Married,9,No,2,Hyderabad
740,Employee 740,Female,51,Marketing,Executive,2019-01-18,1773081,2,No,Diploma,Married,7,No,3,Pune
741,Employee 741,Female,58,Finance,Engineer,2025-03-06,1065483,4,No,Bachelor,Single,1,No,5,Delhi
742,Employee 742,Male,25,IT,Engineer,2016-12-06,994294,4,No,Bachelor,Married,5,No,4,Pune
743,Employee 743,Female,28,Sales,Analyst,2025-10-14,854419,1,No,Master,Married,0,No,2,Chennai
744,Employee 744,Female,21,Marketing,Associate,2016-11-22,608247,3,No,Bachelor,Married,1,No,5,Ahmedabad
745,Employee 745,Female,25,HR,Engineer,2020-04-28,670013,1,Yes,Bachelor,Married,5,Yes,3,Pune
746,Employee 746,Female,42,Marketing,Executive,2017-04-11,580704,2,Yes,Master,Married,9,Yes,5,Chennai
747,Employee 747,Male,43,Support,Engineer,2015-08-01,680141,2,No,Bachelor,Single,10,No,2,Hyderabad
748,Employee 748,Female,40,HR,Manager,2026-06-30,782340,2,No,Diploma,Single,0,No,2,Hyderabad
749,Employee 749,Male,33,Sales,Executive,2015-10-21,881372,3,No,Bachelor,Single,10,No,2,Ahmedabad
750,Employee 750,Male,43,Operations,Executive,2022-05-30,1630062,4,No,Master,Single,4,No,5,Bengaluru
751,Employee 751,Female,53,Operations,Executive,2023-04-15,1273997,3,No,Master,Single,3,No,2,Hyderabad
752,Employee 752,Male,36,Operations,Executive,2016-09-02,1327250,1,No,Master,Single,9,Yes,4,Chennai
753,Employee 753,Male,44,Support,Executive,2023-11-23,1051649,5,No,Master,Married,2,Yes,5,Hyderabad
754,Employee 754,Male,50,Operations,Associate,2022-09-24,934034,2,No,Diploma,Single,3,Yes,4,Mumbai
755,Employee 755,Female,33,Finance,Manager,2025-02-08,1587179,2,No,Master,Single,1,No,3,Pune
756,Employee 756,Female,29,HR,Specialist,2024-07-01,710330,1,No,Diploma,Married,2,Yes,3,Delhi
757,Employee 757,Female,55,Operations,Manager,2023-12-01,982357,1,No,Diploma,Married,2,Yes,4,Ahmedabad
758,Employee 758,Male,25,Sales,Engineer,2015-09-17,1017376,1,No,Master,Married,5,No,1,Bengaluru
759,Employee 759,Male,22,Sales,Manager,2019-06-27,1521600,2,No,Diploma,Single,2,No,4,Delhi
760,Employee 760,Female,59,Sales,Analyst,2016-08-22,555023,3,Yes,Master,Single,9,Yes,3,Pune
761,Employee 761,Female,34,Operations,Associate,2024-01-04,904049,2,No,Master,Single,2,No,1,Pune
762,Employee 762,Female,36,Marketing,Executive,2020-09-14,945417,4,Yes,Bachelor,Married,5,No,1,Chennai
763,Employee 763,Male,57,Marketing,Analyst,2026-05-08,1777235,4,No,Diploma,Single,0,No,5,Mumbai
764,Employee 764,Female,53,HR,Executive,2023-04-15,1743588,3,No,Master,Single,3,No,2,Bengaluru
765,Employee 765,Female,26,Support,Specialist,2022-09-12,284473,3,No,Master,Single,3,No,4,Delhi
766,Employee 766,Female,45,HR,Executive,2018-02-18,519503,2,No,Master,Single,8,Yes,5,Ahmedabad
767,Employee 767,Male,48,Operations,Engineer,2026-02-27,322407,5,No,Diploma,Single,0,No,2,Delhi
768,Employee 768,Male,31,Finance,Manager,2023-09-21,1553470,5,No,Diploma,Married,2,Yes,5,Delhi
769,Employee 769,Male,30,HR,Specialist,2020-02-26,749192,4,No,Master,Single,6,No,4,Chennai
770,Employee 770,Female,23,Support,Manager,2026-05-22,1039351,3,No,Master,Single,0,Yes,4,Mumbai
771,Employee 771,Male,31,Sales,Manager,2021-10-17,1349045,4,No,Bachelor,Married,4,Yes,4,Pune
772,Employee 772,Male,50,Marketing,Associate,2019-01-10,1282997,1,No,Master,Single,7,Yes,2,Delhi
773,Employee 773,Male,24,HR,Specialist,2021-04-23,1653049,1,No,Diploma,Married,4,No,1,Pune
774,Employee 774,Female,21,HR,Associate,2024-01-10,288224,5,Yes,Master,Single,1,No,4,Bengaluru
775,Employee 775,Male,47,Support,Specialist,2025-07-22,555755,3,No,Diploma,Single,0,Yes,4,Pune
776,Employee 776,Male,34,Sales,Specialist,2015-03-02,872355,1,No,Diploma,Married,11,Yes,3,Bengaluru
777,Employee 777,Male,53,Support,Manager,2025-03-25,1445685,2,No,Bachelor,Single,1,No,5,Chennai
778,Employee 778,Female,53,HR,Engineer,2020-04-10,546042,2,No,Master,Single,6,No,1,Pune
779,Employee 779,Male,43,Operations,Executive,2025-04-19,1154642,5,No,Diploma,Married,1,Yes,5,Bengaluru
780,Employee 780,Male,47,Finance,Engineer,2022-07-08,835678,2,No,Diploma,Single,3,No,5,Delhi
781,Employee 781,Male,38,Sales,Manager,2024-11-29,507598,2,No,Diploma,Married,1,No,4,Pune
782,Employee 782,Male,39,Marketing,Associate,2026-05-21,1729305,4,Yes,Master,Married,0,No,4,Mumbai
783,Employee 783,Male,50,Support,Executive,2019-02-12,1274332,1,Yes,Bachelor,Single,7,Yes,3,Delhi
784,Employee 784,Female,39,Finance,Executive,2015-10-27,1544013,5,No,Master,Single,10,No,3,Chennai
785,Employee 785,Male,31,Operations,Executive,2015-03-13,474856,1,No,Diploma,Single,11,No,4,Delhi
786,Employee 786,Male,54,Finance,Executive,2017-05-25,1397154,2,No,Diploma,Single,9,Yes,2,Pune
787,Employee 787,Female,25,Sales,Executive,2016-08-15,653182,3,No,Bachelor,Married,5,Yes,5,Pune
788,Employee 788,Female,48,IT,Engineer,2021-03-15,941882,4,No,Master,Married,5,No,4,Bengaluru
789,Employee 789,Female,57,Operations,Manager,2023-10-14,659987,3,No,Master,Single,2,No,3,Chennai
790,Employee 790,Female,51,Marketing,Manager,2015-12-10,821984,1,Yes,Master,Single,10,Yes,5,Delhi
791,Employee 791,Female,50,IT,Specialist,2021-08-13,1252999,5,No,Master,Married,4,No,4,Bengaluru
792,Employee 792,Female,54,HR,Engineer,2023-08-10,1359746,2,No,Bachelor,Married,2,No,1,Mumbai
793,Employee 793,Male,37,HR,Engineer,2015-09-07,1732620,1,Yes,Bachelor,Single,10,No,1,Hyderabad
794,Employee 794,Male,59,Finance,Engineer,2017-09-02,1738946,2,No,Diploma,Married,8,Yes,3,Bengaluru
795,Employee 795,Male,27,HR,Executive,2022-07-29,255903,3,No,Diploma,Married,3,No,5,Mumbai
796,Employee 796,Male,24,HR,Analyst,2023-05-16,399847,5,Yes,Bachelor,Married,3,Yes,4,Pune
797,Employee 797,Female,57,Finance,Associate,2018-09-08,1225509,1,No,Master,Married,7,No,2,Mumbai
798,Employee 798,Male,53,HR,Engineer,2019-10-05,1722199,1,No,Master,Married,6,Yes,2,Bengaluru
799,Employee 799,Female,30,Operations,Engineer,2025-08-07,1704845,5,No,Diploma,Single,0,No,4,Hyderabad
800,Employee 800,Male,48,IT,Engineer,2020-12-06,1747326,1,No,Diploma,Married,5,Yes,2,Delhi
801,Employee 801,Male,26,IT,Associate,2025-10-30,979012,5,No,Bachelor,Single,0,No,3,Pune
802,Employee 802,Female,41,Sales,Analyst,2017-11-03,1332782,5,No,Master,Married,8,No,4,Chennai
803,Employee 803,Male,23,IT,Analyst,2022-11-01,406381,1,No,Master,Single,3,Yes,3,Pune
804,Employee 804,Female,27,Sales,Engineer,2015-06-09,476329,2,No,Diploma,Married,7,Yes,2,Mumbai
805,Employee 805,Male,30,HR,Analyst,2025-02-22,1539717,2,No,Master,Married,1,Yes,3,Ahmedabad
806,Employee 806,Female,45,Marketing,Specialist,2016-07-03,1648857,1,No,Master,Married,10,No,2,Mumbai
807,Employee 807,Female,59,Marketing,Analyst,2019-09-08,1000348,4,No,Bachelor,Married,6,Yes,5,Chennai
808,Employee 808,Male,59,HR,Specialist,2016-06-27,1173769,4,Yes,Diploma,Single,10,Yes,5,Ahmedabad
809,Employee 809,Female,41,Operations,Executive,2022-04-03,534533,2,No,Master,Single,4,Yes,2,Mumbai
810,Employee 810,Male,58,Operations,Engineer,2026-03-12,1697812,3,No,Master,Married,0,No,5,Hyderabad
811,Employee 811,Male,36,Sales,Manager,2025-06-13,1772801,1,No,Master,Single,1,No,5,Bengaluru
812,Employee 812,Male,58,Operations,Manager,2020-06-08,947558,2,Yes,Diploma,Married,6,No,3,Delhi
813,Employee 813,Female,32,Operations,Associate,2019-07-17,1410345,5,No,Master,Married,6,Yes,5,Hyderabad
814,Employee 814,Female,41,Sales,Associate,2023-01-05,1383455,2,No,Diploma,Married,3,No,5,Chennai
815,Employee 815,Male,41,Support,Specialist,2020-06-06,919914,3,Yes,Bachelor,Married,6,No,5,Pune
816,Employee 816,Female,45,Support,Analyst,2026-03-21,1161624,3,No,Bachelor,Single,0,No,1,Ahmedabad
817,Employee 817,Male,21,HR,Specialist,2020-03-26,1166106,2,Yes,Master,Single,1,Yes,5,Bengaluru
818,Employee 818,Male,40,Sales,Engineer,2024-02-03,1792701,5,No,Bachelor,Married,2,No,3,Mumbai
819,Employee 819,Male,47,Marketing,Analyst,2017-12-19,1323979,3,No,Diploma,Single,8,No,2,Pune
820,Employee 820,Female,54,Operations,Executive,2025-04-17,1794196,4,No,Diploma,Married,1,No,2,Pune
821,Employee 821,Male,45,Marketing,Engineer,2026-02-14,1466407,2,No,Diploma,Single,0,No,5,Ahmedabad
822,Employee 822,Female,57,Finance,Associate,2017-08-03,250033,5,No,Master,Single,8,Yes,2,Mumbai
823,Employee 823,Female,43,Operations,Analyst,2021-12-21,1031331,4,No,Master,Single,4,No,1,Chennai
824,Employee 824,Male,37,Marketing,Engineer,2018-11-04,1618697,2,No,Diploma,Single,7,No,4,Ahmedabad
825,Employee 825,Male,57,Operations,Associate,2015-12-20,753352,2,No,Master,Married,10,No,2,Pune
826,Employee 826,Female,21,Marketing,Associate,2016-07-20,1421289,4,No,Bachelor,Single,1,Yes,5,Pune
827,Employee 827,Male,29,Finance,Analyst,2015-08-10,1515149,5,Yes,Diploma,Single,9,Yes,4,Chennai
828,Employee 828,Male,59,Marketing,Associate,2020-07-04,333419,4,No,Master,Single,5,Yes,3,Bengaluru
829,Employee 829,Male,58,Finance,Analyst,2020-08-21,347464,1,No,Bachelor,Single,5,No,4,Bengaluru
830,Employee 830,Female,38,Sales,Engineer,2025-02-17,844955,2,No,Bachelor,Single,1,Yes,3,Bengaluru
831,Employee 831,Male,53,Support,Associate,2017-09-17,294598,4,No,Master,Single,8,Yes,1,Bengaluru
832,Employee 832,Male,40,Sales,Analyst,2024-11-29,1484161,3,No,Diploma,Married,1,No,3,Chennai
833,Employee 833,Male,44,Finance,Associate,2015-03-12,667450,1,No,Master,Married,11,Yes,4,Ahmedabad
834,Employee 834,Female,56,IT,Associate,2023-09-15,1764267,1,No,Bachelor,Single,2,Yes,2,Ahmedabad
835,Employee 835,Male,26,Sales,Associate,2021-04-05,1010245,2,No,Master,Single,5,Yes,3,Bengaluru
836,Employee 836,Male,26,Operations,Analyst,2024-03-29,1673675,1,No,Master,Single,2,No,5,Pune
837,Employee 837,Female,25,IT,Associate,2024-01-09,923546,5,No,Diploma,Single,2,No,5,Pune
838,Employee 838,Male,37,Operations,Associate,2019-03-25,1081598,3,No,Master,Single,7,Yes,2,Pune
839,Employee 839,Male,54,Support,Manager,2018-09-14,1593085,2,No,Bachelor,Single,7,No,5,Bengaluru
840,Employee 840,Female,52,Marketing,Specialist,2020-02-07,992996,4,No,Bachelor,Married,6,No,3,Mumbai
841,Employee 841,Male,60,IT,Executive,2019-06-09,533262,5,No,Master,Single,7,Yes,1,Delhi
842,Employee 842,Female,32,Support,Analyst,2019-05-14,410227,5,No,Master,Married,7,No,2,Delhi
843,Employee 843,Male,21,Marketing,Associate,2017-09-26,1588747,3,No,Master,Single,1,No,2,Pune
844,Employee 844,Male,29,Support,Engineer,2021-03-16,1700414,5,No,Bachelor,Married,5,No,4,Delhi
845,Employee 845,Male,27,IT,Analyst,2025-06-26,446592,3,No,Bachelor,Married,1,Yes,4,Chennai
846,Employee 846,Male,31,Finance,Manager,2024-02-23,1355535,2,No,Bachelor,Single,2,No,5,Delhi
847,Employee 847,Female,53,Operations,Executive,2021-09-23,1040150,3,No,Bachelor,Single,4,Yes,1,Ahmedabad
848,Employee 848,Male,59,IT,Executive,2018-10-13,878154,3,No,Diploma,Single,7,Yes,5,Mumbai
849,Employee 849,Female,26,HR,Associate,2019-09-07,1259980,5,No,Diploma,Single,6,Yes,1,Ahmedabad
850,Employee 850,Female,24,IT,Associate,2020-06-15,1610109,2,Yes,Master,Single,4,No,1,Bengaluru
851,Employee 851,Female,57,Operations,Manager,2018-07-17,1397228,4,No,Bachelor,Single,7,No,2,Mumbai
852,Employee 852,Male,30,Support,Engineer,2016-08-28,491099,5,Yes,Diploma,Married,9,No,1,Delhi
853,Employee 853,Male,35,HR,Specialist,2016-03-02,1785548,3,No,Master,Married,10,Yes,1,Ahmedabad
854,Employee 854,Female,44,Finance,Manager,2017-02-19,992736,2,No,Bachelor,Single,9,No,4,Bengaluru
855,Employee 855,Female,29,HR,Executive,2018-05-18,1200876,5,No,Bachelor,Single,8,No,5,Bengaluru
856,Employee 856,Male,21,Finance,Analyst,2021-03-09,483800,4,Yes,Bachelor,Married,1,No,2,Mumbai
857,Employee 857,Female,21,IT,Analyst,2015-12-22,761325,1,Yes,Bachelor,Single,1,Yes,2,Mumbai
858,Employee 858,Male,37,Finance,Analyst,2017-08-24,485299,1,No,Bachelor,Married,8,No,2,Ahmedabad
859,Employee 859,Female,58,Marketing,Analyst,2019-01-12,795933,3,Yes,Master,Married,7,Yes,4,Hyderabad
860,Employee 860,Female,45,Marketing,Associate,2024-10-03,316691,4,No,Master,Married,1,Yes,5,Mumbai
861,Employee 861,Female,23,Finance,Analyst,2019-02-11,865971,4,No,Diploma,Married,3,No,1,Hyderabad
862,Employee 862,Male,25,HR,Specialist,2020-07-09,384231,2,No,Bachelor,Married,5,No,3,Hyderabad
863,Employee 863,Female,27,Operations,Analyst,2019-07-03,561722,5,Yes,Bachelor,Married,7,Yes,4,Pune
864,Employee 864,Female,34,Support,Executive,2019-09-25,1283291,5,No,Master,Single,6,No,1,Bengaluru
865,Employee 865,Male,51,Support,Engineer,2017-08-27,1344864,5,No,Bachelor,Single,8,Yes,3,Ahmedabad
866,Employee 866,Female,50,Operations,Engineer,2019-04-19,1171596,5,No,Master,Married,7,No,5,Chennai
867,Employee 867,Female,57,Marketing,Specialist,2020-05-22,648844,2,No,Master,Married,6,No,4,Delhi
868,Employee 868,Female,29,Operations,Specialist,2015-03-21,782101,3,No,Bachelor,Single,9,Yes,4,Delhi
869,Employee 869,Female,37,Finance,Associate,2022-12-30,1748964,4,No,Bachelor,Married,3,Yes,2,Delhi
870,Employee 870,Female,28,HR,Specialist,2018-02-12,1502489,4,No,Diploma,Single,8,No,2,Delhi
871,Employee 871,Female,23,Operations,Specialist,2024-02-09,750928,4,Yes,Bachelor,Single,2,Yes,1,Mumbai
872,Employee 872,Female,48,Sales,Associate,2017-12-16,711926,3,Yes,Bachelor,Single,8,No,1,Ahmedabad
873,Employee 873,Male,43,Marketing,Manager,2019-05-12,1790846,3,No,Master,Single,7,No,1,Delhi
874,Employee 874,Female,44,Sales,Executive,2022-09-29,1669745,2,Yes,Master,Single,3,No,2,Chennai
875,Employee 875,Female,49,IT,Engineer,2020-08-22,1276897,2,No,Bachelor,Single,5,Yes,3,Pune
876,Employee 876,Female,21,Sales,Specialist,2025-04-05,461558,2,No,Master,Single,1,No,1,Ahmedabad
877,Employee 877,Male,59,Sales,Specialist,2021-12-13,1164715,4,No,Master,Single,4,No,1,Chennai
878,Employee 878,Male,38,Support,Associate,2019-10-24,1150060,3,No,Bachelor,Single,6,No,1,Mumbai
879,Employee 879,Female,56,HR,Analyst,2024-10-08,535615,2,No,Bachelor,Married,1,No,5,Delhi
880,Employee 880,Female,42,Finance,Analyst,2019-09-25,509818,1,No,Diploma,Single,6,No,4,Delhi
881,Employee 881,Female,37,Support,Executive,2026-04-11,588415,2,Yes,Diploma,Married,0,Yes,1,Ahmedabad
882,Employee 882,Male,27,Finance,Analyst,2015-10-03,1032673,4,No,Master,Married,7,Yes,1,Bengaluru
883,Employee 883,Female,37,Operations,Executive,2016-02-05,1553627,3,No,Diploma,Married,10,Yes,3,Ahmedabad
884,Employee 884,Male,45,Finance,Analyst,2017-08-19,500761,3,No,Master,Single,8,Yes,3,Delhi
885,Employee 885,Male,36,Marketing,Specialist,2023-08-27,865438,1,No,Diploma,Married,2,No,5,Hyderabad
886,Employee 886,Female,38,Sales,Manager,2022-02-24,1463168,1,No,Master,Married,4,No,2,Delhi
887,Employee 887,Female,60,Support,Associate,2026-04-02,691646,1,No,Bachelor,Single,0,No,3,Ahmedabad
888,Employee 888,Female,26,HR,Engineer,2022-03-25,532004,4,No,Master,Married,4,No,4,Ahmedabad
889,Employee 889,Female,23,IT,Executive,2023-11-01,979571,3,No,Bachelor,Single,2,No,3,Delhi
890,Employee 890,Female,42,Support,Executive,2016-07-12,1054782,2,No,Bachelor,Single,9,No,3,Ahmedabad
891,Employee 891,Female,33,Operations,Engineer,2016-03-25,809865,4,No,Diploma,Single,10,Yes,4,Hyderabad
892,Employee 892,Female,38,Operations,Manager,2016-03-09,258592,3,Yes,Bachelor,Married,10,No,5,Mumbai
893,Employee 893,Male,45,Sales,Analyst,2016-01-18,1637167,1,No,Master,Married,10,No,4,Delhi
894,Employee 894,Male,59,Operations,Associate,2024-11-27,749018,4,No,Bachelor,Married,1,Yes,5,Delhi
895,Employee 895,Male,51,Sales,Manager,2023-03-19,1743763,4,Yes,Master,Married,3,No,1,Mumbai
896,Employee 896,Male,60,IT,Analyst,2021-09-19,1338079,2,No,Bachelor,Married,4,Yes,2,Chennai
897,Employee 897,Female,45,Sales,Manager,2018-02-14,1483607,2,No,Bachelor,Married,8,Yes,1,Hyderabad
898,Employee 898,Male,46,Sales,Executive,2025-05-30,477653,1,No,Master,Married,1,No,5,Bengaluru
899,Employee 899,Female,25,Finance,Engineer,2017-07-10,1537369,3,No,Master,Married,5,Yes,1,Delhi
900,Employee 900,Female,25,IT,Analyst,2020-09-29,787301,5,No,Diploma,Single,5,Yes,5,Bengaluru
901,Employee 901,Female,24,Finance,Executive,2025-03-28,1741447,5,No,Master,Single,1,No,4,Hyderabad
902,Employee 902,Female,36,Marketing,Associate,2024-03-04,1735650,2,No,Master,Married,2,No,5,Chennai
903,Employee 903,Female,41,IT,Manager,2021-12-05,1175093,3,No,Master,Married,4,No,4,Bengaluru
904,Employee 904,Male,33,Operations,Specialist,2023-10-16,1154780,1,No,Bachelor,Married,2,Yes,2,Mumbai
905,Employee 905,Female,31,Sales,Manager,2015-10-06,624360,1,No,Diploma,Single,10,No,5,Delhi
906,Employee 906,Female,24,Support,Engineer,2021-02-28,765321,3,No,Bachelor,Married,4,No,5,Mumbai
907,Employee 907,Female,37,Support,Associate,2021-07-08,1145648,5,Yes,Bachelor,Married,4,Yes,3,Mumbai
908,Employee 908,Female,22,IT,Manager,2023-06-11,1055423,1,No,Diploma,Single,2,No,5,Hyderabad
909,Employee 909,Male,37,HR,Engineer,2016-09-11,1621954,1,No,Diploma,Married,9,No,5,Ahmedabad
910,Employee 910,Female,60,Sales,Analyst,2023-04-20,1784621,1,No,Bachelor,Single,3,Yes,3,Hyderabad
911,Employee 911,Female,34,Sales,Specialist,2018-03-31,1048940,1,No,Master,Single,8,Yes,1,Mumbai
912,Employee 912,Male,52,IT,Manager,2018-06-18,1310586,1,No,Master,Married,8,No,2,Delhi
913,Employee 913,Female,26,HR,Specialist,2016-11-12,1106788,3,Yes,Bachelor,Married,6,Yes,5,Chennai
914,Employee 914,Female,50,Support,Associate,2022-09-07,612401,1,No,Bachelor,Single,3,No,2,Mumbai
915,Employee 915,Female,22,Operations,Engineer,2021-10-13,1082484,5,No,Diploma,Single,2,Yes,3,Chennai
916,Employee 916,Female,38,Finance,Analyst,2015-06-15,1313816,1,No,Diploma,Single,11,No,2,Ahmedabad
917,Employee 917,Female,49,HR,Manager,2015-11-04,866862,1,No,Diploma,Married,10,No,5,Hyderabad
918,Employee 918,Male,36,Operations,Analyst,2016-02-15,883212,5,No,Diploma,Single,10,Yes,1,Delhi
919,Employee 919,Male,55,Operations,Engineer,2016-01-10,1231324,5,Yes,Master,Single,10,No,4,Bengaluru
920,Employee 920,Female,55,Support,Executive,2024-12-29,1720908,4,No,Diploma,Married,1,Yes,1,Mumbai
921,Employee 921,Female,58,Finance,Manager,2022-07-08,1243681,3,No,Bachelor,Married,3,No,3,Mumbai
922,Employee 922,Female,35,Support,Manager,2019-09-20,1318953,4,No,Diploma,Single,6,Yes,5,Chennai
923,Employee 923,Male,44,Finance,Specialist,2021-06-04,382712,3,No,Bachelor,Married,5,No,5,Pune
924,Employee 924,Male,25,HR,Specialist,2017-06-23,1672616,3,No,Bachelor,Married,5,No,3,Delhi
925,Employee 925,Male,59,Marketing,Analyst,2024-03-21,1669722,2,No,Bachelor,Married,2,Yes,3,Hyderabad
926,Employee 926,Female,59,IT,Analyst,2021-10-19,410605,3,No,Bachelor,Single,4,No,3,Hyderabad
927,Employee 927,Male,59,Operations,Associate,2020-05-14,382306,2,No,Master,Married,6,Yes,1,Bengaluru
928,Employee 928,Male,53,Support,Specialist,2016-06-15,783747,4,No,Diploma,Married,10,Yes,1,Ahmedabad
929,Employee 929,Female,48,Sales,Specialist,2021-06-26,773297,5,No,Bachelor,Single,5,No,3,Mumbai
930,Employee 930,Female,43,Operations,Analyst,2021-08-20,549564,2,No,Master,Married,4,Yes,3,Chennai
931,Employee 931,Male,21,HR,Specialist,2019-09-30,995753,3,No,Bachelor,Married,1,Yes,3,Mumbai
932,Employee 932,Female,49,Sales,Specialist,2016-12-26,361817,1,No,Bachelor,Married,9,Yes,3,Pune
933,Employee 933,Female,37,Sales,Engineer,2018-02-03,1062082,2,No,Diploma,Single,8,Yes,4,Mumbai
934,Employee 934,Female,60,Finance,Analyst,2018-05-01,1311620,3,No,Bachelor,Married,8,Yes,2,Chennai
935,Employee 935,Female,21,Finance,Engineer,2015-05-16,1566678,2,No,Diploma,Married,1,No,5,Mumbai
936,Employee 936,Male,57,IT,Analyst,2021-09-20,571673,1,No,Bachelor,Married,4,Yes,5,Pune
937,Employee 937,Male,43,Marketing,Engineer,2025-07-07,1278390,2,Yes,Master,Single,0,Yes,2,Bengaluru
938,Employee 938,Male,30,Operations,Associate,2024-10-04,918380,5,No,Diploma,Single,1,No,5,Hyderabad
939,Employee 939,Female,50,IT,Analyst,2017-07-24,1008053,1,No,Bachelor,Married,8,Yes,5,Ahmedabad
940,Employee 940,Male,26,Support,Associate,2024-04-17,1441269,3,Yes,Diploma,Married,2,No,3,Bengaluru
941,Employee 941,Female,22,IT,Associate,2015-09-14,1659254,5,No,Bachelor,Single,2,Yes,5,Ahmedabad
942,Employee 942,Male,40,Sales,Engineer,2018-04-03,1035980,4,No,Diploma,Married,8,No,1,Pune
943,Employee 943,Male,30,IT,Analyst,2020-07-16,1630696,2,No,Master,Married,5,Yes,1,Pune
944,Employee 944,Male,45,Marketing,Specialist,2024-12-09,875806,4,No,Master,Single,1,Yes,1,Mumbai
945,Employee 945,Female,41,Operations,Engineer,2017-12-14,1497283,5,No,Diploma,Married,8,Yes,5,Bengaluru
946,Employee 946,Female,24,Marketing,Manager,2025-03-30,952129,3,No,Master,Married,1,Yes,3,Pune
947,Employee 947,Female,40,Sales,Executive,2019-02-07,332699,3,No,Bachelor,Single,7,No,5,Mumbai
948,Employee 948,Male,43,HR,Manager,2019-12-08,652215,4,No,Master,Single,6,Yes,5,Hyderabad
949,Employee 949,Female,21,Finance,Analyst,2022-07-15,657950,3,Yes,Diploma,Single,1,No,2,Chennai
950,Employee 950,Female,39,Operations,Associate,2019-06-11,583585,3,No,Diploma,Single,7,No,3,Chennai
951,Employee 951,Male,23,Sales,Executive,2026-06-03,653456,5,No,Bachelor,Single,0,No,2,Mumbai
952,Employee 952,Female,51,HR,Manager,2019-02-27,1058428,2,Yes,Master,Single,7,Yes,1,Hyderabad
953,Employee 953,Female,45,Operations,Engineer,2018-02-18,1333857,5,No,Master,Married,8,No,2,Chennai
954,Employee 954,Female,32,Sales,Manager,2020-11-10,608770,2,No,Master,Married,5,No,1,Delhi
955,Employee 955,Male,46,Sales,Specialist,2023-01-16,1501698,2,No,Master,Single,3,No,2,Bengaluru
956,Employee 956,Male,49,Finance,Analyst,2024-11-06,792846,1,No,Bachelor,Single,1,Yes,4,Bengaluru
957,Employee 957,Male,28,Support,Associate,2015-10-30,704082,1,No,Master,Married,8,Yes,1,Chennai
958,Employee 958,Female,57,Sales,Engineer,2020-12-30,1782159,1,No,Diploma,Single,5,Yes,3,Ahmedabad
959,Employee 959,Female,55,Support,Manager,2022-08-30,854632,2,No,Master,Single,3,Yes,1,Bengaluru
960,Employee 960,Male,48,Sales,Associate,2020-05-05,306904,2,No,Diploma,Single,6,Yes,2,Chennai
961,Employee 961,Male,40,Support,Analyst,2022-04-11,1790944,4,No,Diploma,Single,4,Yes,1,Ahmedabad
962,Employee 962,Female,48,Finance,Executive,2019-07-19,1033033,2,No,Master,Single,6,Yes,2,Mumbai
963,Employee 963,Female,55,IT,Manager,2022-09-28,1086748,5,No,Diploma,Married,3,No,1,Bengaluru
964,Employee 964,Male,60,HR,Engineer,2018-01-30,530020,5,No,Diploma,Single,8,Yes,3,Ahmedabad
965,Employee 965,Male,59,HR,Manager,2017-11-14,1010890,5,No,Diploma,Single,8,Yes,5,Delhi
966,Employee 966,Female,57,Marketing,Specialist,2023-10-18,1373692,5,No,Bachelor,Single,2,Yes,5,Mumbai
967,Employee 967,Male,32,Sales,Engineer,2015-10-16,325348,1,No,Master,Single,10,No,2,Bengaluru
968,Employee 968,Female,44,Support,Executive,2016-04-04,1461164,5,No,Bachelor,Single,10,No,2,Delhi
969,Employee 969,Female,32,Finance,Executive,2024-04-06,1745221,3,Yes,Diploma,Married,2,Yes,2,Delhi
970,Employee 970,Female,48,Finance,Associate,2024-10-28,367252,4,No,Master,Married,1,No,2,Mumbai
971,Employee 971,Female,32,IT,Specialist,2022-05-20,1602357,1,Yes,Diploma,Single,4,Yes,1,Pune
972,Employee 972,Female,41,HR,Specialist,2026-03-27,998495,2,No,Bachelor,Married,0,Yes,2,Delhi
973,Employee 973,Male,48,IT,Specialist,2022-04-24,1450468,5,No,Bachelor,Single,4,Yes,3,Pune
974,Employee 974,Female,24,Finance,Executive,2017-07-21,1516712,1,Yes,Master,Married,4,No,4,Mumbai
975,Employee 975,Female,22,HR,Executive,2021-04-02,1298591,5,No,Master,Single,2,No,4,Hyderabad
976,Employee 976,Male,27,HR,Manager,2022-06-20,308886,1,No,Master,Single,4,Yes,5,Mumbai
977,Employee 977,Male,37,Finance,Associate,2019-06-27,420001,3,No,Diploma,Single,7,No,1,Delhi
978,Employee 978,Female,38,Sales,Analyst,2019-09-05,755976,3,No,Bachelor,Single,6,No,5,Delhi
979,Employee 979,Female,33,Marketing,Manager,2021-12-13,788510,2,No,Bachelor,Single,4,No,4,Mumbai
980,Employee 980,Female,47,Support,Executive,2023-06-28,1001970,3,No,Diploma,Married,3,No,5,Bengaluru
981,Employee 981,Female,38,Finance,Analyst,2021-03-22,654593,4,No,Master,Single,5,No,2,Delhi
982,Employee 982,Female,46,Marketing,Analyst,2024-09-07,1612465,2,No,Master,Married,1,No,1,Ahmedabad
983,Employee 983,Male,45,IT,Associate,2019-09-26,1674438,5,No,Bachelor,Married,6,No,5,Ahmedabad
984,Employee 984,Female,29,Operations,Engineer,2015-01-01,1796809,2,No,Diploma,Single,9,No,3,Mumbai
985,Employee 985,Female,29,Marketing,Associate,2018-11-20,1071162,3,No,Diploma,Married,7,Yes,3,Bengaluru
986,Employee 986,Female,41,Operations,Associate,2024-06-08,1008395,1,Yes,Master,Married,2,No,5,Bengaluru
987,Employee 987,Female,40,Support,Specialist,2015-09-09,1505520,2,Yes,Master,Single,10,No,5,Hyderabad
988,Employee 988,Female,27,Finance,Manager,2020-08-10,1112520,1,No,Master,Single,5,Yes,1,Chennai
989,Employee 989,Female,30,Finance,Executive,2023-02-27,1613077,1,No,Diploma,Married,3,Yes,4,Pune
990,Employee 990,Female,44,IT,Analyst,2022-08-29,1513740,2,No,Bachelor,Married,3,No,4,Ahmedabad
991,Employee 991,Female,58,Finance,Specialist,2015-05-07,609443,1,No,Bachelor,Single,11,No,3,Bengaluru
992,Employee 992,Male,47,Finance,Specialist,2015-11-17,1492013,4,No,Master,Married,10,Yes,3,Chennai
993,Employee 993,Female,57,HR,Associate,2019-09-03,444265,5,No,Master,Married,6,Yes,3,Delhi
994,Employee 994,Male,47,Marketing,Analyst,2015-07-13,643780,2,No,Master,Single,10,No,4,Ahmedabad
995,Employee 995,Male,32,Finance,Associate,2020-12-03,695748,5,No,Bachelor,Single,5,No,4,Pune
996,Employee 996,Female,35,Support,Engineer,2015-12-26,1677065,1,No,Bachelor,Married,10,Yes,2,Pune
997,Employee 997,Male,33,HR,Analyst,2025-11-11,579984,3,No,Master,Single,0,Yes,5,Bengaluru
998,Employee 998,Male,46,Sales,Executive,2024-07-25,1444722,4,No,Master,Single,1,No,4,Hyderabad
999,Employee 999,Male,40,HR,Engineer,2018-06-27,793148,3,Yes,Master,Married,8,Yes,4,Hyderabad
1000,Employee 1000,Female,29,Finance,Specialist,2025-08-17,810733,3,No,Diploma,Married,0,No,5,Mumbai
1001,Employee 1001,Male,26,Sales,Manager,2021-03-08,871876,2,No,Diploma,Married,5,No,1,Delhi
1002,Employee 1002,Female,24,IT,Engineer,2019-09-20,1427056,5,Yes,Diploma,Single,4,Yes,3,Bengaluru
1003,Employee 1003,Male,60,HR,Manager,2020-10-26,1302139,5,No,Master,Single,5,Yes,4,Ahmedabad
1004,Employee 1004,Male,43,Sales,Specialist,2018-06-07,929009,3,Yes,Master,Single,8,No,5,Pune
1005,Employee 1005,Female,52,HR,Specialist,2023-10-20,427543,1,No,Bachelor,Married,2,Yes,2,Delhi
1006,Employee 1006,Female,40,Finance,Executive,2025-12-27,1272303,4,Yes,Bachelor,Married,0,No,3,Bengaluru
1007,Employee 1007,Male,53,Finance,Manager,2021-09-05,777539,1,No,Diploma,Single,4,No,4,Hyderabad
1008,Employee 1008,Male,55,HR,Executive,2024-02-14,1178513,3,No,Bachelor,Single,2,Yes,5,Mumbai
1009,Employee 1009,Female,44,Sales,Engineer,2021-10-05,1504288,1,No,Master,Single,4,Yes,2,Ahmedabad
1010,Employee 1010,Female,23,Finance,Analyst,2018-11-01,598212,1,No,Diploma,Single,3,Yes,5,Chennai
1011,Employee 1011,Female,22,Operations,Executive,2016-12-05,1326594,2,No,Bachelor,Single,2,Yes,4,Bengaluru
1012,Employee 1012,Male,33,Support,Engineer,2023-08-02,628253,4,No,Bachelor,Single,2,No,1,Hyderabad
1013,Employee 1013,Male,38,Sales,Executive,2019-01-25,719136,5,No,Master,Married,7,No,4,Delhi
1014,Employee 1014,Female,43,IT,Engineer,2022-11-09,691452,2,No,Master,Single,3,No,5,Bengaluru
1015,Employee 1015,Male,44,HR,Associate,2023-10-25,284238,2,No,Diploma,Married,2,Yes,1,Bengaluru
1016,Employee 1016,Male,47,Sales,Executive,2015-10-03,1520639,1,No,Master,Single,10,Yes,3,Pune
1017,Employee 1017,Male,38,Operations,Analyst,2025-02-11,1548391,1,No,Diploma,Single,1,No,2,Ahmedabad
1018,Employee 1018,Male,27,IT,Specialist,2019-03-01,1230256,2,No,Master,Single,7,No,2,Chennai
1019,Employee 1019,Male,39,Operations,Executive,2025-06-21,530842,1,No,Master,Single,1,No,5,Bengaluru
1020,Employee 1020,Male,41,Support,Specialist,2025-02-20,624966,4,Yes,Diploma,Married,1,Yes,4,Delhi
1021,Employee 1021,Male,32,Support,Specialist,2026-06-12,1654247,5,No,Diploma,Married,0,No,1,Mumbai
1022,Employee 1022,Male,29,IT,Manager,2024-06-13,1217124,4,No,Bachelor,Married,2,No,5,Delhi
1023,Employee 1023,Male,51,Operations,Manager,2018-05-13,1505886,1,No,Master,Married,8,No,1,Delhi
1024,Employee 1024,Male,37,Operations,Manager,2025-11-25,392550,5,No,Bachelor,Single,0,Yes,3,Chennai
1025,Employee 1025,Male,27,HR,Analyst,2022-09-24,700002,1,No,Diploma,Single,3,No,5,Mumbai
1026,Employee 1026,Male,44,Operations,Associate,2021-05-27,1330614,1,No,Bachelor,Single,5,No,2,Delhi
1027,Employee 1027,Female,36,Operations,Executive,2025-01-27,1363757,2,No,Master,Single,1,Yes,4,Chennai
1028,Employee 1028,Female,54,IT,Executive,2019-03-03,1189798,1,No,Master,Married,7,Yes,5,Ahmedabad
1029,Employee 1029,Male,26,HR,Analyst,2022-11-15,631729,4,No,Bachelor,Single,3,No,2,Chennai
1030,Employee 1030,Male,46,Marketing,Associate,2021-12-18,1416062,4,No,Diploma,Single,4,No,3,Ahmedabad
1031,Employee 1031,Male,42,Finance,Engineer,2020-07-19,1610649,4,Yes,Bachelor,Married,5,No,1,Chennai
1032,Employee 1032,Male,51,Marketing,Analyst,2020-04-23,505222,3,No,Diploma,Married,6,Yes,4,Bengaluru
1033,Employee 1033,Female,33,IT,Executive,2019-04-10,1521066,1,No,Diploma,Married,7,Yes,3,Hyderabad
1034,Employee 1034,Female,37,Operations,Analyst,2018-09-08,1717232,1,No,Master,Married,7,Yes,5,Ahmedabad
1035,Employee 1035,Female,29,Support,Associate,2025-09-14,391902,3,No,Master,Married,0,No,4,Chennai
1036,Employee 1036,Male,49,IT,Associate,2015-09-08,1276050,1,No,Master,Single,10,No,4,Ahmedabad
1037,Employee 1037,Female,27,Operations,Associate,2023-12-03,765113,1,No,Bachelor,Single,2,No,5,Ahmedabad
1038,Employee 1038,Female,30,Sales,Associate,2016-01-12,1373866,5,No,Master,Married,10,Yes,4,Mumbai
1039,Employee 1039,Female,41,Marketing,Associate,2024-09-01,1788135,5,No,Diploma,Single,1,Yes,4,Ahmedabad
1040,Employee 1040,Male,29,Sales,Executive,2018-09-15,458158,4,No,Diploma,Married,7,Yes,2,Delhi
1041,Employee 1041,Female,59,Finance,Specialist,2019-01-13,453086,1,No,Bachelor,Single,7,Yes,5,Chennai
1042,Employee 1042,Male,31,Support,Engineer,2025-02-15,1790092,2,No,Bachelor,Single,1,No,4,Pune
1043,Employee 1043,Male,53,HR,Analyst,2017-04-05,1742736,1,No,Diploma,Married,9,No,4,Chennai
1044,Employee 1044,Male,32,IT,Manager,2015-09-18,1657746,4,No,Master,Married,10,No,1,Ahmedabad
1045,Employee 1045,Male,44,IT,Associate,2025-12-15,981670,2,No,Diploma,Married,0,No,5,Mumbai
1046,Employee 1046,Male,28,IT,Engineer,2024-03-17,868003,2,No,Diploma,Married,2,Yes,4,Pune
1047,Employee 1047,Male,39,Finance,Manager,2022-06-02,1128714,3,No,Diploma,Married,4,No,5,Mumbai
1048,Employee 1048,Male,45,Support,Executive,2022-01-26,347614,4,No,Master,Single,4,No,4,Ahmedabad
1049,Employee 1049,Female,29,Sales,Analyst,2025-01-13,1188179,5,No,Master,Single,1,No,4,Delhi
1050,Employee 1050,Male,45,IT,Executive,2023-11-10,1183994,5,No,Master,Single,2,No,1,Hyderabad
1051,Employee 1051,Male,45,Finance,Specialist,2017-12-23,291048,4,No,Diploma,Single,8,Yes,5,Chennai
1052,Employee 1052,Female,59,Operations,Associate,2026-04-22,556137,3,No,Bachelor,Single,0,Yes,3,Chennai
1053,Employee 1053,Male,39,IT,Specialist,2023-12-21,674891,2,Yes,Master,Married,2,No,5,Hyderabad
1054,Employee 1054,Female,44,Finance,Associate,2019-07-04,1316767,3,No,Master,Married,7,No,5,Bengaluru
1055,Employee 1055,Male,52,Finance,Specialist,2016-12-01,261812,5,No,Diploma,Married,9,Yes,1,Delhi
1056,Employee 1056,Male,34,HR,Analyst,2016-03-28,1278397,5,No,Master,Single,10,No,1,Bengaluru
1057,Employee 1057,Male,39,Marketing,Specialist,2015-10-14,620108,5,Yes,Diploma,Single,10,No,3,Bengaluru
1058,Employee 1058,Female,44,Finance,Specialist,2019-11-05,1731890,3,No,Diploma,Single,6,Yes,5,Bengaluru
1059,Employee 1059,Female,50,Support,Executive,2017-09-18,1264491,4,No,Diploma,Married,8,Yes,2,Mumbai
1060,Employee 1060,Female,22,Operations,Specialist,2024-12-19,433766,4,No,Diploma,Married,1,No,3,Delhi
1061,Employee 1061,Male,40,Finance,Analyst,2020-07-14,771861,4,No,Bachelor,Single,5,No,5,Mumbai
1062,Employee 1062,Male,33,Support,Associate,2016-04-04,1665889,5,No,Bachelor,Married,10,No,3,Mumbai
1063,Employee 1063,Female,46,Operations,Specialist,2020-06-13,850001,5,No,Master,Single,6,Yes,1,Bengaluru
1064,Employee 1064,Male,50,HR,Executive,2016-12-11,1288682,5,Yes,Diploma,Married,9,No,5,Pune
1065,Employee 1065,Male,51,IT,Executive,2023-04-20,609231,5,Yes,Bachelor,Single,3,Yes,5,Pune
1066,Employee 1066,Female,32,Support,Manager,2022-03-01,1753531,2,No,Bachelor,Married,4,Yes,4,Hyderabad
1067,Employee 1067,Male,50,Operations,Specialist,2015-03-12,1666338,3,No,Diploma,Single,11,Yes,2,Delhi
1068,Employee 1068,Female,43,IT,Manager,2025-07-18,1074759,3,Yes,Master,Married,0,No,4,Delhi
1069,Employee 1069,Male,57,HR,Analyst,2023-04-04,278702,3,No,Master,Single,3,No,5,Chennai
1070,Employee 1070,Male,46,IT,Specialist,2015-09-20,1671511,2,No,Bachelor,Single,10,Yes,2,Pune
1071,Employee 1071,Female,29,Operations,Engineer,2019-06-06,1172210,2,No,Master,Single,7,Yes,5,Mumbai
1072,Employee 1072,Female,48,IT,Associate,2019-03-15,1440079,4,No,Master,Single,7,Yes,1,Mumbai
1073,Employee 1073,Female,27,Finance,Analyst,2017-03-02,605911,3,No,Diploma,Married,7,No,1,Delhi
1074,Employee 1074,Female,32,Finance,Specialist,2021-12-22,1761246,3,No,Diploma,Single,4,No,1,Ahmedabad
1075,Employee 1075,Male,43,Marketing,Analyst,2022-11-20,1232268,4,No,Master,Single,3,No,4,Delhi
1076,Employee 1076,Male,49,Operations,Specialist,2017-03-13,403047,1,No,Bachelor,Married,9,Yes,3,Hyderabad
1077,Employee 1077,Female,44,Finance,Analyst,2019-10-01,1407971,1,No,Bachelor,Single,6,No,4,Hyderabad
1078,Employee 1078,Female,26,Marketing,Engineer,2023-03-05,493630,2,No,Bachelor,Married,3,No,2,Delhi
1079,Employee 1079,Female,50,Finance,Associate,2025-11-01,993578,5,No,Master,Single,0,Yes,5,Bengaluru
1080,Employee 1080,Male,60,Operations,Associate,2016-04-23,425394,1,No,Master,Single,10,No,2,Pune
1081,Employee 1081,Male,60,Sales,Specialist,2022-04-06,730733,1,No,Bachelor,Married,4,Yes,2,Ahmedabad
1082,Employee 1082,Female,37,Support,Analyst,2020-04-08,1109239,2,No,Diploma,Single,6,Yes,4,Hyderabad
1083,Employee 1083,Female,21,IT,Specialist,2024-07-13,531344,5,No,Diploma,Married,1,No,4,Pune
1084,Employee 1084,Female,48,Marketing,Executive,2015-08-28,790905,5,Yes,Diploma,Single,10,No,2,Bengaluru
1085,Employee 1085,Male,31,Sales,Engineer,2024-03-22,1175565,4,No,Diploma,Married,2,No,5,Delhi
1086,Employee 1086,Male,30,Sales,Engineer,2026-01-01,1628031,5,No,Master,Single,0,Yes,3,Ahmedabad
1087,Employee 1087,Male,40,Support,Associate,2016-01-25,511564,1,No,Bachelor,Married,10,Yes,1,Bengaluru
1088,Employee 1088,Male,56,IT,Analyst,2016-02-27,1562634,2,No,Bachelor,Single,10,Yes,3,Delhi
1089,Employee 1089,Female,46,HR,Specialist,2021-08-12,1135487,3,No,Master,Married,4,No,2,Chennai
1090,Employee 1090,Male,50,IT,Manager,2023-10-31,1778454,2,No,Master,Married,2,Yes,5,Pune
1091,Employee 1091,Female,43,Marketing,Specialist,2016-10-10,1646148,5,No,Diploma,Single,9,Yes,1,Pune
1092,Employee 1092,Male,44,IT,Associate,2023-09-10,1005035,5,No,Diploma,Single,2,No,5,Delhi
1093,Employee 1093,Female,24,Operations,Analyst,2018-12-01,1450165,3,No,Diploma,Single,4,No,4,Delhi
1094,Employee 1094,Male,33,Support,Engineer,2015-04-23,257635,2,No,Master,Single,11,Yes,4,Pune
1095,Employee 1095,Male,37,Finance,Analyst,2017-12-02,510628,2,Yes,Master,Single,8,Yes,3,Chennai
1096,Employee 1096,Male,46,Marketing,Engineer,2016-10-18,1330494,3,No,Diploma,Single,9,No,4,Ahmedabad
1097,Employee 1097,Male,57,IT,Engineer,2015-07-08,901620,1,No,Master,Single,10,Yes,1,Pune
1098,Employee 1098,Male,59,HR,Analyst,2021-11-27,301730,5,No,Master,Single,4,Yes,5,Hyderabad
1099,Employee 1099,Male,43,Operations,Executive,2023-12-24,485474,2,No,Master,Married,2,No,3,Mumbai
1100,Employee 1100,Male,58,Finance,Manager,2020-01-25,1328436,4,Yes,Master,Single,6,Yes,5,Pune
1101,Employee 1101,Female,52,Operations,Specialist,2020-11-24,1053985,1,Yes,Bachelor,Single,5,No,5,Pune
1102,Employee 1102,Male,38,Finance,Engineer,2016-04-30,363914,3,No,Bachelor,Married,10,No,2,Delhi
1103,Employee 1103,Male,49,HR,Analyst,2020-05-09,620856,2,No,Bachelor,Single,6,Yes,2,Bengaluru
1104,Employee 1104,Male,34,Operations,Associate,2025-07-10,1682087,4,No,Master,Single,0,Yes,1,Bengaluru
1105,Employee 1105,Female,52,Finance,Specialist,2022-11-29,1626621,3,No,Master,Married,3,No,4,Pune
1106,Employee 1106,Male,31,Marketing,Executive,2021-01-23,1219205,3,No,Bachelor,Single,5,Yes,3,Hyderabad
1107,Employee 1107,Male,22,Sales,Analyst,2021-08-13,876208,2,No,Diploma,Married,2,Yes,5,Pune
1108,Employee 1108,Female,36,Operations,Associate,2023-04-05,709312,1,No,Master,Married,3,Yes,4,Ahmedabad
1109,Employee 1109,Female,42,IT,Engineer,2020-08-15,1105544,4,No,Bachelor,Married,5,Yes,2,Delhi
1110,Employee 1110,Female,43,HR,Executive,2024-11-27,489597,2,No,Diploma,Married,1,No,2,Bengaluru
1111,Employee 1111,Female,59,HR,Associate,2018-10-13,1576886,2,Yes,Bachelor,Single,7,No,5,Chennai
1112,Employee 1112,Female,59,Finance,Specialist,2020-02-19,303467,4,No,Master,Married,6,Yes,1,Delhi
1113,Employee 1113,Male,34,Marketing,Manager,2015-02-17,370548,2,No,Master,Single,11,No,4,Hyderabad
1114,Employee 1114,Female,45,IT,Analyst,2016-01-15,1031285,5,No,Master,Single,10,Yes,4,Bengaluru
1115,Employee 1115,Female,54,Support,Engineer,2016-07-23,1079212,1,No,Bachelor,Married,9,No,1,Ahmedabad
1116,Employee 1116,Male,34,Marketing,Specialist,2023-01-10,975629,2,No,Master,Single,3,Yes,4,Chennai
1117,Employee 1117,Male,58,HR,Manager,2025-10-19,587416,3,Yes,Diploma,Married,0,No,5,Bengaluru
1118,Employee 1118,Male,32,HR,Analyst,2015-11-08,414252,2,No,Master,Single,10,No,4,Hyderabad
1119,Employee 1119,Male,32,Marketing,Engineer,2021-06-15,375660,4,No,Bachelor,Married,5,Yes,2,Mumbai
1120,Employee 1120,Male,39,Operations,Engineer,2016-08-16,1731902,4,No,Bachelor,Single,9,No,4,Delhi
1121,Employee 1121,Female,38,IT,Associate,2019-08-23,374763,4,No,Diploma,Married,6,Yes,2,Bengaluru
1122,Employee 1122,Male,43,Operations,Analyst,2016-05-01,1227485,3,No,Master,Single,10,No,3,Hyderabad
1123,Employee 1123,Female,21,IT,Analyst,2024-12-20,1509070,3,No,Bachelor,Single,1,Yes,3,Pune
1124,Employee 1124,Female,34,Finance,Manager,2018-03-19,1696195,2,Yes,Master,Single,8,Yes,4,Mumbai
1125,Employee 1125,Male,60,Finance,Engineer,2017-04-09,891580,1,No,Master,Married,9,No,2,Bengaluru
1126,Employee 1126,Male,27,HR,Manager,2018-03-07,1786749,2,No,Diploma,Married,7,No,3,Bengaluru
1127,Employee 1127,Male,40,Finance,Specialist,2020-05-29,519888,1,No,Master,Married,6,No,4,Chennai
1128,Employee 1128,Female,40,Marketing,Analyst,2021-08-03,778513,1,No,Master,Single,4,Yes,4,Delhi
1129,Employee 1129,Male,23,HR,Engineer,2021-11-15,1203999,3,No,Master,Married,3,Yes,3,Mumbai
1130,Employee 1130,Male,38,HR,Specialist,2022-11-04,1787509,2,No,Master,Married,3,No,3,Bengaluru
1131,Employee 1131,Male,23,Sales,Analyst,2020-08-12,555039,4,No,Diploma,Single,3,No,1,Chennai
1132,Employee 1132,Female,34,Marketing,Associate,2025-12-27,789773,5,No,Diploma,Married,0,No,2,Pune
1133,Employee 1133,Male,51,Marketing,Analyst,2022-07-15,791862,2,No,Diploma,Married,3,Yes,1,Delhi
1134,Employee 1134,Male,48,Support,Specialist,2021-03-19,1014204,1,No,Bachelor,Single,5,Yes,5,Hyderabad
1135,Employee 1135,Male,55,Support,Manager,2020-12-07,522371,2,Yes,Diploma,Married,5,Yes,4,Chennai
1136,Employee 1136,Female,30,Operations,Engineer,2015-12-14,800074,3,Yes,Bachelor,Single,10,Yes,1,Delhi
1137,Employee 1137,Female,27,Marketing,Analyst,2021-07-16,273670,2,Yes,Master,Single,4,Yes,5,Delhi
1138,Employee 1138,Female,22,Finance,Associate,2025-05-02,966583,5,No,Diploma,Single,1,Yes,3,Ahmedabad
1139,Employee 1139,Female,27,Marketing,Manager,2022-04-27,1287290,4,No,Bachelor,Single,4,Yes,3,Pune
1140,Employee 1140,Female,28,Support,Analyst,2023-12-23,1011862,4,No,Diploma,Single,2,Yes,4,Chennai
1141,Employee 1141,Male,40,Sales,Analyst,2024-10-19,1561126,3,No,Bachelor,Married,1,Yes,1,Ahmedabad
1142,Employee 1142,Male,23,Support,Manager,2021-10-29,1105686,4,No,Diploma,Married,3,Yes,1,Mumbai
1143,Employee 1143,Female,21,Support,Specialist,2019-08-20,1701414,2,Yes,Master,Married,1,No,1,Delhi
1144,Employee 1144,Male,51,HR,Engineer,2015-09-30,550216,4,No,Diploma,Single,10,Yes,3,Pune
1145,Employee 1145,Male,53,Support,Analyst,2018-09-06,1294336,4,No,Master,Single,7,Yes,4,Delhi
1146,Employee 1146,Female,38,Sales,Engineer,2018-05-13,1787197,1,No,Bachelor,Single,8,No,1,Bengaluru
1147,Employee 1147,Female,54,Marketing,Executive,2020-11-09,464686,3,No,Bachelor,Single,5,Yes,3,Bengaluru
1148,Employee 1148,Male,39,IT,Manager,2019-08-27,582797,1,No,Master,Married,6,Yes,4,Hyderabad
1149,Employee 1149,Female,35,Marketing,Manager,2020-02-22,490429,3,Yes,Master,Married,6,Yes,3,Ahmedabad
1150,Employee 1150,Female,44,Sales,Associate,2019-03-14,1226485,3,No,Master,Married,7,No,5,Mumbai
1151,Employee 1151,Male,26,Marketing,Specialist,2020-09-23,1719389,2,No,Diploma,Married,5,No,5,Pune
1152,Employee 1152,Female,39,Sales,Executive,2017-02-13,1562825,4,No,Bachelor,Single,9,No,2,Ahmedabad
1153,Employee 1153,Male,24,Finance,Specialist,2015-06-22,1379962,3,No,Bachelor,Single,4,Yes,2,Chennai
1154,Employee 1154,Male,56,IT,Associate,2018-12-10,908141,4,No,Diploma,Married,7,Yes,3,Ahmedabad
1155,Employee 1155,Male,32,Support,Executive,2024-11-25,998139,2,No,Master,Married,1,Yes,4,Ahmedabad
1156,Employee 1156,Female,54,Operations,Engineer,2018-07-26,1008698,2,No,Diploma,Single,7,No,5,Hyderabad
1157,Employee 1157,Female,54,Sales,Analyst,2017-07-27,613496,3,No,Diploma,Single,8,Yes,2,Delhi
1158,Employee 1158,Male,21,HR,Manager,2016-01-14,805284,5,No,Diploma,Married,1,No,2,Mumbai
1159,Employee 1159,Male,21,Marketing,Associate,2024-08-27,1149786,2,No,Diploma,Married,1,Yes,3,Delhi
1160,Employee 1160,Female,56,Operations,Manager,2021-08-17,402654,2,No,Diploma,Single,4,Yes,2,Pune
1161,Employee 1161,Female,57,Operations,Engineer,2019-06-18,778767,1,No,Bachelor,Married,7,Yes,1,Ahmedabad
1162,Employee 1162,Female,22,IT,Engineer,2019-10-21,977834,5,No,Master,Single,2,Yes,3,Mumbai
1163,Employee 1163,Male,24,Marketing,Manager,2020-03-12,1658922,2,Yes,Bachelor,Single,4,No,3,Delhi
1164,Employee 1164,Male,45,Sales,Associate,2016-10-16,554569,4,Yes,Bachelor,Married,9,Yes,1,Pune
1165,Employee 1165,Male,21,IT,Analyst,2022-10-24,561399,4,No,Diploma,Single,1,Yes,2,Chennai
1166,Employee 1166,Male,39,Finance,Executive,2016-12-28,1051026,4,No,Master,Single,9,No,5,Hyderabad
1167,Employee 1167,Female,39,HR,Manager,2019-02-17,1070746,1,No,Master,Married,7,No,4,Ahmedabad
1168,Employee 1168,Female,57,Marketing,Engineer,2021-01-24,319563,2,No,Diploma,Single,5,No,2,Delhi
1169,Employee 1169,Male,26,HR,Specialist,2021-01-21,1069382,5,No,Diploma,Married,5,Yes,2,Pune
1170,Employee 1170,Male,27,IT,Specialist,2015-08-12,1242408,3,No,Bachelor,Married,7,Yes,3,Ahmedabad
1171,Employee 1171,Male,29,IT,Engineer,2019-08-05,1442872,2,No,Bachelor,Married,6,Yes,2,Ahmedabad
1172,Employee 1172,Male,43,Marketing,Engineer,2015-03-19,694151,5,No,Master,Single,11,No,2,Bengaluru
1173,Employee 1173,Female,55,Marketing,Executive,2017-08-21,667788,1,No,Diploma,Single,8,No,2,Bengaluru
1174,Employee 1174,Male,35,Finance,Associate,2022-09-27,1666383,4,Yes,Bachelor,Single,3,No,5,Bengaluru
1175,Employee 1175,Female,41,Operations,Executive,2020-03-18,1392046,4,No,Master,Married,6,Yes,4,Chennai
1176,Employee 1176,Male,24,IT,Associate,2018-11-08,1022785,4,No,Bachelor,Single,4,No,2,Pune
1177,Employee 1177,Female,41,IT,Analyst,2021-03-19,269178,4,No,Diploma,Single,5,Yes,5,Pune
1178,Employee 1178,Male,32,Marketing,Associate,2024-11-17,1773326,3,No,Bachelor,Married,1,Yes,3,Bengaluru
1179,Employee 1179,Female,49,HR,Engineer,2015-07-16,373473,2,No,Master,Married,10,No,5,Ahmedabad
1180,Employee 1180,Male,59,HR,Executive,2019-07-19,1326604,5,No,Bachelor,Married,6,Yes,3,Ahmedabad
1181,Employee 1181,Female,27,Support,Associate,2021-09-02,1355274,5,No,Diploma,Married,4,No,3,Delhi
1182,Employee 1182,Male,36,Support,Associate,2023-04-01,780585,3,No,Bachelor,Single,3,No,4,Mumbai
1183,Employee 1183,Female,54,Operations,Manager,2023-10-28,633969,3,No,Master,Single,2,No,5,Delhi
1184,Employee 1184,Female,38,Operations,Associate,2017-05-20,608846,5,No,Master,Single,9,Yes,2,Chennai
1185,Employee 1185,Female,53,Support,Manager,2021-03-31,482505,5,No,Diploma,Single,5,No,5,Delhi
1186,Employee 1186,Male,38,Finance,Associate,2023-07-23,942698,1,Yes,Master,Single,2,No,4,Bengaluru
1187,Employee 1187,Female,58,Finance,Manager,2016-08-11,1213287,2,No,Master,Married,9,No,3,Delhi
1188,Employee 1188,Male,53,Marketing,Manager,2016-03-28,743194,2,No,Bachelor,Single,10,No,4,Bengaluru
1189,Employee 1189,Male,47,Sales,Associate,2022-04-10,1227827,2,No,Bachelor,Married,4,Yes,4,Mumbai
1190,Employee 1190,Male,45,Marketing,Executive,2015-05-15,1001185,3,No,Bachelor,Single,11,No,4,Pune
1191,Employee 1191,Male,31,Operations,Manager,2016-10-20,648039,3,No,Bachelor,Married,9,No,1,Mumbai
1192,Employee 1192,Female,24,Support,Specialist,2021-06-07,912807,3,No,Bachelor,Single,4,No,5,Mumbai
1193,Employee 1193,Male,55,Sales,Engineer,2024-05-13,1316275,2,No,Bachelor,Single,2,Yes,4,Chennai
1194,Employee 1194,Female,47,Sales,Manager,2024-04-27,1154656,3,No,Master,Single,2,Yes,4,Pune
1195,Employee 1195,Female,26,Sales,Manager,2021-06-12,530399,4,No,Master,Married,5,No,1,Hyderabad
1196,Employee 1196,Male,49,Finance,Associate,2024-07-08,829564,1,No,Bachelor,Single,1,Yes,4,Ahmedabad
1197,Employee 1197,Male,22,Marketing,Manager,2015-05-10,1640253,1,No,Master,Single,2,No,3,Pune
1198,Employee 1198,Female,40,Marketing,Analyst,2020-07-15,917381,1,No,Diploma,Married,5,No,4,Bengaluru
1199,Employee 1199,Female,36,IT,Associate,2024-12-30,1462820,5,No,Master,Single,1,Yes,2,Hyderabad
1200,Employee 1200,Female,49,Operations,Specialist,2022-09-04,1210905,2,No,Diploma,Married,3,No,5,Ahmedabad
1201,Employee 1201,Male,46,Operations,Executive,2017-07-02,497228,3,Yes,Bachelor,Single,9,No,4,Bengaluru
1202,Employee 1202,Male,53,IT,Associate,2025-09-14,347452,1,No,Master,Married,0,No,3,Bengaluru
1203,Employee 1203,Male,50,IT,Associate,2022-08-30,1509699,3,No,Diploma,Single,3,No,2,Bengaluru
1204,Employee 1204,Male,57,HR,Executive,2020-05-27,1786579,2,No,Master,Single,6,Yes,5,Mumbai
1205,Employee 1205,Female,53,Marketing,Analyst,2015-03-31,933021,4,No,Diploma,Married,11,No,1,Hyderabad
1206,Employee 1206,Male,23,Sales,Analyst,2023-07-11,1295956,5,Yes,Bachelor,Married,2,No,1,Mumbai
1207,Employee 1207,Female,54,Marketing,Engineer,2018-06-03,1667328,5,No,Master,Single,8,No,5,Delhi
1208,Employee 1208,Female,59,Operations,Associate,2017-01-14,962545,3,No,Bachelor,Married,9,Yes,1,Mumbai
1209,Employee 1209,Female,22,Finance,Associate,2020-08-18,519731,5,No,Bachelor,Married,2,No,1,Ahmedabad
1210,Employee 1210,Male,28,Finance,Executive,2021-07-10,498384,4,No,Bachelor,Married,4,Yes,4,Ahmedabad
1211,Employee 1211,Female,29,Finance,Analyst,2018-06-11,846801,1,No,Bachelor,Single,8,No,1,Mumbai
1212,Employee 1212,Female,23,Operations,Manager,2015-04-08,299297,3,No,Diploma,Single,3,Yes,2,Hyderabad
1213,Employee 1213,Female,21,Finance,Engineer,2022-04-17,1458599,3,No,Bachelor,Single,1,Yes,5,Mumbai
1214,Employee 1214,Male,39,HR,Associate,2023-02-19,354716,4,No,Master,Married,3,No,3,Hyderabad
1215,Employee 1215,Female,33,Marketing,Specialist,2023-03-04,1243867,4,No,Master,Single,3,Yes,5,Chennai
1216,Employee 1216,Female,46,Finance,Specialist,2025-06-28,425238,5,No,Bachelor,Single,1,No,5,Chennai
1217,Employee 1217,Male,28,IT,Analyst,2020-12-03,286650,4,No,Bachelor,Married,5,Yes,1,Ahmedabad
1218,Employee 1218,Female,55,IT,Executive,2025-05-23,1512563,3,No,Diploma,Single,1,No,4,Hyderabad
1219,Employee 1219,Female,24,Sales,Engineer,2021-06-07,932422,1,Yes,Diploma,Single,4,No,5,Mumbai
1220,Employee 1220,Male,38,Marketing,Executive,2019-11-14,1753013,4,No,Diploma,Single,6,No,1,Delhi
1221,Employee 1221,Female,50,Marketing,Associate,2017-12-12,917746,1,No,Diploma,Single,8,No,2,Bengaluru
1222,Employee 1222,Female,46,Finance,Manager,2023-04-03,1045738,5,No,Master,Single,3,No,1,Ahmedabad
1223,Employee 1223,Female,43,Support,Associate,2020-02-15,1499750,1,No,Bachelor,Married,6,Yes,2,Chennai
1224,Employee 1224,Male,38,HR,Executive,2016-10-07,1565598,5,No,Master,Single,9,No,2,Delhi
1225,Employee 1225,Male,31,Operations,Specialist,2020-09-24,655863,3,No,Diploma,Married,5,Yes,4,Ahmedabad
1226,Employee 1226,Female,59,Support,Executive,2020-04-05,1610369,3,No,Bachelor,Married,6,No,4,Mumbai
1227,Employee 1227,Female,40,Sales,Specialist,2021-01-03,1429384,2,No,Master,Single,5,No,2,Pune
1228,Employee 1228,Female,41,Marketing,Analyst,2019-09-11,427343,3,No,Master,Married,6,Yes,1,Chennai
1229,Employee 1229,Female,52,Finance,Manager,2018-10-18,859123,2,No,Master,Married,7,Yes,2,Chennai
1230,Employee 1230,Female,30,HR,Manager,2024-08-05,1018502,1,No,Master,Married,1,No,4,Ahmedabad
1231,Employee 1231,Female,37,Support,Associate,2020-07-26,369979,2,No,Bachelor,Married,5,Yes,1,Hyderabad
1232,Employee 1232,Female,55,Operations,Analyst,2022-11-17,953858,1,No,Bachelor,Single,3,No,2,Chennai
1233,Employee 1233,Female,25,IT,Specialist,2023-07-12,393391,4,Yes,Diploma,Single,2,Yes,2,Chennai
1234,Employee 1234,Male,27,Finance,Associate,2017-03-15,1798566,2,No,Bachelor,Married,7,No,2,Mumbai
1235,Employee 1235,Male,60,IT,Specialist,2022-03-03,618922,1,No,Diploma,Married,4,No,2,Chennai
1236,Employee 1236,Male,41,HR,Manager,2023-06-23,624597,1,No,Diploma,Single,3,No,2,Mumbai
1237,Employee 1237,Male,33,IT,Executive,2025-07-24,1561783,3,No,Bachelor,Married,0,Yes,4,Chennai
1238,Employee 1238,Male,32,IT,Specialist,2018-12-05,924934,1,No,Master,Single,7,No,4,Ahmedabad
1239,Employee 1239,Female,21,Operations,Specialist,2018-05-27,409580,3,Yes,Diploma,Married,1,Yes,4,Chennai
1240,Employee 1240,Female,59,Marketing,Executive,2023-09-29,1666636,3,No,Bachelor,Married,2,No,5,Ahmedabad
1241,Employee 1241,Female,55,Support,Executive,2019-01-01,367765,4,Yes,Diploma,Single,7,No,4,Delhi
1242,Employee 1242,Female,24,Marketing,Specialist,2019-04-04,1449374,5,No,Diploma,Married,4,Yes,1,Hyderabad
1243,Employee 1243,Female,32,Support,Specialist,2025-07-12,1534669,2,No,Master,Married,0,No,2,Chennai
1244,Employee 1244,Female,49,Operations,Manager,2024-05-07,1705935,2,No,Diploma,Single,2,No,3,Pune
1245,Employee 1245,Female,33,Support,Executive,2019-02-21,849113,1,No,Diploma,Single,7,No,5,Bengaluru
1246,Employee 1246,Female,25,Support,Associate,2021-06-17,1235187,2,No,Bachelor,Married,5,No,4,Bengaluru
1247,Employee 1247,Female,45,Support,Associate,2018-08-27,716949,2,Yes,Master,Single,7,Yes,2,Mumbai
1248,Employee 1248,Male,54,Finance,Engineer,2019-11-25,395291,3,No,Diploma,Single,6,No,4,Chennai
1249,Employee 1249,Male,26,Sales,Analyst,2026-06-19,593401,4,Yes,Master,Married,0,No,2,Hyderabad
1250,Employee 1250,Female,30,Sales,Specialist,2025-10-30,1606881,2,No,Master,Single,0,Yes,1,Bengaluru
1251,Employee 1251,Female,56,Operations,Engineer,2021-06-27,1542675,2,Yes,Bachelor,Married,5,Yes,5,Mumbai
1252,Employee 1252,Male,37,HR,Executive,2018-05-25,1056664,5,No,Diploma,Single,8,No,3,Ahmedabad
1253,Employee 1253,Female,32,Marketing,Manager,2015-02-10,754544,1,No,Diploma,Married,11,Yes,2,Hyderabad
1254,Employee 1254,Male,31,HR,Manager,2015-05-02,1421854,5,No,Diploma,Single,11,No,5,Ahmedabad
1255,Employee 1255,Female,47,IT,Specialist,2024-09-17,683429,4,No,Diploma,Single,1,No,5,Pune
1256,Employee 1256,Female,33,Support,Executive,2026-04-23,1297357,1,No,Master,Single,0,No,3,Delhi
1257,Employee 1257,Male,52,Operations,Analyst,2025-07-22,381015,1,No,Bachelor,Single,0,No,4,Delhi
1258,Employee 1258,Female,56,Finance,Specialist,2015-11-06,1696029,5,No,Bachelor,Single,10,No,4,Delhi
1259,Employee 1259,Male,36,Support,Engineer,2021-12-01,862897,4,No,Master,Single,4,Yes,3,Ahmedabad
1260,Employee 1260,Female,21,Sales,Executive,2016-08-27,1129592,3,No,Bachelor,Married,1,No,5,Delhi
1261,Employee 1261,Male,52,Marketing,Manager,2026-05-12,267708,1,No,Diploma,Single,0,No,5,Hyderabad
1262,Employee 1262,Female,40,Sales,Manager,2021-12-22,1122666,3,No,Master,Married,4,Yes,3,Chennai
1263,Employee 1263,Female,36,Sales,Manager,2016-11-01,293422,3,No,Bachelor,Single,9,No,3,Chennai
1264,Employee 1264,Male,45,Marketing,Associate,2019-07-23,865662,3,No,Diploma,Single,6,No,3,Pune
1265,Employee 1265,Female,41,Support,Associate,2023-06-08,1265980,3,No,Bachelor,Single,3,No,3,Pune
1266,Employee 1266,Female,60,Support,Specialist,2020-10-22,1157428,2,No,Diploma,Married,5,No,3,Ahmedabad
1267,Employee 1267,Male,39,Sales,Engineer,2016-09-01,1634079,1,No,Bachelor,Married,9,Yes,1,Ahmedabad
1268,Employee 1268,Male,26,Finance,Specialist,2020-02-10,1716439,4,No,Bachelor,Married,6,Yes,2,Chennai
1269,Employee 1269,Female,36,Support,Associate,2018-08-09,993335,2,No,Bachelor,Single,7,Yes,4,Chennai
1270,Employee 1270,Male,55,Support,Analyst,2022-12-29,933840,4,No,Master,Single,3,No,3,Pune
1271,Employee 1271,Male,46,IT,Executive,2023-09-21,1470666,3,Yes,Diploma,Single,2,No,2,Bengaluru
1272,Employee 1272,Female,38,Sales,Executive,2024-06-30,395599,1,No,Master,Married,2,No,5,Hyderabad
1273,Employee 1273,Male,58,Sales,Analyst,2015-05-26,413959,4,No,Diploma,Single,11,Yes,2,Ahmedabad
1274,Employee 1274,Female,30,Finance,Engineer,2015-07-07,1261513,3,No,Bachelor,Married,10,No,3,Bengaluru
1275,Employee 1275,Male,53,Operations,Manager,2024-12-19,1263609,4,No,Diploma,Single,1,Yes,3,Hyderabad
1276,Employee 1276,Female,51,Support,Associate,2021-06-13,262918,5,No,Diploma,Single,5,Yes,3,Ahmedabad
1277,Employee 1277,Female,37,Marketing,Associate,2018-07-27,651103,4,No,Master,Single,7,No,1,Delhi
1278,Employee 1278,Male,32,Operations,Analyst,2015-04-05,749347,3,No,Master,Married,11,Yes,4,Ahmedabad
1279,Employee 1279,Female,60,Finance,Executive,2017-04-27,373353,1,Yes,Bachelor,Single,9,Yes,5,Hyderabad
1280,Employee 1280,Female,46,HR,Engineer,2018-02-15,1203817,1,No,Master,Single,8,No,4,Ahmedabad
1281,Employee 1281,Male,36,Finance,Manager,2022-04-05,853684,3,No,Bachelor,Single,4,Yes,2,Ahmedabad
1282,Employee 1282,Male,24,Support,Executive,2022-03-10,1358133,4,No,Diploma,Single,4,No,4,Ahmedabad
1283,Employee 1283,Female,49,Support,Engineer,2026-03-30,321051,2,No,Bachelor,Single,0,Yes,1,Chennai
1284,Employee 1284,Female,55,IT,Specialist,2017-07-02,622561,5,No,Diploma,Single,9,No,3,Delhi
1285,Employee 1285,Male,37,Finance,Engineer,2019-10-20,1470196,5,No,Master,Married,6,No,4,Ahmedabad
1286,Employee 1286,Male,60,Finance,Engineer,2021-10-20,1015870,1,No,Diploma,Married,4,No,5,Pune
1287,Employee 1287,Male,37,Finance,Specialist,2025-05-23,717707,4,No,Bachelor,Married,1,Yes,1,Chennai
1288,Employee 1288,Female,39,Marketing,Specialist,2019-10-14,1228098,4,No,Bachelor,Married,6,Yes,5,Ahmedabad
1289,Employee 1289,Female,32,Sales,Analyst,2025-05-26,1791111,2,No,Bachelor,Married,1,Yes,5,Chennai
1290,Employee 1290,Female,30,HR,Specialist,2015-12-08,1763374,1,No,Diploma,Single,10,Yes,1,Hyderabad
1291,Employee 1291,Male,27,HR,Associate,2026-04-18,854570,3,Yes,Bachelor,Single,0,No,4,Ahmedabad
1292,Employee 1292,Female,37,Operations,Executive,2018-02-24,1619772,1,No,Diploma,Single,8,Yes,3,Mumbai
1293,Employee 1293,Female,58,Support,Manager,2015-02-18,799830,3,No,Diploma,Married,11,No,1,Bengaluru
1294,Employee 1294,Female,49,Support,Executive,2021-09-29,352216,4,No,Master,Married,4,No,3,Delhi
1295,Employee 1295,Female,58,IT,Specialist,2021-06-12,1587819,2,No,Bachelor,Single,5,No,4,Ahmedabad
1296,Employee 1296,Female,35,IT,Executive,2025-12-17,269567,2,No,Master,Married,0,Yes,4,Mumbai
1297,Employee 1297,Female,38,Support,Specialist,2024-06-24,844709,4,Yes,Master,Married,2,No,5,Mumbai
1298,Employee 1298,Female,22,Sales,Specialist,2021-10-22,1159791,4,No,Bachelor,Married,2,No,3,Hyderabad
1299,Employee 1299,Female,41,Sales,Associate,2023-07-24,1591202,2,No,Master,Married,2,No,5,Chennai
1300,Employee 1300,Male,48,Support,Analyst,2025-07-23,339104,1,No,Bachelor,Married,0,Yes,3,Bengaluru
1301,Employee 1301,Female,43,Marketing,Executive,2020-10-09,1001860,2,No,Diploma,Married,5,No,5,Pune
1302,Employee 1302,Female,47,Sales,Specialist,2018-09-05,308589,1,No,Diploma,Single,7,No,3,Bengaluru
1303,Employee 1303,Male,41,HR,Executive,2020-12-16,1061770,1,No,Bachelor,Single,5,No,5,Chennai
1304,Employee 1304,Female,39,Marketing,Specialist,2023-05-20,1027890,5,No,Bachelor,Married,3,Yes,5,Hyderabad
1305,Employee 1305,Female,43,IT,Executive,2018-04-04,955229,1,No,Bachelor,Married,8,Yes,3,Delhi
1306,Employee 1306,Female,21,Operations,Executive,2017-10-25,440190,1,Yes,Bachelor,Single,1,Yes,2,Ahmedabad
1307,Employee 1307,Female,44,HR,Analyst,2015-08-30,910004,2,No,Diploma,Married,10,No,3,Delhi
1308,Employee 1308,Male,27,HR,Executive,2026-06-24,1746668,5,No,Bachelor,Married,0,Yes,3,Hyderabad
1309,Employee 1309,Male,31,HR,Executive,2016-06-24,1358448,2,No,Bachelor,Single,10,Yes,2,Ahmedabad
1310,Employee 1310,Male,34,Support,Associate,2025-08-14,373274,5,No,Diploma,Single,0,No,2,Pune
1311,Employee 1311,Female,57,Sales,Specialist,2018-06-09,1501802,1,No,Diploma,Married,8,Yes,1,Delhi
1312,Employee 1312,Male,25,IT,Executive,2021-12-31,857639,3,No,Bachelor,Single,4,No,5,Ahmedabad
1313,Employee 1313,Male,40,HR,Manager,2023-11-02,1034752,4,No,Master,Single,2,No,4,Ahmedabad
1314,Employee 1314,Female,43,Finance,Specialist,2019-11-19,1360012,5,No,Diploma,Single,6,Yes,1,Hyderabad
1315,Employee 1315,Male,22,Sales,Executive,2015-04-21,585827,1,No,Bachelor,Married,2,No,2,Ahmedabad
1316,Employee 1316,Female,55,HR,Associate,2020-05-14,745657,1,No,Diploma,Married,6,Yes,1,Mumbai
1317,Employee 1317,Male,27,Sales,Manager,2017-04-20,1731333,3,No,Master,Married,7,Yes,2,Hyderabad
1318,Employee 1318,Female,29,Sales,Executive,2025-11-20,260710,1,No,Bachelor,Married,0,Yes,3,Mumbai
1319,Employee 1319,Female,53,Marketing,Engineer,2018-12-27,1790133,3,No,Master,Married,7,Yes,1,Pune
1320,Employee 1320,Female,25,Finance,Executive,2021-03-22,255084,3,Yes,Master,Married,5,No,5,Hyderabad
1321,Employee 1321,Male,49,Support,Executive,2020-08-25,432298,4,No,Master,Single,5,Yes,3,Delhi
1322,Employee 1322,Female,34,HR,Executive,2020-10-24,418703,4,No,Master,Single,5,Yes,1,Bengaluru
1323,Employee 1323,Female,51,IT,Analyst,2021-03-05,1206741,2,No,Master,Single,5,No,5,Bengaluru
1324,Employee 1324,Female,50,Marketing,Specialist,2017-10-26,1519287,3,Yes,Diploma,Single,8,No,3,Ahmedabad
1325,Employee 1325,Female,51,Operations,Specialist,2024-11-03,1389755,3,No,Bachelor,Single,1,Yes,2,Delhi
1326,Employee 1326,Female,25,Marketing,Analyst,2019-07-12,445212,5,No,Master,Married,5,Yes,3,Delhi
1327,Employee 1327,Male,36,Operations,Executive,2015-11-14,663648,1,No,Bachelor,Married,10,Yes,5,Hyderabad
1328,Employee 1328,Female,45,Finance,Specialist,2022-12-03,876564,5,No,Diploma,Married,3,No,2,Chennai
1329,Employee 1329,Female,30,Marketing,Manager,2016-07-14,1788279,1,No,Master,Single,9,No,2,Pune
1330,Employee 1330,Female,36,Finance,Specialist,2016-12-11,730741,4,Yes,Master,Married,9,Yes,2,Delhi
1331,Employee 1331,Male,37,Support,Specialist,2015-02-07,901890,4,No,Master,Married,11,No,5,Ahmedabad
1332,Employee 1332,Female,23,Finance,Executive,2019-06-03,1640707,3,No,Diploma,Married,3,Yes,2,Delhi
1333,Employee 1333,Male,44,IT,Specialist,2021-04-20,1550666,3,No,Bachelor,Married,5,No,1,Chennai
1334,Employee 1334,Female,37,IT,Specialist,2021-01-17,1576339,3,No,Bachelor,Married,5,No,5,Chennai
1335,Employee 1335,Female,47,Finance,Specialist,2024-11-17,1180287,1,No,Bachelor,Single,1,No,4,Bengaluru
1336,Employee 1336,Female,58,Sales,Associate,2026-01-02,1082098,4,No,Bachelor,Married,0,No,4,Chennai
1337,Employee 1337,Male,32,Operations,Executive,2019-06-10,769797,1,No,Diploma,Married,7,Yes,2,Pune
1338,Employee 1338,Female,44,IT,Associate,2019-12-19,1640051,2,Yes,Master,Married,6,No,4,Bengaluru
1339,Employee 1339,Male,31,HR,Analyst,2025-02-03,1151171,5,No,Master,Married,1,No,4,Bengaluru
1340,Employee 1340,Female,41,IT,Specialist,2019-08-24,1132708,4,Yes,Diploma,Married,6,No,2,Pune
1341,Employee 1341,Male,60,HR,Analyst,2023-12-26,1438477,4,No,Diploma,Married,2,Yes,1,Delhi
1342,Employee 1342,Female,26,IT,Associate,2018-10-12,889626,2,No,Bachelor,Single,6,No,5,Chennai
1343,Employee 1343,Female,59,Operations,Associate,2022-03-25,763548,5,No,Master,Single,4,No,2,Mumbai
1344,Employee 1344,Male,21,Operations,Engineer,2017-09-17,701404,4,No,Master,Single,1,Yes,4,Hyderabad
1345,Employee 1345,Male,25,HR,Engineer,2022-01-08,1218718,5,No,Diploma,Single,4,Yes,3,Mumbai
1346,Employee 1346,Male,26,IT,Executive,2019-08-01,1202685,5,No,Master,Single,6,No,3,Mumbai
1347,Employee 1347,Male,53,Operations,Engineer,2021-08-20,611961,3,No,Master,Married,4,No,2,Chennai
1348,Employee 1348,Male,36,IT,Analyst,2015-11-20,1239121,2,Yes,Master,Married,10,Yes,5,Hyderabad
1349,Employee 1349,Female,40,Sales,Associate,2015-12-31,1248064,2,Yes,Diploma,Married,10,No,2,Hyderabad
1350,Employee 1350,Male,26,Finance,Manager,2023-03-02,912708,5,No,Master,Married,3,No,5,Pune
1351,Employee 1351,Female,57,Marketing,Specialist,2020-02-15,1211741,5,No,Bachelor,Married,6,Yes,3,Hyderabad
1352,Employee 1352,Female,30,HR,Specialist,2015-11-05,1201553,4,No,Diploma,Married,10,Yes,1,Pune
1353,Employee 1353,Female,25,IT,Associate,2023-05-28,893119,1,No,Master,Single,3,No,3,Hyderabad
1354,Employee 1354,Male,52,IT,Analyst,2015-10-23,1204961,4,No,Master,Single,10,Yes,3,Ahmedabad
1355,Employee 1355,Male,59,Support,Executive,2021-09-14,979107,1,No,Master,Married,4,Yes,4,Bengaluru
1356,Employee 1356,Female,28,Operations,Associate,2022-05-06,755347,4,No,Diploma,Single,4,No,4,Delhi
1357,Employee 1357,Male,47,Operations,Analyst,2023-08-16,811713,5,No,Master,Single,2,Yes,3,Ahmedabad
1358,Employee 1358,Female,43,Support,Specialist,2016-12-10,760457,1,No,Master,Married,9,No,4,Bengaluru
1359,Employee 1359,Female,26,Marketing,Manager,2026-02-03,1241875,2,No,Diploma,Married,0,No,2,Pune
1360,Employee 1360,Male,56,Sales,Associate,2017-09-14,594617,5,No,Diploma,Married,8,No,1,Delhi
1361,Employee 1361,Male,29,Marketing,Associate,2020-12-28,1539571,3,Yes,Master,Single,5,Yes,2,Chennai
1362,Employee 1362,Male,44,Marketing,Associate,2016-02-01,501119,2,No,Bachelor,Single,10,Yes,3,Bengaluru
1363,Employee 1363,Male,26,Operations,Manager,2015-04-02,1141580,4,No,Bachelor,Single,6,No,3,Mumbai
1364,Employee 1364,Female,21,Sales,Executive,2022-08-17,468674,5,No,Master,Married,1,No,5,Delhi
1365,Employee 1365,Male,47,IT,Manager,2022-08-09,359490,4,No,Diploma,Married,3,Yes,4,Hyderabad
1366,Employee 1366,Female,25,Support,Manager,2018-02-15,1507817,5,Yes,Bachelor,Single,5,Yes,2,Delhi
1367,Employee 1367,Male,48,Operations,Manager,2016-03-17,803207,4,No,Master,Married,10,Yes,4,Bengaluru
1368,Employee 1368,Female,38,Finance,Executive,2025-09-01,496284,1,No,Diploma,Single,0,Yes,1,Delhi
1369,Employee 1369,Female,37,Operations,Executive,2018-11-24,329451,5,No,Bachelor,Single,7,No,2,Chennai
1370,Employee 1370,Female,27,IT,Manager,2018-05-28,489752,5,No,Diploma,Single,7,Yes,4,Bengaluru
1371,Employee 1371,Male,31,Marketing,Executive,2021-03-29,1726588,5,No,Diploma,Single,5,Yes,1,Delhi
1372,Employee 1372,Male,41,Support,Specialist,2018-05-14,1509346,1,No,Diploma,Married,8,No,5,Hyderabad
1373,Employee 1373,Male,31,IT,Associate,2015-02-07,453052,1,No,Diploma,Single,11,No,4,Chennai
1374,Employee 1374,Male,34,HR,Analyst,2021-07-08,1367239,3,No,Diploma,Single,4,No,4,Mumbai
1375,Employee 1375,Male,26,IT,Executive,2018-04-20,484236,4,No,Diploma,Single,6,No,4,Mumbai
1376,Employee 1376,Female,52,Operations,Engineer,2020-06-15,749206,5,No,Bachelor,Single,6,No,4,Delhi
1377,Employee 1377,Female,28,HR,Executive,2020-01-06,805001,5,No,Master,Married,6,Yes,2,Bengaluru
1378,Employee 1378,Female,56,Support,Specialist,2017-06-26,1748473,4,No,Bachelor,Married,9,Yes,2,Bengaluru
1379,Employee 1379,Female,27,Sales,Specialist,2026-06-06,866393,5,Yes,Diploma,Single,0,Yes,4,Chennai
1380,Employee 1380,Male,28,IT,Executive,2019-03-15,1086741,4,No,Master,Married,7,No,2,Pune
1381,Employee 1381,Female,46,Marketing,Executive,2017-04-18,315646,2,No,Bachelor,Single,9,Yes,5,Hyderabad
1382,Employee 1382,Male,60,Sales,Manager,2016-01-08,348061,5,No,Master,Single,10,No,2,Chennai
1383,Employee 1383,Female,23,Finance,Specialist,2025-12-29,1542063,4,Yes,Bachelor,Married,0,Yes,2,Bengaluru
1384,Employee 1384,Female,26,HR,Engineer,2015-03-26,1515890,2,No,Master,Married,6,Yes,4,Bengaluru
1385,Employee 1385,Male,24,Support,Engineer,2020-01-11,1454750,4,No,Diploma,Married,4,Yes,4,Chennai
1386,Employee 1386,Male,56,Operations,Manager,2025-09-10,1792185,2,No,Master,Married,0,No,5,Ahmedabad
1387,Employee 1387,Male,22,Operations,Specialist,2023-06-22,1178095,4,No,Bachelor,Married,2,No,4,Chennai
1388,Employee 1388,Female,44,HR,Specialist,2015-10-24,867758,1,No,Bachelor,Single,10,No,5,Pune
1389,Employee 1389,Female,40,HR,Engineer,2019-02-24,424468,2,No,Bachelor,Married,7,No,3,Chennai
1390,Employee 1390,Male,46,Marketing,Analyst,2015-02-10,1353322,2,No,Master,Single,11,No,1,Ahmedabad
1391,Employee 1391,Female,44,Marketing,Executive,2019-12-11,587654,5,No,Master,Married,6,No,1,Pune
1392,Employee 1392,Male,52,Finance,Executive,2017-11-11,1549531,2,No,Bachelor,Married,8,Yes,3,Chennai
1393,Employee 1393,Male,47,Operations,Engineer,2025-11-14,309086,2,No,Master,Married,0,Yes,4,Mumbai
1394,Employee 1394,Male,48,IT,Executive,2016-12-12,1546905,3,Yes,Diploma,Married,9,Yes,4,Mumbai
1395,Employee 1395,Female,31,Sales,Analyst,2019-11-04,1789040,3,Yes,Bachelor,Married,6,No,1,Delhi
1396,Employee 1396,Female,32,Operations,Executive,2025-02-07,1260328,1,No,Master,Married,1,No,1,Mumbai
1397,Employee 1397,Female,36,Finance,Specialist,2016-11-26,449121,3,No,Diploma,Single,9,Yes,2,Ahmedabad
1398,Employee 1398,Male,26,IT,Manager,2023-11-21,988930,1,No,Bachelor,Married,2,Yes,4,Mumbai
1399,Employee 1399,Female,39,Finance,Executive,2015-12-10,633161,1,No,Bachelor,Single,10,No,4,Chennai
1400,Employee 1400,Male,56,HR,Specialist,2022-09-19,1315994,4,Yes,Master,Single,3,Yes,2,Bengaluru
1401,Employee 1401,Female,39,Finance,Manager,2016-03-26,1000139,1,No,Master,Single,10,No,1,Pune
1402,Employee 1402,Female,51,Marketing,Manager,2022-12-11,1099791,3,No,Diploma,Single,3,No,4,Hyderabad
1403,Employee 1403,Female,41,Sales,Engineer,2020-04-08,1751545,2,No,Diploma,Single,6,Yes,1,Mumbai
1404,Employee 1404,Male,46,Marketing,Engineer,2017-06-12,463091,2,No,Master,Married,9,Yes,4,Pune
1405,Employee 1405,Female,41,HR,Analyst,2024-07-28,315265,5,No,Master,Single,1,Yes,4,Chennai
1406,Employee 1406,Female,31,Sales,Engineer,2024-03-18,1259603,5,No,Master,Married,2,No,5,Ahmedabad
1407,Employee 1407,Male,45,Operations,Associate,2023-02-09,572233,4,Yes,Diploma,Single,3,Yes,5,Bengaluru
1408,Employee 1408,Female,52,Marketing,Specialist,2024-07-16,1221114,2,No,Diploma,Single,1,Yes,4,Delhi
1409,Employee 1409,Female,40,Support,Associate,2026-02-14,1503276,3,Yes,Diploma,Single,0,Yes,4,Chennai
1410,Employee 1410,Male,38,Support,Engineer,2024-09-13,996662,5,No,Diploma,Single,1,No,1,Hyderabad
1411,Employee 1411,Female,55,IT,Analyst,2026-02-28,1094768,4,No,Bachelor,Married,0,No,4,Delhi
1412,Employee 1412,Male,36,HR,Associate,2023-11-21,1342289,2,No,Diploma,Single,2,Yes,2,Bengaluru
1413,Employee 1413,Male,53,IT,Associate,2016-07-17,997126,3,No,Bachelor,Single,9,No,4,Mumbai
1414,Employee 1414,Female,21,Marketing,Engineer,2021-01-23,1615031,3,No,Bachelor,Married,1,No,1,Hyderabad
1415,Employee 1415,Male,41,Operations,Associate,2025-05-14,1046259,4,No,Diploma,Married,1,Yes,4,Hyderabad
1416,Employee 1416,Male,35,Marketing,Engineer,2023-12-07,441144,5,Yes,Bachelor,Single,2,Yes,2,Ahmedabad
1417,Employee 1417,Male,40,Finance,Specialist,2015-04-15,1789679,2,No,Bachelor,Single,11,No,3,Mumbai
1418,Employee 1418,Male,32,Finance,Manager,2019-02-10,614616,1,No,Diploma,Single,7,No,2,Hyderabad
1419,Employee 1419,Female,22,IT,Manager,2026-06-21,1410887,2,Yes,Bachelor,Single,0,No,1,Hyderabad
1420,Employee 1420,Male,42,Marketing,Executive,2015-08-23,545394,4,No,Diploma,Married,10,Yes,2,Hyderabad
1421,Employee 1421,Male,36,Operations,Executive,2024-10-24,1705009,3,No,Master,Single,1,Yes,1,Chennai
1422,Employee 1422,Male,36,Operations,Analyst,2023-05-08,957050,1,No,Diploma,Married,3,No,2,Delhi
1423,Employee 1423,Male,56,Finance,Associate,2019-12-10,1012715,3,No,Master,Married,6,No,1,Bengaluru
1424,Employee 1424,Female,41,Operations,Engineer,2025-03-17,741193,5,No,Master,Married,1,Yes,3,Ahmedabad
1425,Employee 1425,Female,58,Operations,Executive,2015-04-23,552783,3,No,Master,Single,11,Yes,4,Pune
1426,Employee 1426,Male,35,Marketing,Engineer,2018-02-19,1159970,2,No,Bachelor,Married,8,Yes,2,Mumbai
1427,Employee 1427,Female,28,IT,Analyst,2024-02-14,1080170,3,No,Bachelor,Married,2,No,3,Hyderabad
1428,Employee 1428,Male,21,Sales,Manager,2021-10-11,1172898,2,Yes,Master,Single,1,Yes,4,Mumbai
1429,Employee 1429,Female,60,IT,Manager,2025-08-23,1286667,4,No,Bachelor,Single,0,No,2,Chennai
1430,Employee 1430,Male,34,Finance,Specialist,2023-10-13,1717133,4,No,Diploma,Single,2,Yes,1,Hyderabad
1431,Employee 1431,Female,35,Finance,Specialist,2022-06-23,1359489,4,Yes,Diploma,Married,4,No,3,Bengaluru
1432,Employee 1432,Male,25,HR,Engineer,2017-02-17,1330154,4,No,Master,Married,5,Yes,1,Pune
1433,Employee 1433,Female,23,Operations,Executive,2021-01-27,257140,4,No,Master,Married,3,Yes,1,Pune
1434,Employee 1434,Male,46,Sales,Associate,2015-04-27,1709230,1,No,Diploma,Married,11,No,2,Bengaluru
1435,Employee 1435,Female,21,Finance,Analyst,2017-11-02,1345809,4,No,Bachelor,Single,1,No,4,Ahmedabad
1436,Employee 1436,Female,59,Marketing,Analyst,2026-04-03,588136,5,No,Bachelor,Married,0,No,5,Hyderabad
1437,Employee 1437,Male,36,Operations,Associate,2024-06-26,1266750,4,No,Master,Married,2,No,4,Hyderabad
1438,Employee 1438,Male,39,Operations,Executive,2016-10-06,1368195,2,No,Master,Married,9,Yes,3,Hyderabad
1439,Employee 1439,Male,26,Sales,Analyst,2022-03-28,1004917,4,No,Master,Single,4,Yes,1,Hyderabad
1440,Employee 1440,Female,24,HR,Manager,2024-04-04,626752,4,Yes,Diploma,Married,2,No,5,Pune
1441,Employee 1441,Female,50,IT,Specialist,2019-12-20,486108,1,No,Bachelor,Married,6,Yes,3,Chennai
1442,Employee 1442,Male,54,Support,Executive,2021-03-04,1501633,2,No,Master,Single,5,No,3,Hyderabad
1443,Employee 1443,Male,46,Sales,Engineer,2023-08-08,1219456,1,No,Diploma,Married,2,Yes,2,Chennai
1444,Employee 1444,Male,39,IT,Engineer,2016-03-16,1113563,4,No,Diploma,Married,10,No,1,Delhi
1445,Employee 1445,Male,37,Sales,Engineer,2019-02-23,992946,1,No,Diploma,Single,7,No,5,Delhi
1446,Employee 1446,Female,41,IT,Analyst,2015-08-26,715657,5,No,Master,Married,10,No,2,Chennai
1447,Employee 1447,Male,53,Finance,Analyst,2026-06-19,1580363,2,No,Master,Single,0,Yes,5,Ahmedabad
1448,Employee 1448,Female,39,IT,Engineer,2023-05-04,1425321,3,No,Master,Single,3,Yes,2,Pune
1449,Employee 1449,Female,41,Operations,Manager,2016-08-03,573719,5,No,Diploma,Single,9,Yes,3,Hyderabad
1450,Employee 1450,Female,28,Operations,Specialist,2020-01-24,1058302,2,Yes,Bachelor,Single,6,No,4,Ahmedabad
1451,Employee 1451,Female,50,Sales,Specialist,2020-10-17,763517,3,No,Diploma,Married,5,No,5,Hyderabad
1452,Employee 1452,Female,59,HR,Manager,2026-04-15,1315251,4,No,Master,Single,0,Yes,3,Delhi
1453,Employee 1453,Female,53,HR,Specialist,2016-12-06,482233,5,No,Diploma,Married,9,Yes,4,Bengaluru
1454,Employee 1454,Male,49,HR,Manager,2018-08-30,1485118,2,No,Master,Married,7,Yes,1,Mumbai
1455,Employee 1455,Male,54,IT,Engineer,2018-02-08,304986,1,No,Bachelor,Single,8,No,4,Delhi
1456,Employee 1456,Male,27,IT,Engineer,2025-08-16,559784,5,Yes,Diploma,Single,0,Yes,5,Bengaluru
1457,Employee 1457,Male,25,Marketing,Analyst,2020-07-19,797221,4,No,Master,Single,5,Yes,4,Ahmedabad
1458,Employee 1458,Female,33,HR,Manager,2016-10-01,357925,4,No,Master,Single,9,Yes,4,Delhi
1459,Employee 1459,Male,50,Marketing,Executive,2024-11-02,589984,4,No,Diploma,Single,1,No,3,Delhi
1460,Employee 1460,Female,38,HR,Associate,2019-05-22,1479241,1,Yes,Bachelor,Single,7,Yes,1,Delhi
1461,Employee 1461,Female,37,Sales,Executive,2020-09-13,1461578,3,No,Master,Married,5,No,4,Hyderabad
1462,Employee 1462,Female,41,Finance,Associate,2016-12-18,939876,5,No,Diploma,Married,9,No,1,Bengaluru
1463,Employee 1463,Male,29,Support,Engineer,2016-04-17,854233,4,No,Bachelor,Single,9,Yes,2,Mumbai
1464,Employee 1464,Male,34,IT,Analyst,2017-06-08,1141451,5,Yes,Diploma,Single,9,Yes,4,Bengaluru
1465,Employee 1465,Female,26,Finance,Analyst,2018-02-24,345888,4,No,Diploma,Single,6,No,5,Ahmedabad
1466,Employee 1466,Female,54,HR,Analyst,2026-01-09,1023388,3,No,Master,Single,0,No,5,Ahmedabad
1467,Employee 1467,Female,52,Finance,Associate,2022-03-01,782385,3,No,Bachelor,Single,4,Yes,3,Hyderabad
1468,Employee 1468,Male,28,Support,Executive,2019-05-20,826764,2,No,Bachelor,Married,7,Yes,1,Ahmedabad
1469,Employee 1469,Male,38,Operations,Associate,2020-12-07,654410,5,No,Bachelor,Single,5,No,1,Hyderabad
1470,Employee 1470,Male,23,IT,Engineer,2024-11-01,259643,3,No,Master,Single,1,Yes,4,Chennai
1471,Employee 1471,Male,34,HR,Associate,2015-02-09,258850,2,No,Diploma,Single,11,No,2,Delhi
1472,Employee 1472,Female,22,Support,Analyst,2017-10-04,1376960,4,No,Diploma,Single,2,No,4,Bengaluru
1473,Employee 1473,Female,47,HR,Specialist,2019-09-11,927209,1,No,Master,Single,6,Yes,5,Bengaluru
1474,Employee 1474,Male,23,Sales,Executive,2015-06-17,258575,5,No,Master,Single,3,No,3,Hyderabad
1475,Employee 1475,Female,38,Marketing,Engineer,2016-12-10,1183044,3,Yes,Master,Single,9,No,2,Chennai
1476,Employee 1476,Male,47,Marketing,Associate,2024-01-17,1600996,2,No,Bachelor,Married,2,No,4,Pune
1477,Employee 1477,Male,33,HR,Associate,2020-04-30,338184,3,No,Master,Married,6,Yes,1,Mumbai
1478,Employee 1478,Female,53,Support,Engineer,2023-09-26,966253,3,No,Diploma,Married,2,Yes,1,Ahmedabad
1479,Employee 1479,Male,35,HR,Analyst,2017-11-06,972884,3,Yes,Master,Married,8,Yes,3,Ahmedabad
1480,Employee 1480,Female,49,Finance,Specialist,2021-09-24,512640,4,Yes,Master,Married,4,Yes,1,Bengaluru
1481,Employee 1481,Female,25,IT,Analyst,2025-01-25,1429763,4,No,Bachelor,Single,1,Yes,1,Mumbai
1482,Employee 1482,Female,40,Operations,Specialist,2015-11-14,1250923,5,No,Bachelor,Single,10,Yes,5,Chennai
1483,Employee 1483,Female,36,Sales,Analyst,2018-08-14,1115320,5,No,Bachelor,Married,7,Yes,4,Hyderabad
1484,Employee 1484,Male,51,Sales,Specialist,2026-04-21,1422750,4,No,Diploma,Single,0,Yes,4,Ahmedabad
1485,Employee 1485,Female,41,Support,Specialist,2025-02-28,623822,1,No,Master,Single,1,Yes,3,Mumbai
1486,Employee 1486,Male,27,Support,Specialist,2018-10-01,1566999,2,No,Bachelor,Single,7,No,4,Ahmedabad
1487,Employee 1487,Male,32,Operations,Manager,2022-09-20,940930,5,Yes,Master,Married,3,No,4,Bengaluru
1488,Employee 1488,Male,29,Support,Manager,2020-03-28,1649270,1,No,Diploma,Married,6,No,3,Delhi
1489,Employee 1489,Male,45,HR,Engineer,2020-07-25,943344,5,No,Master,Single,5,No,3,Bengaluru
1490,Employee 1490,Male,23,HR,Engineer,2018-10-07,537321,3,Yes,Bachelor,Married,3,Yes,1,Ahmedabad
1491,Employee 1491,Female,25,IT,Executive,2022-01-11,1043276,5,No,Bachelor,Married,4,No,2,Delhi
1492,Employee 1492,Male,53,Support,Executive,2016-03-20,1495314,3,Yes,Master,Single,10,Yes,3,Pune
1493,Employee 1493,Male,48,Marketing,Analyst,2021-06-19,744102,3,No,Diploma,Married,5,No,2,Delhi
1494,Employee 1494,Female,32,IT,Analyst,2017-08-16,855806,3,No,Diploma,Single,8,No,5,Mumbai
1495,Employee 1495,Male,29,Operations,Engineer,2015-09-09,551962,1,No,Diploma,Married,9,No,1,Chennai
1496,Employee 1496,Female,35,Marketing,Analyst,2019-03-16,1045149,5,No,Bachelor,Single,7,Yes,3,Hyderabad
1497,Employee 1497,Female,59,Marketing,Engineer,2023-09-01,494388,1,No,Bachelor,Single,2,No,5,Ahmedabad
1498,Employee 1498,Female,42,Finance,Manager,2018-11-21,486516,1,No,Master,Single,7,Yes,1,Bengaluru
1499,Employee 1499,Male,46,HR,Executive,2024-09-28,1545701,1,Yes,Diploma,Single,1,No,5,Mumbai
1500,Employee 1500,Male,24,Marketing,Analyst,2015-12-17,950227,3,No,Diploma,Married,4,No,4,Bengaluru
1501,Employee 1501,Male,47,Support,Specialist,2021-12-08,445347,3,No,Bachelor,Married,4,Yes,1,Mumbai
1502,Employee 1502,Male,51,Sales,Associate,2024-05-04,413627,4,No,Bachelor,Single,2,Yes,3,Pune
1503,Employee 1503,Male,39,Support,Associate,2022-11-16,305944,2,Yes,Master,Married,3,Yes,5,Pune
1504,Employee 1504,Female,50,Marketing,Specialist,2018-01-29,501475,3,No,Bachelor,Married,8,Yes,5,Chennai
1505,Employee 1505,Male,30,Finance,Analyst,2018-07-09,611082,2,No,Bachelor,Married,7,No,3,Pune
1506,Employee 1506,Female,36,Marketing,Specialist,2022-08-17,1476872,5,No,Bachelor,Single,3,Yes,3,Ahmedabad
1507,Employee 1507,Female,44,IT,Associate,2024-01-01,891080,1,No,Diploma,Married,2,No,4,Pune
1508,Employee 1508,Female,26,Support,Engineer,2018-07-27,893574,1,No,Master,Married,6,Yes,3,Mumbai
1509,Employee 1509,Male,46,IT,Manager,2016-07-03,1275872,2,No,Diploma,Single,10,Yes,5,Hyderabad
1510,Employee 1510,Male,27,Operations,Analyst,2016-08-16,747279,2,No,Bachelor,Married,7,Yes,1,Mumbai
1511,Employee 1511,Female,60,Finance,Analyst,2022-06-01,482459,5,No,Diploma,Married,4,No,4,Bengaluru
1512,Employee 1512,Male,50,IT,Engineer,2017-08-01,1145803,3,No,Diploma,Single,8,Yes,2,Hyderabad
1513,Employee 1513,Female,44,Operations,Analyst,2025-02-09,1010377,1,Yes,Bachelor,Single,1,No,5,Mumbai
1514,Employee 1514,Male,42,Marketing,Analyst,2024-05-01,314075,2,Yes,Master,Married,2,Yes,5,Hyderabad
1515,Employee 1515,Female,36,HR,Executive,2020-01-24,670919,2,No,Bachelor,Single,6,Yes,1,Hyderabad
1516,Employee 1516,Male,21,Marketing,Specialist,2021-10-24,1121963,3,No,Bachelor,Single,1,No,2,Delhi
1517,Employee 1517,Male,51,HR,Executive,2018-09-19,274984,2,Yes,Diploma,Married,7,Yes,1,Ahmedabad
1518,Employee 1518,Female,43,Operations,Specialist,2021-03-15,842783,5,No,Master,Married,5,Yes,2,Chennai
1519,Employee 1519,Female,32,IT,Analyst,2019-12-24,691400,1,No,Bachelor,Married,6,Yes,4,Mumbai
1520,Employee 1520,Female,35,Finance,Specialist,2018-06-06,772233,3,No,Bachelor,Married,8,No,4,Ahmedabad
1521,Employee 1521,Female,28,Operations,Manager,2015-05-02,302142,1,No,Diploma,Single,8,No,3,Chennai
1522,Employee 1522,Male,31,Marketing,Engineer,2024-04-12,1611990,2,No,Bachelor,Married,2,Yes,4,Ahmedabad
1523,Employee 1523,Female,37,Finance,Executive,2025-05-17,1043464,4,No,Master,Single,1,No,3,Delhi
1524,Employee 1524,Female,35,IT,Engineer,2026-01-28,907998,2,No,Diploma,Single,0,No,1,Delhi
1525,Employee 1525,Male,59,Marketing,Associate,2021-12-02,1699959,4,No,Bachelor,Single,4,Yes,4,Ahmedabad
1526,Employee 1526,Male,23,IT,Associate,2022-04-25,1513288,4,No,Diploma,Married,3,No,1,Bengaluru
1527,Employee 1527,Female,53,HR,Analyst,2023-03-16,1306886,1,No,Diploma,Married,3,No,1,Mumbai
1528,Employee 1528,Female,30,Operations,Manager,2021-04-22,1509565,3,No,Diploma,Single,5,Yes,2,Bengaluru
1529,Employee 1529,Female,48,IT,Analyst,2016-11-21,871083,2,No,Diploma,Single,9,No,1,Delhi
1530,Employee 1530,Female,27,Finance,Manager,2020-04-27,1195697,3,No,Master,Single,6,No,5,Chennai
1531,Employee 1531,Male,60,Finance,Engineer,2017-11-24,1655135,3,Yes,Bachelor,Single,8,Yes,4,Chennai
1532,Employee 1532,Male,50,Sales,Specialist,2022-07-09,256824,3,No,Diploma,Married,3,Yes,4,Chennai
1533,Employee 1533,Female,60,Sales,Engineer,2019-03-01,1735892,2,No,Bachelor,Married,7,No,2,Mumbai
1534,Employee 1534,Male,26,HR,Executive,2016-05-20,1521975,4,No,Master,Married,6,No,2,Pune
1535,Employee 1535,Male,31,Marketing,Specialist,2022-08-19,1179215,5,No,Master,Married,3,Yes,3,Chennai
1536,Employee 1536,Male,41,Sales,Manager,2019-01-03,1416459,4,No,Diploma,Married,7,No,3,Bengaluru
1537,Employee 1537,Male,23,Marketing,Engineer,2025-06-29,1271866,2,No,Bachelor,Single,1,No,4,Ahmedabad
1538,Employee 1538,Male,52,IT,Executive,2023-04-06,1143482,4,No,Bachelor,Married,3,No,5,Pune
1539,Employee 1539,Male,48,HR,Associate,2021-05-05,932049,1,No,Diploma,Married,5,No,5,Delhi
1540,Employee 1540,Male,52,Support,Executive,2019-02-26,1556850,2,No,Master,Single,7,Yes,2,Pune
1541,Employee 1541,Female,34,Marketing,Associate,2016-03-05,1729702,2,No,Diploma,Married,10,Yes,1,Delhi
1542,Employee 1542,Male,57,IT,Manager,2026-03-02,395103,4,Yes,Diploma,Married,0,Yes,4,Chennai
1543,Employee 1543,Male,45,IT,Manager,2025-04-07,579857,1,No,Diploma,Single,1,No,2,Pune
1544,Employee 1544,Female,52,Sales,Specialist,2015-04-02,1124369,1,No,Diploma,Single,11,No,1,Delhi
1545,Employee 1545,Female,60,Sales,Analyst,2022-09-17,251552,4,Yes,Bachelor,Single,3,Yes,1,Chennai
1546,Employee 1546,Male,40,HR,Specialist,2025-09-05,1042466,5,No,Bachelor,Single,0,Yes,2,Chennai
1547,Employee 1547,Female,21,Marketing,Executive,2025-02-17,1602519,1,No,Master,Married,1,Yes,4,Chennai
1548,Employee 1548,Male,53,HR,Analyst,2018-05-09,453171,3,Yes,Master,Married,8,No,4,Mumbai
1549,Employee 1549,Female,47,Finance,Engineer,2019-01-27,1300207,2,Yes,Diploma,Single,7,No,4,Ahmedabad
1550,Employee 1550,Male,59,Marketing,Engineer,2022-07-24,897351,2,No,Bachelor,Single,3,Yes,1,Ahmedabad
1551,Employee 1551,Male,55,Finance,Associate,2017-05-25,1032607,3,No,Diploma,Single,9,Yes,4,Bengaluru
1552,Employee 1552,Male,32,IT,Engineer,2015-07-31,753822,1,No,Master,Single,10,Yes,1,Ahmedabad
1553,Employee 1553,Female,58,HR,Executive,2020-07-19,1045327,3,No,Diploma,Married,5,Yes,1,Delhi
1554,Employee 1554,Female,36,Support,Associate,2025-02-15,1137454,5,Yes,Bachelor,Married,1,Yes,2,Chennai
1555,Employee 1555,Female,27,Marketing,Engineer,2015-02-22,313641,4,No,Master,Single,7,Yes,1,Delhi
1556,Employee 1556,Male,23,IT,Manager,2025-10-09,1299058,2,No,Master,Married,0,Yes,3,Hyderabad
1557,Employee 1557,Female,29,Marketing,Associate,2018-01-09,593553,1,No,Master,Single,8,Yes,3,Pune
1558,Employee 1558,Male,23,Marketing,Associate,2024-06-08,514348,1,No,Master,Single,2,Yes,1,Pune
1559,Employee 1559,Male,45,Sales,Manager,2019-06-30,1294574,5,No,Bachelor,Married,7,No,3,Chennai
1560,Employee 1560,Male,56,HR,Executive,2017-04-17,857391,3,No,Bachelor,Married,9,No,3,Ahmedabad
1561,Employee 1561,Female,37,Marketing,Associate,2019-02-17,1704609,4,Yes,Diploma,Married,7,Yes,5,Pune
1562,Employee 1562,Male,29,Marketing,Analyst,2018-05-08,627547,3,No,Master,Married,8,No,4,Delhi
1563,Employee 1563,Male,49,Operations,Manager,2025-09-24,1399647,4,No,Bachelor,Single,0,Yes,5,Mumbai
1564,Employee 1564,Female,28,Operations,Manager,2020-01-17,1786551,3,Yes,Master,Married,6,No,2,Bengaluru
1565,Employee 1565,Female,57,Finance,Analyst,2025-03-25,1260938,3,No,Bachelor,Married,1,No,2,Ahmedabad
1566,Employee 1566,Male,51,HR,Manager,2019-12-25,972835,2,No,Master,Married,6,No,1,Bengaluru
1567,Employee 1567,Male,60,Sales,Manager,2020-05-23,833146,5,No,Bachelor,Single,6,Yes,3,Hyderabad
1568,Employee 1568,Female,26,Support,Specialist,2026-04-10,645062,1,No,Diploma,Married,0,No,2,Pune
1569,Employee 1569,Male,48,Operations,Analyst,2016-09-24,900300,2,No,Master,Single,9,Yes,2,Hyderabad
1570,Employee 1570,Female,23,IT,Analyst,2019-06-03,608151,4,No,Diploma,Married,3,Yes,3,Bengaluru
1571,Employee 1571,Male,44,Support,Manager,2025-12-19,309801,4,No,Diploma,Single,0,No,5,Mumbai
1572,Employee 1572,Female,48,HR,Executive,2023-04-26,714187,3,No,Bachelor,Married,3,Yes,2,Chennai
1573,Employee 1573,Female,42,HR,Executive,2022-10-28,1705420,2,No,Diploma,Single,3,Yes,3,Delhi
1574,Employee 1574,Female,52,IT,Analyst,2018-10-09,589852,4,No,Master,Married,7,Yes,1,Ahmedabad
1575,Employee 1575,Female,39,IT,Associate,2025-08-13,318190,5,Yes,Diploma,Married,0,Yes,4,Delhi
1576,Employee 1576,Male,53,Finance,Associate,2019-01-14,1141848,2,No,Bachelor,Single,7,Yes,4,Delhi
1577,Employee 1577,Female,32,Sales,Manager,2025-07-19,1258655,2,No,Master,Single,0,Yes,5,Hyderabad
1578,Employee 1578,Female,43,Finance,Engineer,2025-01-21,1129046,1,No,Diploma,Married,1,No,2,Ahmedabad
1579,Employee 1579,Female,37,Support,Associate,2024-01-05,1797487,4,Yes,Bachelor,Single,2,Yes,2,Chennai
1580,Employee 1580,Male,41,Sales,Associate,2021-01-12,1565245,3,No,Bachelor,Married,5,No,3,Pune
1581,Employee 1581,Female,51,IT,Manager,2024-08-17,1018777,4,No,Diploma,Married,1,No,1,Pune
1582,Employee 1582,Female,26,Operations,Specialist,2020-01-03,1217934,1,No,Master,Married,6,Yes,2,Ahmedabad
1583,Employee 1583,Female,33,Operations,Specialist,2023-04-13,301801,2,No,Bachelor,Married,3,Yes,1,Hyderabad
1584,Employee 1584,Male,58,Support,Associate,2021-07-25,1585785,2,No,Bachelor,Married,4,No,5,Hyderabad
1585,Employee 1585,Female,43,HR,Associate,2025-06-09,1566245,3,No,Bachelor,Single,1,Yes,2,Chennai
1586,Employee 1586,Female,34,IT,Associate,2015-06-07,1077972,1,No,Bachelor,Married,11,Yes,1,Delhi
1587,Employee 1587,Female,31,Sales,Engineer,2016-05-16,396060,3,No,Master,Single,10,Yes,5,Mumbai
1588,Employee 1588,Male,22,Sales,Engineer,2015-03-27,1066066,3,No,Bachelor,Single,2,Yes,3,Delhi
1589,Employee 1589,Male,49,Operations,Specialist,2024-05-28,1629468,5,No,Master,Married,2,No,4,Delhi
1590,Employee 1590,Male,48,Support,Executive,2025-06-02,930725,3,No,Diploma,Single,1,Yes,2,Chennai
1591,Employee 1591,Male,49,IT,Manager,2023-12-31,910270,3,No,Master,Married,2,Yes,1,Hyderabad
1592,Employee 1592,Female,50,Sales,Manager,2020-01-20,916419,3,No,Bachelor,Single,6,Yes,4,Chennai
1593,Employee 1593,Male,26,IT,Analyst,2016-02-05,375650,3,No,Bachelor,Single,6,Yes,5,Pune
1594,Employee 1594,Male,46,Sales,Analyst,2015-03-17,1230960,2,Yes,Bachelor,Married,11,Yes,4,Delhi
1595,Employee 1595,Female,55,HR,Manager,2021-09-26,385816,5,No,Master,Married,4,No,4,Pune
1596,Employee 1596,Female,22,Finance,Executive,2020-09-14,1252065,4,No,Bachelor,Single,2,No,5,Chennai
1597,Employee 1597,Male,57,Sales,Executive,2020-04-07,670568,1,No,Diploma,Married,6,No,1,Delhi
1598,Employee 1598,Female,22,Operations,Executive,2019-02-13,552341,1,No,Diploma,Married,2,Yes,1,Ahmedabad
1599,Employee 1599,Female,22,Finance,Manager,2017-05-03,362551,2,No,Diploma,Married,2,No,5,Chennai
1600,Employee 1600,Female,41,Finance,Associate,2018-12-19,1249698,2,No,Master,Single,7,Yes,4,Mumbai
1601,Employee 1601,Female,51,Operations,Executive,2019-12-14,1586655,4,No,Master,Single,6,Yes,5,Mumbai
1602,Employee 1602,Male,27,Finance,Executive,2025-04-20,695358,4,No,Diploma,Single,1,No,1,Ahmedabad
1603,Employee 1603,Male,60,Marketing,Associate,2022-07-14,1612412,1,No,Bachelor,Single,3,Yes,2,Chennai
1604,Employee 1604,Female,43,Finance,Specialist,2021-02-26,1001414,4,No,Diploma,Married,5,Yes,5,Ahmedabad
1605,Employee 1605,Female,45,HR,Associate,2023-03-14,336837,5,No,Master,Single,3,No,3,Delhi
1606,Employee 1606,Female,54,Support,Engineer,2025-11-05,659680,3,Yes,Master,Single,0,Yes,3,Pune
1607,Employee 1607,Female,21,Sales,Associate,2021-11-02,1671504,1,Yes,Bachelor,Single,1,No,2,Pune
1608,Employee 1608,Male,57,Sales,Specialist,2019-06-15,837675,4,No,Bachelor,Single,7,No,5,Chennai
1609,Employee 1609,Male,46,Support,Associate,2017-10-21,648894,1,No,Diploma,Single,8,Yes,1,Mumbai
1610,Employee 1610,Female,32,Sales,Manager,2021-11-06,659113,1,No,Bachelor,Married,4,No,4,Chennai
1611,Employee 1611,Male,51,IT,Analyst,2020-02-14,1260979,2,No,Master,Married,6,No,1,Pune
1612,Employee 1612,Female,35,Marketing,Associate,2016-07-21,1202450,1,No,Diploma,Single,9,Yes,5,Hyderabad
1613,Employee 1613,Female,28,Finance,Analyst,2020-01-20,1058013,1,No,Diploma,Single,6,No,4,Hyderabad
1614,Employee 1614,Female,37,Operations,Executive,2021-01-24,430819,3,No,Bachelor,Married,5,No,1,Hyderabad
1615,Employee 1615,Male,46,Marketing,Analyst,2017-08-25,259192,1,No,Bachelor,Single,8,Yes,2,Ahmedabad
1616,Employee 1616,Female,51,Sales,Engineer,2021-03-06,304425,2,No,Master,Single,5,No,1,Pune
1617,Employee 1617,Male,33,IT,Associate,2020-06-09,653129,3,No,Master,Married,6,Yes,2,Delhi
1618,Employee 1618,Female,53,Marketing,Executive,2016-04-10,1187107,4,No,Master,Married,10,No,5,Ahmedabad
1619,Employee 1619,Male,43,Marketing,Engineer,2019-08-29,1738052,4,No,Diploma,Married,6,Yes,5,Ahmedabad
1620,Employee 1620,Male,42,HR,Manager,2021-09-21,801050,2,No,Master,Married,4,Yes,5,Ahmedabad
1621,Employee 1621,Female,55,Sales,Specialist,2024-06-18,1240969,2,No,Diploma,Single,2,No,3,Bengaluru
1622,Employee 1622,Female,37,Sales,Executive,2018-09-06,1768533,3,No,Bachelor,Married,7,Yes,4,Pune
1623,Employee 1623,Female,33,HR,Executive,2016-07-27,1272516,1,No,Diploma,Single,9,No,2,Delhi
1624,Employee 1624,Male,30,HR,Manager,2015-07-28,1617613,3,No,Diploma,Married,10,No,2,Hyderabad
1625,Employee 1625,Male,21,IT,Executive,2017-08-13,664110,1,No,Bachelor,Single,1,Yes,1,Chennai
1626,Employee 1626,Female,60,Finance,Executive,2019-05-13,775643,4,No,Master,Married,7,Yes,1,Pune
1627,Employee 1627,Female,23,Operations,Specialist,2025-03-05,1012371,2,No,Bachelor,Single,1,Yes,5,Chennai
1628,Employee 1628,Male,53,IT,Analyst,2025-11-14,512985,3,No,Bachelor,Married,0,Yes,3,Delhi
1629,Employee 1629,Female,31,IT,Manager,2024-07-04,275608,2,No,Bachelor,Married,1,Yes,2,Pune
1630,Employee 1630,Female,41,Operations,Specialist,2023-07-21,540908,5,Yes,Master,Single,2,Yes,4,Ahmedabad
1631,Employee 1631,Male,33,Sales,Executive,2025-07-28,1093167,3,No,Diploma,Single,0,No,4,Bengaluru
1632,Employee 1632,Male,24,HR,Executive,2016-05-29,1510821,1,No,Diploma,Single,4,Yes,5,Delhi
1633,Employee 1633,Female,36,IT,Specialist,2019-01-13,468135,3,No,Master,Married,7,No,2,Mumbai
1634,Employee 1634,Male,22,HR,Analyst,2020-05-16,508674,3,No,Diploma,Married,2,No,4,Mumbai
1635,Employee 1635,Female,23,HR,Analyst,2026-06-06,1137424,4,No,Master,Single,0,Yes,2,Hyderabad
1636,Employee 1636,Male,39,Finance,Manager,2023-08-10,1202842,2,No,Diploma,Single,2,No,1,Mumbai
1637,Employee 1637,Male,45,Operations,Engineer,2019-03-14,1369859,5,No,Master,Married,7,No,2,Bengaluru
1638,Employee 1638,Male,24,Sales,Engineer,2025-05-09,1536349,5,No,Bachelor,Single,1,No,1,Mumbai
1639,Employee 1639,Male,32,IT,Specialist,2025-08-08,1138913,2,No,Diploma,Single,0,Yes,5,Ahmedabad
1640,Employee 1640,Female,36,Marketing,Executive,2016-07-21,1198486,3,No,Master,Single,9,No,4,Ahmedabad
1641,Employee 1641,Male,26,Operations,Analyst,2018-07-16,1768950,2,No,Diploma,Single,6,No,4,Mumbai
1642,Employee 1642,Female,24,Finance,Specialist,2025-06-17,860114,2,No,Bachelor,Married,1,Yes,4,Pune
1643,Employee 1643,Male,29,Support,Executive,2020-03-17,1130607,2,No,Diploma,Single,6,Yes,1,Bengaluru
1644,Employee 1644,Female,49,HR,Specialist,2025-10-22,1054505,1,No,Master,Married,0,No,4,Chennai
1645,Employee 1645,Male,47,IT,Specialist,2019-12-02,753793,5,No,Bachelor,Single,6,Yes,5,Ahmedabad
1646,Employee 1646,Male,56,Marketing,Associate,2022-04-04,1186381,4,Yes,Bachelor,Single,4,No,2,Hyderabad
1647,Employee 1647,Female,28,Marketing,Engineer,2022-01-02,377305,1,No,Bachelor,Married,4,No,2,Delhi
1648,Employee 1648,Female,39,Sales,Executive,2023-02-18,841897,4,No,Diploma,Married,3,Yes,1,Delhi
1649,Employee 1649,Female,40,Sales,Executive,2021-03-07,306065,5,Yes,Bachelor,Single,5,No,1,Delhi
1650,Employee 1650,Male,25,Operations,Analyst,2020-10-27,1472127,5,No,Diploma,Single,5,Yes,1,Pune
1651,Employee 1651,Male,23,HR,Engineer,2022-04-05,758630,1,No,Diploma,Single,3,Yes,3,Pune
1652,Employee 1652,Female,52,Operations,Associate,2020-06-07,1426783,4,Yes,Bachelor,Married,6,No,5,Mumbai
1653,Employee 1653,Male,27,HR,Manager,2016-06-08,915226,4,No,Master,Single,7,Yes,4,Hyderabad
1654,Employee 1654,Male,49,Support,Specialist,2018-04-01,1013298,2,Yes,Bachelor,Single,8,Yes,1,Chennai
1655,Employee 1655,Male,50,Sales,Engineer,2019-02-23,864398,4,No,Master,Married,7,No,2,Mumbai
1656,Employee 1656,Female,25,Finance,Specialist,2017-03-14,1134289,5,No,Master,Single,5,Yes,3,Chennai
1657,Employee 1657,Female,33,IT,Manager,2022-03-31,1245263,1,No,Diploma,Single,4,No,4,Bengaluru
1658,Employee 1658,Female,26,Marketing,Specialist,2015-12-27,603470,2,No,Diploma,Married,6,No,5,Hyderabad
1659,Employee 1659,Male,47,Support,Executive,2018-10-26,1532535,1,No,Master,Single,7,Yes,5,Hyderabad
1660,Employee 1660,Female,33,Sales,Executive,2019-05-02,407489,4,No,Bachelor,Single,7,No,1,Bengaluru
1661,Employee 1661,Male,30,Finance,Engineer,2019-02-04,479336,4,No,Diploma,Married,7,No,1,Chennai
1662,Employee 1662,Female,40,Operations,Executive,2025-06-03,908804,1,No,Master,Married,1,No,2,Hyderabad
1663,Employee 1663,Female,30,Finance,Specialist,2024-08-30,1132946,5,No,Master,Single,1,No,1,Pune
1664,Employee 1664,Female,40,IT,Specialist,2026-05-16,546775,4,No,Diploma,Single,0,No,3,Chennai
1665,Employee 1665,Male,45,Operations,Analyst,2025-11-23,1112818,2,No,Master,Married,0,No,2,Delhi
1666,Employee 1666,Male,51,Finance,Analyst,2023-12-08,1695840,2,No,Bachelor,Married,2,Yes,1,Mumbai
1667,Employee 1667,Male,26,IT,Engineer,2021-10-20,1538150,5,Yes,Diploma,Married,4,Yes,4,Pune
1668,Employee 1668,Female,50,Sales,Manager,2015-02-17,795851,2,No,Bachelor,Single,11,No,5,Delhi
1669,Employee 1669,Female,34,HR,Executive,2024-08-28,1245601,2,No,Master,Married,1,Yes,2,Pune
1670,Employee 1670,Female,32,Support,Specialist,2016-08-28,690671,4,No,Diploma,Single,9,No,1,Mumbai
1671,Employee 1671,Male,28,Sales,Analyst,2025-10-21,1282866,5,No,Diploma,Married,0,No,3,Ahmedabad
1672,Employee 1672,Female,56,IT,Analyst,2018-11-26,771065,3,No,Bachelor,Single,7,No,4,Chennai
1673,Employee 1673,Female,43,Support,Specialist,2016-08-24,1292122,3,No,Bachelor,Married,9,No,2,Delhi
1674,Employee 1674,Male,44,Finance,Associate,2021-06-05,919125,1,No,Bachelor,Married,5,No,1,Pune
1675,Employee 1675,Male,39,Marketing,Manager,2024-08-06,434689,2,No,Master,Married,1,Yes,1,Mumbai
1676,Employee 1676,Male,31,HR,Manager,2019-10-19,1665808,2,Yes,Bachelor,Married,6,No,3,Hyderabad
1677,Employee 1677,Male,38,HR,Executive,2017-01-09,1529417,5,No,Master,Single,9,No,3,Chennai
1678,Employee 1678,Female,49,HR,Associate,2020-12-13,1777200,2,No,Master,Single,5,No,1,Mumbai
1679,Employee 1679,Male,60,HR,Analyst,2016-06-24,1725199,2,No,Diploma,Married,10,Yes,2,Delhi
1680,Employee 1680,Male,54,Finance,Engineer,2024-04-24,1328579,5,No,Diploma,Married,2,Yes,3,Ahmedabad
1681,Employee 1681,Female,52,HR,Analyst,2016-09-30,1023406,1,No,Master,Single,9,Yes,5,Ahmedabad
1682,Employee 1682,Female,27,IT,Associate,2024-02-14,640802,4,No,Bachelor,Married,2,Yes,4,Hyderabad
1683,Employee 1683,Female,51,Finance,Executive,2026-03-05,1701715,2,No,Diploma,Married,0,No,1,Ahmedabad
1684,Employee 1684,Female,57,Operations,Specialist,2020-05-16,917339,5,No,Master,Single,6,No,2,Delhi
1685,Employee 1685,Male,23,Sales,Analyst,2017-04-29,1260060,1,No,Diploma,Married,3,No,1,Pune
1686,Employee 1686,Female,25,Sales,Manager,2019-05-12,580306,2,Yes,Master,Single,5,No,4,Pune
1687,Employee 1687,Female,41,Operations,Analyst,2015-08-06,1117156,4,No,Bachelor,Married,10,Yes,4,Mumbai
1688,Employee 1688,Male,38,Operations,Specialist,2024-09-17,939360,1,No,Bachelor,Single,1,Yes,4,Mumbai
1689,Employee 1689,Female,45,IT,Engineer,2017-01-22,296711,5,No,Diploma,Single,9,Yes,4,Hyderabad
1690,Employee 1690,Female,54,Support,Engineer,2016-12-12,1337884,1,No,Bachelor,Married,9,Yes,3,Pune
1691,Employee 1691,Male,26,Operations,Executive,2026-03-12,1778901,5,No,Diploma,Single,0,No,5,Pune
1692,Employee 1692,Male,31,Marketing,Associate,2025-03-25,901423,4,No,Diploma,Single,1,Yes,2,Mumbai
1693,Employee 1693,Female,60,Sales,Manager,2015-03-01,1140044,4,No,Master,Married,11,No,3,Ahmedabad
1694,Employee 1694,Male,22,Support,Specialist,2025-02-09,420982,4,No,Bachelor,Single,1,Yes,1,Hyderabad
1695,Employee 1695,Male,47,Support,Manager,2018-06-06,492178,3,No,Diploma,Married,8,No,1,Ahmedabad
1696,Employee 1696,Female,56,Finance,Specialist,2021-04-02,377237,5,No,Master,Married,5,No,5,Ahmedabad
1697,Employee 1697,Male,56,Operations,Engineer,2020-05-20,660589,5,No,Master,Single,6,No,3,Mumbai
1698,Employee 1698,Male,29,Sales,Associate,2026-04-24,338944,3,No,Master,Single,0,No,3,Chennai
1699,Employee 1699,Female,35,Support,Engineer,2018-08-31,370829,3,No,Bachelor,Single,7,No,4,Bengaluru
1700,Employee 1700,Female,37,Marketing,Associate,2015-09-28,678646,4,No,Master,Married,10,Yes,3,Delhi
1701,Employee 1701,Male,37,IT,Executive,2020-07-29,743482,5,No,Bachelor,Single,5,Yes,2,Delhi
1702,Employee 1702,Male,21,Sales,Engineer,2015-03-30,1690723,5,No,Bachelor,Married,1,Yes,5,Bengaluru
1703,Employee 1703,Male,60,Finance,Executive,2026-03-02,1297053,2,No,Bachelor,Single,0,Yes,4,Mumbai
1704,Employee 1704,Male,60,Finance,Specialist,2015-11-29,955310,3,No,Bachelor,Married,10,No,4,Hyderabad
1705,Employee 1705,Male,34,Finance,Executive,2018-12-14,1412637,3,No,Bachelor,Married,7,No,5,Delhi
1706,Employee 1706,Female,21,Sales,Associate,2021-08-27,1569572,2,No,Bachelor,Single,1,No,5,Chennai
1707,Employee 1707,Female,58,IT,Analyst,2019-10-24,1458523,1,No,Master,Single,6,Yes,2,Bengaluru
1708,Employee 1708,Male,23,Marketing,Analyst,2016-11-02,1020144,4,No,Diploma,Married,3,Yes,4,Delhi
1709,Employee 1709,Female,46,Marketing,Associate,2018-12-12,1341675,5,No,Master,Single,7,No,4,Delhi
1710,Employee 1710,Male,44,Finance,Associate,2023-04-28,934528,1,No,Diploma,Single,3,No,2,Hyderabad
1711,Employee 1711,Male,52,IT,Engineer,2023-11-26,1442912,5,No,Diploma,Single,2,Yes,5,Mumbai
1712,Employee 1712,Male,24,Sales,Engineer,2016-08-23,1206417,5,No,Diploma,Married,4,No,3,Delhi
1713,Employee 1713,Female,38,IT,Specialist,2022-02-26,981272,4,No,Bachelor,Married,4,No,5,Hyderabad
1714,Employee 1714,Male,28,Support,Engineer,2019-01-16,1138201,2,No,Bachelor,Single,7,No,2,Chennai
1715,Employee 1715,Female,31,Operations,Specialist,2022-11-30,1427872,3,No,Master,Married,3,Yes,1,Pune
1716,Employee 1716,Male,35,HR,Executive,2015-02-05,1501474,3,No,Master,Single,11,No,4,Chennai
1717,Employee 1717,Female,54,Marketing,Analyst,2022-09-05,1068802,3,Yes,Bachelor,Single,3,No,1,Delhi
1718,Employee 1718,Male,23,IT,Engineer,2018-01-21,937501,3,No,Diploma,Single,3,No,5,Mumbai
1719,Employee 1719,Female,59,IT,Analyst,2017-05-09,341436,4,No,Diploma,Single,9,Yes,5,Hyderabad
1720,Employee 1720,Male,24,Sales,Specialist,2021-03-24,1798536,5,Yes,Diploma,Single,4,Yes,5,Hyderabad
1721,Employee 1721,Female,58,Finance,Associate,2023-03-24,954340,4,No,Bachelor,Married,3,Yes,4,Delhi
1722,Employee 1722,Female,21,IT,Manager,2021-08-26,1720902,4,No,Diploma,Married,1,Yes,4,Pune
1723,Employee 1723,Female,59,Sales,Analyst,2024-08-07,685543,3,No,Bachelor,Married,1,No,2,Chennai
1724,Employee 1724,Female,22,Finance,Analyst,2024-11-02,790781,2,Yes,Diploma,Married,1,No,1,Pune
1725,Employee 1725,Female,26,Marketing,Associate,2019-01-16,595528,5,No,Bachelor,Single,6,No,3,Chennai
1726,Employee 1726,Female,57,Marketing,Analyst,2024-02-14,872798,3,No,Bachelor,Single,2,Yes,5,Pune
1727,Employee 1727,Male,23,Finance,Specialist,2023-04-12,461073,3,No,Bachelor,Married,3,Yes,3,Bengaluru
1728,Employee 1728,Male,33,Sales,Analyst,2020-03-14,1593175,4,No,Master,Married,6,No,2,Mumbai
1729,Employee 1729,Female,46,Operations,Manager,2021-08-29,1594030,2,No,Bachelor,Single,4,Yes,4,Pune
1730,Employee 1730,Female,22,Operations,Manager,2016-05-11,572757,4,No,Bachelor,Married,2,No,4,Mumbai
1731,Employee 1731,Female,27,Support,Engineer,2019-06-13,522707,5,No,Bachelor,Married,7,Yes,1,Mumbai
1732,Employee 1732,Male,47,Sales,Manager,2020-09-11,677470,1,No,Bachelor,Married,5,No,3,Ahmedabad
1733,Employee 1733,Male,38,HR,Specialist,2020-04-16,672347,5,No,Diploma,Single,6,No,5,Pune
1734,Employee 1734,Male,25,IT,Executive,2018-01-17,292553,1,No,Master,Married,5,No,1,Delhi
1735,Employee 1735,Female,38,Finance,Analyst,2025-09-17,1370658,4,No,Bachelor,Married,0,No,4,Chennai
1736,Employee 1736,Female,57,HR,Executive,2016-04-16,839738,1,Yes,Master,Single,10,Yes,4,Chennai
1737,Employee 1737,Male,28,Sales,Associate,2023-08-25,459388,1,No,Master,Married,2,Yes,2,Hyderabad
1738,Employee 1738,Male,34,Operations,Analyst,2016-09-23,250932,1,Yes,Diploma,Single,9,Yes,5,Chennai
1739,Employee 1739,Female,40,IT,Engineer,2023-02-18,1441327,3,No,Bachelor,Married,3,Yes,3,Pune
1740,Employee 1740,Male,25,IT,Engineer,2018-09-24,1479163,1,Yes,Master,Married,5,No,3,Chennai
1741,Employee 1741,Female,25,IT,Engineer,2022-01-10,295111,1,No,Diploma,Single,4,No,1,Chennai
1742,Employee 1742,Male,35,Marketing,Engineer,2015-12-07,675359,4,Yes,Master,Married,10,No,4,Hyderabad
1743,Employee 1743,Female,22,Operations,Executive,2024-04-26,1375733,4,No,Bachelor,Single,2,Yes,3,Ahmedabad
1744,Employee 1744,Female,51,IT,Manager,2019-03-03,1550599,1,No,Master,Single,7,No,5,Hyderabad
1745,Employee 1745,Male,35,Marketing,Engineer,2021-03-04,784642,2,No,Bachelor,Single,5,No,1,Mumbai
1746,Employee 1746,Male,35,IT,Associate,2018-11-26,1041607,5,No,Bachelor,Married,7,No,3,Delhi
1747,Employee 1747,Male,51,Finance,Associate,2018-09-03,600749,5,Yes,Bachelor,Single,7,No,4,Hyderabad
1748,Employee 1748,Female,31,Sales,Engineer,2026-04-24,397320,1,No,Diploma,Single,0,No,1,Ahmedabad
1749,Employee 1749,Female,57,Operations,Executive,2016-02-13,455124,2,No,Master,Married,10,Yes,4,Mumbai
1750,Employee 1750,Female,54,Finance,Manager,2015-02-20,1762232,5,No,Master,Single,11,No,5,Delhi
1751,Employee 1751,Female,37,IT,Specialist,2015-02-16,647113,4,No,Master,Single,11,No,2,Mumbai
1752,Employee 1752,Male,31,Marketing,Engineer,2024-09-09,292137,2,No,Master,Married,1,Yes,1,Ahmedabad
1753,Employee 1753,Male,25,Operations,Manager,2015-07-23,445852,3,No,Bachelor,Married,5,No,3,Bengaluru
1754,Employee 1754,Female,31,HR,Manager,2017-03-16,342282,1,No,Bachelor,Married,9,No,2,Ahmedabad
1755,Employee 1755,Male,33,Marketing,Manager,2025-12-05,1577795,4,No,Diploma,Married,0,Yes,5,Chennai
1756,Employee 1756,Female,53,Sales,Manager,2025-02-07,464451,4,No,Bachelor,Single,1,No,5,Hyderabad
1757,Employee 1757,Male,56,HR,Specialist,2018-07-31,695799,1,Yes,Bachelor,Married,7,No,5,Hyderabad
1758,Employee 1758,Male,59,Support,Specialist,2015-03-31,1152491,3,No,Master,Married,11,Yes,2,Mumbai
1759,Employee 1759,Female,21,IT,Executive,2015-10-30,973879,2,No,Bachelor,Single,1,No,1,Chennai
1760,Employee 1760,Male,54,IT,Engineer,2020-11-07,953206,1,No,Bachelor,Married,5,Yes,3,Delhi
1761,Employee 1761,Female,56,Sales,Engineer,2023-05-19,966435,3,No,Bachelor,Single,3,Yes,1,Mumbai
1762,Employee 1762,Female,47,Sales,Engineer,2017-02-06,432267,4,No,Diploma,Married,9,Yes,5,Ahmedabad
1763,Employee 1763,Male,24,HR,Engineer,2018-01-12,1484859,5,No,Master,Single,4,No,1,Chennai
1764,Employee 1764,Male,58,HR,Manager,2015-10-24,477068,2,No,Bachelor,Single,10,Yes,3,Chennai
1765,Employee 1765,Male,45,Marketing,Associate,2019-02-05,1388604,3,No,Diploma,Single,7,Yes,4,Bengaluru
1766,Employee 1766,Male,54,IT,Executive,2022-08-16,490840,1,No,Diploma,Single,3,Yes,1,Pune
1767,Employee 1767,Male,25,IT,Associate,2023-09-24,1008388,3,No,Bachelor,Married,2,Yes,5,Pune
1768,Employee 1768,Female,49,Marketing,Associate,2017-08-29,1225591,1,No,Diploma,Married,8,Yes,1,Bengaluru
1769,Employee 1769,Male,52,Operations,Analyst,2019-11-05,515712,4,No,Diploma,Married,6,Yes,4,Chennai
1770,Employee 1770,Female,57,Support,Specialist,2017-08-28,849349,2,No,Diploma,Single,8,No,2,Pune
1771,Employee 1771,Male,31,Operations,Specialist,2019-12-11,1662592,1,No,Diploma,Single,6,Yes,4,Bengaluru
1772,Employee 1772,Male,33,Marketing,Engineer,2015-08-30,894427,1,No,Master,Single,10,Yes,4,Mumbai
1773,Employee 1773,Male,35,Sales,Engineer,2020-10-06,849105,2,No,Diploma,Married,5,No,5,Bengaluru
1774,Employee 1774,Female,47,Finance,Specialist,2022-01-19,1694349,5,Yes,Master,Married,4,Yes,4,Delhi
1775,Employee 1775,Female,39,Operations,Analyst,2020-01-02,912086,2,Yes,Bachelor,Married,6,Yes,2,Pune
1776,Employee 1776,Female,42,HR,Analyst,2021-06-19,962106,2,No,Diploma,Single,5,No,3,Delhi
1777,Employee 1777,Male,44,Support,Engineer,2022-08-09,1767468,2,No,Diploma,Married,3,Yes,3,Hyderabad
1778,Employee 1778,Male,53,Operations,Analyst,2017-10-23,843710,5,Yes,Diploma,Married,8,No,3,Bengaluru
1779,Employee 1779,Female,34,Marketing,Manager,2019-11-24,1173730,4,No,Bachelor,Single,6,No,1,Pune
1780,Employee 1780,Male,33,Marketing,Engineer,2017-05-02,573051,1,Yes,Master,Single,9,Yes,2,Bengaluru
1781,Employee 1781,Male,57,IT,Associate,2017-08-11,458973,4,No,Master,Married,8,No,3,Bengaluru
1782,Employee 1782,Male,60,HR,Specialist,2025-09-19,1634862,1,No,Diploma,Married,0,Yes,4,Ahmedabad
1783,Employee 1783,Male,46,IT,Engineer,2020-11-20,801047,2,Yes,Master,Married,5,No,2,Delhi
1784,Employee 1784,Male,40,Finance,Analyst,2017-04-04,896240,3,Yes,Master,Married,9,Yes,1,Hyderabad
1785,Employee 1785,Female,28,Support,Manager,2017-03-06,895019,5,No,Diploma,Married,8,Yes,5,Ahmedabad
1786,Employee 1786,Female,31,HR,Engineer,2022-11-17,360664,4,No,Bachelor,Single,3,Yes,2,Hyderabad
1787,Employee 1787,Male,53,Sales,Analyst,2018-06-10,1589431,3,Yes,Diploma,Single,8,Yes,5,Ahmedabad
1788,Employee 1788,Female,30,Support,Associate,2018-08-28,1366141,1,Yes,Diploma,Single,7,No,4,Mumbai
1789,Employee 1789,Female,56,Operations,Associate,2019-12-03,368019,2,No,Diploma,Married,6,No,4,Delhi
1790,Employee 1790,Male,22,Marketing,Specialist,2025-06-07,905745,4,No,Bachelor,Single,1,Yes,4,Mumbai
1791,Employee 1791,Female,25,HR,Analyst,2025-10-13,926723,5,No,Bachelor,Single,0,Yes,1,Mumbai
1792,Employee 1792,Female,32,Support,Analyst,2024-04-30,499409,2,No,Diploma,Single,2,No,2,Hyderabad
1793,Employee 1793,Male,55,Sales,Specialist,2021-10-18,636378,2,No,Diploma,Married,4,Yes,2,Hyderabad
1794,Employee 1794,Male,45,Support,Manager,2019-03-29,801184,3,No,Master,Single,7,No,3,Chennai
1795,Employee 1795,Male,39,Finance,Specialist,2019-12-17,1004282,5,No,Diploma,Single,6,No,4,Bengaluru
1796,Employee 1796,Male,42,IT,Manager,2024-05-09,1721750,1,No,Diploma,Single,2,Yes,4,Hyderabad
1797,Employee 1797,Female,46,HR,Associate,2018-07-10,1539285,4,Yes,Diploma,Single,7,No,4,Pune
1798,Employee 1798,Male,30,Sales,Analyst,2023-02-05,541563,2,No,Bachelor,Single,3,Yes,1,Chennai
1799,Employee 1799,Female,52,HR,Executive,2021-11-13,668304,4,No,Diploma,Single,4,No,3,Mumbai
1800,Employee 1800,Male,46,Sales,Specialist,2025-01-01,1250386,1,No,Diploma,Single,1,No,3,Mumbai
1801,Employee 1801,Female,57,IT,Manager,2017-04-09,1435478,2,No,Master,Married,9,Yes,1,Chennai
1802,Employee 1802,Female,40,Sales,Engineer,2024-06-24,743272,1,No,Diploma,Married,2,Yes,1,Hyderabad
1803,Employee 1803,Male,50,Finance,Associate,2016-10-11,1279064,4,No,Master,Married,9,No,4,Pune
1804,Employee 1804,Female,24,Sales,Analyst,2015-02-04,1492999,2,No,Master,Single,4,Yes,3,Pune
1805,Employee 1805,Male,40,Marketing,Specialist,2023-09-18,929996,5,No,Master,Married,2,Yes,3,Pune
1806,Employee 1806,Male,29,Support,Executive,2017-02-24,1624896,2,No,Master,Married,9,Yes,5,Bengaluru
1807,Employee 1807,Male,49,IT,Associate,2026-01-29,1352596,4,No,Bachelor,Single,0,No,5,Chennai
1808,Employee 1808,Female,59,Finance,Analyst,2017-08-26,1123437,3,No,Bachelor,Single,8,No,2,Ahmedabad
1809,Employee 1809,Male,28,Marketing,Associate,2025-12-14,1745107,4,No,Master,Married,0,Yes,3,Bengaluru
1810,Employee 1810,Female,37,IT,Analyst,2018-03-21,1453168,5,No,Master,Married,8,Yes,2,Hyderabad
1811,Employee 1811,Female,56,Support,Manager,2023-04-20,1562193,1,No,Master,Single,3,No,4,Ahmedabad
1812,Employee 1812,Female,34,Sales,Associate,2018-08-09,1391061,3,No,Bachelor,Married,7,Yes,3,Chennai
1813,Employee 1813,Female,40,Marketing,Engineer,2018-01-28,1398909,4,No,Master,Married,8,No,5,Bengaluru
1814,Employee 1814,Female,44,Support,Specialist,2024-02-27,390530,5,No,Bachelor,Married,2,No,3,Chennai
1815,Employee 1815,Female,22,Marketing,Associate,2023-02-24,507264,1,No,Diploma,Single,2,Yes,5,Delhi
1816,Employee 1816,Male,28,Operations,Engineer,2015-04-22,1306674,1,No,Diploma,Married,8,Yes,2,Hyderabad
1817,Employee 1817,Female,34,Support,Manager,2022-01-18,581986,2,No,Bachelor,Married,4,No,5,Delhi
1818,Employee 1818,Male,50,Finance,Specialist,2023-04-05,837481,5,No,Diploma,Single,3,Yes,5,Bengaluru
1819,Employee 1819,Male,31,Operations,Specialist,2019-02-26,1308360,4,No,Master,Single,7,No,3,Chennai
1820,Employee 1820,Female,21,Support,Manager,2020-10-01,530031,4,No,Diploma,Single,1,Yes,4,Hyderabad
1821,Employee 1821,Female,53,Support,Analyst,2024-02-11,839891,4,No,Master,Single,2,No,4,Chennai
1822,Employee 1822,Male,26,Finance,Specialist,2023-06-01,1656932,3,No,Bachelor,Married,3,No,2,Hyderabad
1823,Employee 1823,Male,46,Finance,Analyst,2024-11-22,379924,2,No,Master,Married,1,No,2,Hyderabad
1824,Employee 1824,Female,44,Marketing,Specialist,2024-10-16,290952,4,No,Master,Single,1,No,2,Mumbai
1825,Employee 1825,Male,27,HR,Executive,2026-03-13,560901,1,No,Diploma,Single,0,No,2,Delhi
1826,Employee 1826,Male,43,Sales,Manager,2022-09-05,377859,2,Yes,Diploma,Single,3,Yes,2,Pune
1827,Employee 1827,Female,54,Sales,Associate,2015-07-05,464626,1,No,Master,Single,11,Yes,2,Hyderabad
1828,Employee 1828,Male,31,Operations,Engineer,2025-05-14,264185,3,No,Master,Married,1,No,1,Chennai
1829,Employee 1829,Female,46,HR,Specialist,2021-08-11,1617485,3,No,Diploma,Single,4,No,4,Chennai
1830,Employee 1830,Female,44,Marketing,Engineer,2020-04-17,372791,1,No,Master,Married,6,Yes,4,Mumbai
1831,Employee 1831,Female,51,Marketing,Manager,2023-03-02,706547,3,No,Bachelor,Married,3,No,4,Chennai
1832,Employee 1832,Female,26,Marketing,Analyst,2020-08-26,1034510,5,No,Bachelor,Single,5,Yes,2,Mumbai
1833,Employee 1833,Male,57,IT,Specialist,2024-03-16,470177,2,Yes,Diploma,Married,2,No,4,Mumbai
1834,Employee 1834,Male,27,Operations,Engineer,2015-10-23,696092,4,No,Diploma,Single,7,Yes,4,Pune
1835,Employee 1835,Female,53,Marketing,Manager,2021-07-12,1142452,5,No,Master,Single,4,Yes,5,Delhi
1836,Employee 1836,Male,38,Finance,Executive,2021-08-23,1783589,3,Yes,Master,Married,4,No,2,Delhi
1837,Employee 1837,Male,36,Finance,Associate,2026-06-12,1325777,4,No,Diploma,Single,0,No,3,Pune
1838,Employee 1838,Male,24,IT,Analyst,2020-03-04,536658,4,No,Master,Married,4,Yes,5,Chennai
1839,Employee 1839,Male,55,Operations,Manager,2019-12-18,362850,2,No,Bachelor,Married,6,Yes,1,Bengaluru
1840,Employee 1840,Female,46,Operations,Analyst,2018-06-14,1420479,1,No,Diploma,Single,8,No,3,Chennai
1841,Employee 1841,Male,27,Support,Manager,2023-03-07,648016,2,No,Diploma,Single,3,Yes,1,Pune
1842,Employee 1842,Female,58,Operations,Manager,2018-06-02,381842,1,No,Bachelor,Married,8,No,4,Delhi
1843,Employee 1843,Male,30,Sales,Analyst,2022-01-23,1090004,5,No,Bachelor,Married,4,No,4,Pune
1844,Employee 1844,Female,29,Support,Executive,2025-12-21,377556,4,Yes,Master,Single,0,Yes,2,Hyderabad
1845,Employee 1845,Female,29,Finance,Specialist,2026-02-01,1171690,4,No,Master,Married,0,Yes,1,Hyderabad
1846,Employee 1846,Male,40,Sales,Associate,2025-09-25,607936,4,Yes,Diploma,Single,0,No,3,Hyderabad
1847,Employee 1847,Male,44,IT,Analyst,2018-04-07,1067196,1,No,Master,Single,8,No,4,Mumbai
1848,Employee 1848,Female,27,IT,Analyst,2020-09-05,979582,1,No,Master,Married,5,Yes,2,Pune
1849,Employee 1849,Female,37,IT,Associate,2018-11-02,1641462,1,No,Bachelor,Married,7,Yes,3,Bengaluru
1850,Employee 1850,Female,57,HR,Engineer,2020-01-07,874907,4,Yes,Master,Single,6,Yes,3,Bengaluru
1851,Employee 1851,Female,56,IT,Specialist,2022-11-21,324409,3,No,Master,Married,3,Yes,3,Pune
1852,Employee 1852,Male,60,Sales,Manager,2024-09-11,1091424,3,No,Bachelor,Single,1,Yes,3,Pune
1853,Employee 1853,Female,34,IT,Engineer,2015-11-08,335391,5,No,Bachelor,Single,10,No,2,Ahmedabad
1854,Employee 1854,Female,25,Marketing,Specialist,2023-10-30,1576088,5,Yes,Bachelor,Single,2,No,1,Pune
1855,Employee 1855,Female,40,Marketing,Associate,2020-11-14,730259,2,No,Diploma,Married,5,No,3,Ahmedabad
1856,Employee 1856,Female,46,Finance,Engineer,2018-02-06,1732207,2,No,Master,Married,8,No,1,Bengaluru
1857,Employee 1857,Female,55,Sales,Executive,2019-08-12,994594,4,Yes,Diploma,Married,6,Yes,3,Delhi
1858,Employee 1858,Male,29,Support,Associate,2019-12-30,1148368,3,No,Diploma,Single,6,No,2,Ahmedabad
1859,Employee 1859,Male,27,IT,Associate,2022-03-07,859530,3,No,Master,Married,4,Yes,3,Mumbai
1860,Employee 1860,Male,38,Sales,Analyst,2019-06-02,1439435,2,No,Master,Married,7,Yes,4,Hyderabad
1861,Employee 1861,Male,30,IT,Associate,2023-10-31,632298,2,No,Diploma,Married,2,Yes,5,Mumbai
1862,Employee 1862,Male,52,Support,Specialist,2016-05-31,1637094,2,No,Diploma,Married,10,No,3,Bengaluru
1863,Employee 1863,Female,58,HR,Engineer,2016-08-03,1083402,3,No,Diploma,Married,9,No,2,Delhi
1864,Employee 1864,Male,30,Sales,Engineer,2020-01-14,1710468,1,Yes,Master,Married,6,No,4,Bengaluru
1865,Employee 1865,Female,21,Sales,Specialist,2016-10-10,1135642,1,No,Bachelor,Married,1,Yes,3,Hyderabad
1866,Employee 1866,Female,45,Sales,Associate,2019-03-30,718473,2,No,Bachelor,Single,7,No,1,Pune
1867,Employee 1867,Female,27,HR,Manager,2016-03-07,1123877,3,No,Bachelor,Single,7,No,1,Mumbai
1868,Employee 1868,Male,43,IT,Analyst,2015-06-08,1002752,3,No,Diploma,Married,11,No,5,Bengaluru
1869,Employee 1869,Male,30,Finance,Specialist,2019-03-14,1736579,1,No,Bachelor,Married,7,No,2,Ahmedabad
1870,Employee 1870,Male,58,Operations,Engineer,2019-12-10,1173131,3,No,Master,Single,6,No,5,Bengaluru
1871,Employee 1871,Male,26,Operations,Manager,2024-09-27,1206271,5,No,Diploma,Single,1,No,1,Mumbai
1872,Employee 1872,Female,29,HR,Manager,2023-11-18,1628993,3,Yes,Master,Single,2,No,3,Delhi
1873,Employee 1873,Male,33,Support,Analyst,2023-05-06,1197707,4,Yes,Master,Married,3,Yes,2,Chennai
1874,Employee 1874,Male,59,Support,Executive,2022-06-26,1072964,1,No,Master,Married,4,Yes,4,Delhi
1875,Employee 1875,Female,45,Operations,Engineer,2015-05-31,1527651,1,No,Bachelor,Single,11,Yes,1,Bengaluru
1876,Employee 1876,Male,25,Support,Engineer,2023-02-14,1130604,1,No,Master,Single,3,Yes,4,Chennai
1877,Employee 1877,Male,49,HR,Analyst,2016-04-08,1030615,4,No,Diploma,Married,10,Yes,4,Hyderabad
1878,Employee 1878,Male,46,IT,Analyst,2019-11-12,1612827,3,No,Bachelor,Single,6,Yes,3,Pune
1879,Employee 1879,Male,43,IT,Engineer,2018-05-27,1539810,1,No,Master,Married,8,No,1,Ahmedabad
1880,Employee 1880,Female,44,Finance,Engineer,2015-04-17,589960,1,No,Bachelor,Single,11,No,4,Chennai
1881,Employee 1881,Male,34,Operations,Executive,2024-04-27,713872,2,Yes,Master,Single,2,No,4,Pune
1882,Employee 1882,Male,58,Finance,Executive,2017-09-25,1592380,3,No,Master,Married,8,No,5,Hyderabad
1883,Employee 1883,Female,51,Marketing,Specialist,2020-01-31,1365359,3,No,Bachelor,Married,6,No,2,Ahmedabad
1884,Employee 1884,Male,31,IT,Engineer,2021-10-04,503642,4,No,Bachelor,Married,4,No,5,Chennai
1885,Employee 1885,Male,30,Finance,Specialist,2019-05-21,552844,5,No,Diploma,Single,7,No,4,Ahmedabad
1886,Employee 1886,Male,38,Marketing,Specialist,2017-12-14,963530,1,No,Diploma,Single,8,Yes,5,Hyderabad
1887,Employee 1887,Female,34,Finance,Specialist,2023-11-26,1246646,5,No,Bachelor,Married,2,No,5,Mumbai
1888,Employee 1888,Male,49,Support,Analyst,2022-04-29,669613,2,No,Master,Single,4,No,4,Delhi
1889,Employee 1889,Male,41,Support,Analyst,2019-10-13,1348413,3,No,Master,Single,6,No,3,Delhi
1890,Employee 1890,Female,39,HR,Specialist,2025-07-24,564282,2,No,Diploma,Single,0,No,2,Pune
1891,Employee 1891,Female,25,Sales,Analyst,2022-06-11,1340839,1,No,Master,Married,4,Yes,3,Chennai
1892,Employee 1892,Male,55,Support,Specialist,2025-04-30,963214,1,No,Master,Married,1,Yes,3,Hyderabad
1893,Employee 1893,Female,23,Operations,Executive,2021-12-19,1772525,2,No,Bachelor,Married,3,No,3,Delhi
1894,Employee 1894,Female,54,Support,Analyst,2025-11-09,1093914,4,No,Master,Single,0,Yes,4,Chennai
1895,Employee 1895,Male,56,Sales,Engineer,2022-03-30,644328,4,No,Diploma,Single,4,Yes,2,Mumbai
1896,Employee 1896,Female,30,Finance,Specialist,2017-04-26,445844,3,No,Diploma,Single,9,Yes,3,Mumbai
1897,Employee 1897,Female,32,HR,Executive,2025-07-02,1339300,2,No,Bachelor,Married,1,No,4,Bengaluru
1898,Employee 1898,Female,31,Operations,Manager,2024-06-25,264222,3,No,Master,Single,2,No,1,Pune
1899,Employee 1899,Female,44,HR,Associate,2023-12-11,1548304,1,No,Diploma,Married,2,No,4,Pune
1900,Employee 1900,Female,44,Operations,Analyst,2021-09-01,1324901,2,No,Master,Single,4,No,4,Ahmedabad
1901,Employee 1901,Female,43,IT,Manager,2022-02-06,1219862,1,No,Bachelor,Married,4,Yes,3,Pune
1902,Employee 1902,Female,51,Marketing,Engineer,2018-01-21,1276323,4,No,Diploma,Single,8,No,2,Hyderabad
1903,Employee 1903,Male,53,IT,Engineer,2021-07-04,833968,4,No,Bachelor,Married,4,No,1,Ahmedabad
1904,Employee 1904,Female,31,Operations,Executive,2024-08-20,706992,1,No,Master,Single,1,No,2,Pune
1905,Employee 1905,Female,52,Finance,Manager,2021-12-03,1657527,2,No,Diploma,Married,4,No,1,Delhi
1906,Employee 1906,Female,55,HR,Engineer,2015-10-25,1351063,4,No,Diploma,Married,10,No,2,Chennai
1907,Employee 1907,Male,23,HR,Associate,2015-06-10,1352409,1,No,Bachelor,Married,3,Yes,1,Hyderabad
1908,Employee 1908,Female,44,Operations,Associate,2022-02-05,470709,4,No,Diploma,Single,4,Yes,2,Ahmedabad
1909,Employee 1909,Female,43,Operations,Executive,2018-05-16,1235685,4,No,Diploma,Married,8,No,4,Hyderabad
1910,Employee 1910,Male,25,Sales,Associate,2015-07-22,572047,2,No,Bachelor,Married,5,No,4,Delhi
1911,Employee 1911,Female,51,Marketing,Manager,2022-04-13,1713787,4,No,Bachelor,Married,4,No,1,Hyderabad
1912,Employee 1912,Male,24,Support,Specialist,2016-05-18,678033,5,No,Master,Single,4,No,1,Chennai
1913,Employee 1913,Male,29,HR,Specialist,2025-06-15,1498982,2,No,Master,Single,1,Yes,4,Mumbai
1914,Employee 1914,Male,52,Finance,Specialist,2019-05-15,1300218,3,No,Diploma,Single,7,No,5,Bengaluru
1915,Employee 1915,Male,40,Operations,Executive,2019-09-04,311738,1,Yes,Master,Single,6,No,2,Pune
1916,Employee 1916,Male,27,IT,Analyst,2017-12-01,258968,1,No,Diploma,Married,7,Yes,2,Delhi
1917,Employee 1917,Male,25,Sales,Specialist,2020-03-09,601864,3,No,Diploma,Single,5,Yes,3,Ahmedabad
1918,Employee 1918,Female,33,Marketing,Executive,2016-05-21,920508,1,No,Master,Married,10,Yes,5,Ahmedabad
1919,Employee 1919,Female,60,Operations,Specialist,2022-11-06,1006710,5,Yes,Master,Single,3,No,3,Ahmedabad
1920,Employee 1920,Male,28,Finance,Engineer,2024-06-24,469211,5,No,Master,Single,2,No,4,Hyderabad
1921,Employee 1921,Male,36,Support,Manager,2022-07-29,1756514,5,No,Bachelor,Married,3,No,2,Mumbai
1922,Employee 1922,Female,53,IT,Manager,2020-12-23,410281,3,No,Master,Married,5,Yes,1,Delhi
1923,Employee 1923,Male,55,Finance,Manager,2024-08-08,999760,2,No,Diploma,Married,1,No,3,Bengaluru
1924,Employee 1924,Male,46,Finance,Executive,2025-05-21,847853,5,No,Bachelor,Married,1,No,3,Delhi
1925,Employee 1925,Female,56,HR,Associate,2016-01-12,1161035,1,No,Diploma,Married,10,Yes,2,Pune
1926,Employee 1926,Male,43,Support,Associate,2022-07-24,1389202,2,No,Master,Married,3,No,3,Mumbai
1927,Employee 1927,Female,52,Operations,Analyst,2015-04-15,1436991,5,No,Diploma,Married,11,Yes,2,Chennai
1928,Employee 1928,Female,42,Operations,Analyst,2023-08-26,937182,3,No,Master,Married,2,No,4,Pune
1929,Employee 1929,Female,35,IT,Engineer,2018-09-25,1587689,1,No,Master,Single,7,No,2,Pune
1930,Employee 1930,Male,51,Finance,Engineer,2016-07-02,1477544,5,No,Master,Married,10,No,1,Mumbai
1931,Employee 1931,Female,48,Marketing,Specialist,2023-04-19,953976,4,No,Bachelor,Single,3,No,1,Delhi
1932,Employee 1932,Female,22,HR,Specialist,2019-07-24,971104,2,No,Diploma,Single,2,No,3,Chennai
1933,Employee 1933,Male,49,Finance,Associate,2024-05-19,616203,5,No,Bachelor,Married,2,Yes,4,Ahmedabad
1934,Employee 1934,Female,22,Finance,Associate,2022-05-01,917767,1,Yes,Bachelor,Married,2,No,3,Ahmedabad
1935,Employee 1935,Female,45,Sales,Analyst,2019-04-26,1257670,4,No,Bachelor,Single,7,Yes,3,Ahmedabad
1936,Employee 1936,Female,25,Finance,Engineer,2016-07-15,862288,4,No,Diploma,Single,5,Yes,3,Chennai
1937,Employee 1937,Male,23,Marketing,Associate,2026-05-29,1149081,5,No,Master,Single,0,No,1,Hyderabad
1938,Employee 1938,Male,39,Sales,Manager,2026-06-10,1321549,1,No,Bachelor,Married,0,Yes,2,Delhi
1939,Employee 1939,Male,50,Sales,Executive,2019-01-29,1650843,1,No,Master,Married,7,No,3,Bengaluru
1940,Employee 1940,Male,58,Support,Executive,2022-08-25,1504672,5,No,Master,Single,3,No,3,Mumbai
1941,Employee 1941,Female,58,HR,Specialist,2022-04-04,530833,2,No,Bachelor,Single,4,Yes,5,Ahmedabad
1942,Employee 1942,Male,27,IT,Engineer,2021-08-29,1783018,5,No,Bachelor,Single,4,No,1,Delhi
1943,Employee 1943,Male,43,Operations,Specialist,2015-01-04,1160989,5,No,Diploma,Single,11,No,5,Hyderabad
1944,Employee 1944,Male,29,Sales,Associate,2021-02-21,608676,1,No,Master,Single,5,Yes,3,Pune
1945,Employee 1945,Female,50,Finance,Analyst,2026-03-16,1543074,4,No,Master,Married,0,No,5,Mumbai
1946,Employee 1946,Female,38,Support,Engineer,2021-03-01,1642931,2,No,Master,Married,5,No,3,Bengaluru
1947,Employee 1947,Male,48,HR,Specialist,2015-08-15,455488,2,No,Master,Married,10,No,4,Pune
1948,Employee 1948,Female,52,Support,Manager,2023-12-20,1565263,1,No,Diploma,Married,2,Yes,1,Pune
1949,Employee 1949,Male,27,Operations,Analyst,2020-01-04,324249,3,No,Diploma,Married,6,No,5,Pune
1950,Employee 1950,Male,46,Finance,Executive,2023-03-24,1753628,1,No,Master,Single,3,No,4,Chennai
1951,Employee 1951,Male,54,Support,Associate,2017-04-21,720743,4,Yes,Diploma,Single,9,No,3,Hyderabad
1952,Employee 1952,Female,25,Support,Manager,2024-09-14,298647,4,No,Diploma,Single,1,Yes,2,Delhi
1953,Employee 1953,Female,29,HR,Manager,2017-03-21,435036,1,No,Diploma,Married,9,No,4,Pune
1954,Employee 1954,Male,28,Sales,Executive,2018-05-29,1716473,5,No,Master,Married,8,No,2,Hyderabad
1955,Employee 1955,Female,53,Operations,Specialist,2020-07-14,1593268,2,No,Master,Married,5,Yes,5,Bengaluru
1956,Employee 1956,Female,55,Sales,Executive,2024-04-17,1688170,5,No,Diploma,Single,2,No,4,Ahmedabad
1957,Employee 1957,Male,42,Finance,Manager,2023-02-15,1114090,1,No,Diploma,Single,3,Yes,5,Pune
1958,Employee 1958,Female,49,IT,Manager,2017-10-12,1605928,2,No,Master,Single,8,Yes,5,Ahmedabad
1959,Employee 1959,Female,49,Marketing,Executive,2021-10-06,709113,4,Yes,Bachelor,Married,4,No,3,Bengaluru
1960,Employee 1960,Male,60,HR,Associate,2025-12-01,765850,1,No,Master,Married,0,No,4,Pune
1961,Employee 1961,Male,45,IT,Executive,2021-05-01,1616122,2,No,Master,Single,5,Yes,1,Delhi
1962,Employee 1962,Male,27,IT,Specialist,2025-04-15,369740,5,No,Bachelor,Married,1,No,2,Delhi
1963,Employee 1963,Female,22,Finance,Specialist,2021-09-07,1098843,2,No,Bachelor,Single,2,No,1,Chennai
1964,Employee 1964,Male,46,Marketing,Specialist,2017-12-28,985991,1,No,Master,Married,8,Yes,3,Chennai
1965,Employee 1965,Male,46,IT,Engineer,2016-10-12,396169,1,Yes,Master,Married,9,Yes,5,Ahmedabad
1966,Employee 1966,Female,47,Finance,Associate,2015-03-31,974727,5,No,Bachelor,Single,11,Yes,4,Delhi
1967,Employee 1967,Male,24,Marketing,Specialist,2019-01-19,1683599,2,Yes,Diploma,Married,4,Yes,2,Delhi
1968,Employee 1968,Male,54,Support,Associate,2024-12-14,1352636,2,Yes,Bachelor,Single,1,No,1,Bengaluru
1969,Employee 1969,Male,34,Marketing,Associate,2021-11-24,1410811,4,No,Master,Married,4,Yes,1,Delhi
1970,Employee 1970,Male,43,Marketing,Analyst,2022-06-08,346680,5,No,Diploma,Married,4,Yes,1,Ahmedabad
1971,Employee 1971,Male,39,Operations,Manager,2023-03-06,1792882,5,No,Bachelor,Married,3,Yes,1,Delhi
1972,Employee 1972,Male,38,Support,Analyst,2018-10-10,1692319,1,No,Diploma,Single,7,Yes,4,Delhi
1973,Employee 1973,Female,27,Support,Executive,2017-12-11,1088693,3,No,Master,Married,7,No,4,Ahmedabad
1974,Employee 1974,Female,51,Marketing,Manager,2016-09-24,422631,4,No,Bachelor,Married,9,No,5,Delhi
1975,Employee 1975,Male,42,Finance,Executive,2025-09-19,330490,5,No,Master,Married,0,No,4,Pune
1976,Employee 1976,Male,49,HR,Specialist,2025-02-22,796810,3,No,Bachelor,Married,1,No,4,Mumbai
1977,Employee 1977,Male,54,HR,Executive,2022-06-03,1636685,3,No,Master,Single,4,No,5,Ahmedabad
1978,Employee 1978,Male,40,IT,Specialist,2023-11-15,948141,5,No,Diploma,Single,2,Yes,2,Ahmedabad
1979,Employee 1979,Male,38,IT,Specialist,2025-11-20,1331765,5,No,Bachelor,Single,0,Yes,2,Ahmedabad
1980,Employee 1980,Male,53,Operations,Engineer,2017-03-11,1705579,2,No,Master,Single,9,No,1,Pune
1981,Employee 1981,Male,47,Finance,Specialist,2017-10-08,665308,3,No,Master,Married,8,No,4,Hyderabad
1982,Employee 1982,Female,27,Sales,Engineer,2018-02-19,882707,4,No,Master,Single,7,No,5,Hyderabad
1983,Employee 1983,Male,49,Finance,Specialist,2024-06-14,1370098,3,No,Master,Single,2,Yes,2,Bengaluru
1984,Employee 1984,Female,59,IT,Engineer,2019-03-29,1056957,1,No,Diploma,Married,7,No,4,Bengaluru
1985,Employee 1985,Female,53,Finance,Executive,2022-02-24,1572193,3,No,Master,Married,4,No,2,Mumbai
1986,Employee 1986,Male,55,Operations,Engineer,2019-04-17,815548,1,No,Master,Married,7,Yes,3,Bengaluru
1987,Employee 1987,Male,22,HR,Specialist,2023-10-07,1515090,5,No,Diploma,Married,2,Yes,3,Bengaluru
1988,Employee 1988,Female,25,Marketing,Associate,2015-12-14,1663720,5,No,Diploma,Single,5,Yes,1,Delhi
1989,Employee 1989,Female,27,HR,Specialist,2024-09-19,775628,4,Yes,Master,Single,1,No,1,Chennai
1990,Employee 1990,Female,48,Operations,Analyst,2017-10-07,402875,1,Yes,Master,Married,8,Yes,2,Mumbai
1991,Employee 1991,Male,60,Sales,Associate,2015-04-25,334593,1,No,Bachelor,Single,11,No,5,Bengaluru
1992,Employee 1992,Female,53,Sales,Manager,2021-11-29,1000377,3,No,Master,Married,4,Yes,5,Delhi
1993,Employee 1993,Male,46,Support,Analyst,2024-02-03,1548783,4,No,Diploma,Married,2,Yes,1,Hyderabad
1994,Employee 1994,Male,36,IT,Engineer,2025-11-23,461200,5,Yes,Master,Single,0,Yes,1,Bengaluru
1995,Employee 1995,Male,22,Finance,Engineer,2016-04-27,1134336,5,No,Diploma,Single,2,No,2,Pune
1996,Employee 1996,Female,32,Operations,Engineer,2019-11-10,1103768,3,No,Diploma,Single,6,Yes,3,Mumbai
1997,Employee 1997,Female,35,Marketing,Specialist,2022-09-15,786118,5,No,Diploma,Married,3,Yes,3,Delhi
1998,Employee 1998,Female,52,Support,Manager,2020-01-28,1262182,2,No,Diploma,Single,6,Yes,2,Pune
1999,Employee 1999,Female,24,HR,Specialist,2017-07-17,1076850,3,No,Diploma,Married,4,No,1,Chennai
2000,Employee 2000,Female,46,IT,Executive,2015-02-20,1524965,2,No,Diploma,Single,11,Yes,3,Pune
2001,Employee 2001,Female,47,Sales,Executive,2019-02-13,1056073,4,Yes,Master,Married,7,No,1,Mumbai
2002,Employee 2002,Male,30,Operations,Analyst,2025-11-23,815274,1,No,Bachelor,Married,0,No,2,Pune
2003,Employee 2003,Female,22,Support,Manager,2017-04-04,1141028,3,No,Bachelor,Married,2,No,3,Mumbai
2004,Employee 2004,Male,30,Sales,Specialist,2026-01-27,922586,5,No,Master,Married,0,Yes,2,Ahmedabad
2005,Employee 2005,Female,35,Finance,Executive,2016-12-09,1647590,5,Yes,Master,Single,9,Yes,2,Mumbai
2006,Employee 2006,Male,34,Operations,Engineer,2020-12-25,731438,5,No,Bachelor,Married,5,No,5,Bengaluru
2007,Employee 2007,Female,28,Finance,Analyst,2022-03-01,1314748,3,No,Bachelor,Single,4,Yes,5,Hyderabad
2008,Employee 2008,Male,53,Sales,Engineer,2021-10-29,288820,5,No,Bachelor,Single,4,No,1,Pune
2009,Employee 2009,Female,32,IT,Analyst,2018-09-26,1270669,5,Yes,Master,Married,7,No,2,Hyderabad
2010,Employee 2010,Female,55,Operations,Manager,2017-03-02,1245137,1,No,Bachelor,Married,9,Yes,2,Mumbai
2011,Employee 2011,Female,26,IT,Analyst,2020-11-19,1656823,4,No,Bachelor,Married,5,No,5,Mumbai
2012,Employee 2012,Male,52,IT,Manager,2018-09-04,1606700,2,No,Bachelor,Single,7,No,1,Delhi
2013,Employee 2013,Female,30,IT,Analyst,2018-04-16,905398,5,No,Bachelor,Married,8,Yes,2,Mumbai
2014,Employee 2014,Female,43,Finance,Manager,2022-08-16,1541159,2,No,Master,Married,3,Yes,1,Chennai
2015,Employee 2015,Male,31,Marketing,Analyst,2022-10-11,1363045,3,No,Master,Single,3,No,1,Hyderabad
2016,Employee 2016,Male,55,Operations,Manager,2019-04-11,1788953,4,No,Master,Single,7,Yes,3,Pune
2017,Employee 2017,Male,41,Support,Associate,2015-01-28,1050652,1,Yes,Master,Married,11,Yes,1,Chennai
2018,Employee 2018,Male,26,Operations,Analyst,2024-10-03,732807,5,Yes,Bachelor,Married,1,Yes,4,Bengaluru
2019,Employee 2019,Female,26,Finance,Analyst,2025-08-13,990902,5,No,Bachelor,Married,0,Yes,3,Mumbai
2020,Employee 2020,Male,59,Finance,Manager,2025-01-06,1672411,3,No,Bachelor,Single,1,Yes,3,Ahmedabad
2021,Employee 2021,Female,49,IT,Manager,2019-01-20,431179,3,No,Master,Married,7,Yes,5,Pune
2022,Employee 2022,Male,29,Sales,Associate,2015-01-18,911403,4,No,Diploma,Single,9,No,5,Bengaluru
2023,Employee 2023,Male,43,Sales,Manager,2015-07-13,524638,3,No,Diploma,Single,10,Yes,5,Mumbai
2024,Employee 2024,Male,42,Finance,Associate,2015-11-01,803954,4,No,Bachelor,Single,10,No,4,Pune
2025,Employee 2025,Female,45,IT,Analyst,2025-08-30,608653,3,No,Diploma,Married,0,No,2,Pune
2026,Employee 2026,Female,50,Finance,Executive,2015-06-22,1552757,3,No,Master,Married,11,Yes,3,Bengaluru
2027,Employee 2027,Male,42,Support,Engineer,2017-03-23,760668,4,No,Bachelor,Married,9,Yes,3,Hyderabad
2028,Employee 2028,Female,35,IT,Engineer,2026-04-21,1605080,5,No,Master,Married,0,Yes,3,Chennai
2029,Employee 2029,Male,38,Support,Specialist,2025-10-07,898779,1,No,Master,Single,0,Yes,1,Pune
2030,Employee 2030,Female,48,IT,Engineer,2022-06-14,406956,4,No,Master,Single,4,No,5,Chennai
2031,Employee 2031,Male,39,Operations,Analyst,2022-02-24,1019142,2,No,Bachelor,Single,4,Yes,1,Pune
2032,Employee 2032,Male,35,Support,Engineer,2026-06-17,686497,2,No,Diploma,Married,0,Yes,1,Hyderabad
2033,Employee 2033,Male,55,Marketing,Associate,2016-11-14,1215025,2,No,Master,Married,9,Yes,4,Pune
2034,Employee 2034,Male,29,Support,Associate,2022-07-09,1382178,5,No,Bachelor,Single,3,No,3,Hyderabad
2035,Employee 2035,Male,59,Sales,Executive,2024-07-18,253787,4,No,Master,Single,1,No,1,Bengaluru
2036,Employee 2036,Male,50,IT,Engineer,2025-09-04,1789797,3,Yes,Diploma,Single,0,No,4,Bengaluru
2037,Employee 2037,Male,27,IT,Manager,2024-10-03,1550253,4,No,Master,Married,1,Yes,5,Delhi
2038,Employee 2038,Male,35,Sales,Analyst,2026-04-26,1745044,2,No,Master,Married,0,Yes,5,Mumbai
2039,Employee 2039,Male,53,Sales,Executive,2025-07-22,1495115,2,No,Master,Single,0,Yes,5,Pune
2040,Employee 2040,Male,56,IT,Manager,2024-08-15,1193592,4,No,Bachelor,Married,1,No,3,Bengaluru
2041,Employee 2041,Male,23,Sales,Analyst,2017-10-03,1018333,3,No,Diploma,Married,3,No,3,Chennai
2042,Employee 2042,Male,56,Support,Associate,2020-06-26,568418,1,Yes,Master,Single,6,No,1,Pune
2043,Employee 2043,Female,48,Operations,Analyst,2015-03-27,1702459,4,No,Bachelor,Married,11,Yes,1,Chennai
2044,Employee 2044,Female,56,Operations,Engineer,2018-04-25,1491301,4,No,Master,Single,8,No,5,Pune
2045,Employee 2045,Female,33,Finance,Analyst,2023-02-16,1652412,3,No,Master,Married,3,No,4,Bengaluru
2046,Employee 2046,Female,52,Marketing,Analyst,2016-12-27,1656763,3,No,Bachelor,Single,9,Yes,5,Chennai
2047,Employee 2047,Male,37,Operations,Manager,2024-12-30,690819,1,No,Bachelor,Single,1,Yes,5,Pune
2048,Employee 2048,Female,41,Marketing,Engineer,2016-02-16,1184501,4,No,Diploma,Single,10,No,4,Delhi
2049,Employee 2049,Female,28,Operations,Manager,2024-02-05,819276,4,No,Diploma,Single,2,No,3,Chennai
2050,Employee 2050,Male,39,Marketing,Specialist,2021-04-10,685884,3,No,Diploma,Married,5,No,2,Delhi
2051,Employee 2051,Female,59,HR,Analyst,2019-03-09,357128,1,Yes,Master,Single,7,Yes,4,Bengaluru
2052,Employee 2052,Male,59,Finance,Analyst,2016-05-14,370978,4,No,Diploma,Married,10,No,2,Mumbai
2053,Employee 2053,Male,28,IT,Manager,2019-12-15,991806,2,No,Diploma,Single,6,Yes,4,Ahmedabad
2054,Employee 2054,Male,58,Sales,Executive,2024-12-12,953487,2,No,Diploma,Married,1,No,1,Pune
2055,Employee 2055,Female,54,Operations,Manager,2023-05-04,1435842,5,No,Bachelor,Single,3,Yes,2,Delhi
2056,Employee 2056,Male,38,Finance,Associate,2026-05-26,546070,4,No,Master,Married,0,Yes,1,Pune
2057,Employee 2057,Female,42,Marketing,Engineer,2023-08-31,1149433,1,No,Diploma,Single,2,Yes,4,Ahmedabad
2058,Employee 2058,Female,55,Sales,Specialist,2016-05-02,1557391,3,No,Bachelor,Married,10,No,3,Chennai
2059,Employee 2059,Male,38,HR,Manager,2018-07-26,826516,3,No,Bachelor,Married,7,No,1,Pune
2060,Employee 2060,Male,36,HR,Engineer,2021-05-15,1558990,4,No,Master,Married,5,Yes,2,Chennai
2061,Employee 2061,Female,46,IT,Associate,2016-11-08,935058,1,No,Bachelor,Single,9,Yes,1,Hyderabad
2062,Employee 2062,Male,34,HR,Engineer,2024-08-20,1398044,2,No,Bachelor,Married,1,Yes,3,Pune
2063,Employee 2063,Female,38,HR,Manager,2024-06-03,294337,3,Yes,Diploma,Married,2,Yes,1,Hyderabad
2064,Employee 2064,Male,45,Marketing,Manager,2025-05-24,622065,5,No,Diploma,Married,1,No,4,Pune
2065,Employee 2065,Female,23,HR,Engineer,2024-12-23,447183,3,No,Diploma,Married,1,Yes,5,Bengaluru
2066,Employee 2066,Female,59,IT,Manager,2024-12-16,552530,3,No,Bachelor,Single,1,Yes,4,Delhi
2067,Employee 2067,Female,42,Marketing,Engineer,2022-08-30,1493870,3,No,Bachelor,Married,3,Yes,4,Mumbai
2068,Employee 2068,Female,33,Marketing,Analyst,2016-02-08,836818,3,No,Master,Married,10,No,3,Bengaluru
2069,Employee 2069,Male,54,Finance,Executive,2016-02-21,985728,1,No,Diploma,Single,10,Yes,3,Bengaluru
2070,Employee 2070,Female,54,Operations,Associate,2018-08-20,656039,3,No,Diploma,Single,7,No,1,Pune
2071,Employee 2071,Female,54,Marketing,Associate,2016-01-28,1012343,3,No,Bachelor,Married,10,Yes,5,Mumbai
2072,Employee 2072,Male,49,Marketing,Specialist,2024-08-09,1457022,5,No,Bachelor,Married,1,Yes,2,Mumbai
2073,Employee 2073,Male,53,HR,Specialist,2019-09-24,1273208,4,Yes,Diploma,Married,6,Yes,5,Pune
2074,Employee 2074,Male,36,Sales,Executive,2019-02-19,1680840,4,No,Diploma,Married,7,No,2,Delhi
2075,Employee 2075,Female,43,Operations,Executive,2026-05-25,1130956,1,No,Master,Married,0,Yes,3,Bengaluru
2076,Employee 2076,Female,52,Marketing,Specialist,2025-11-10,1361865,3,No,Diploma,Single,0,No,5,Pune
2077,Employee 2077,Male,46,Finance,Associate,2024-03-22,583534,2,No,Master,Single,2,No,3,Hyderabad
2078,Employee 2078,Female,59,Support,Engineer,2022-07-09,989517,3,No,Bachelor,Single,3,No,2,Mumbai
2079,Employee 2079,Female,59,Finance,Specialist,2022-09-13,1214711,3,No,Bachelor,Married,3,No,2,Hyderabad
2080,Employee 2080,Female,48,Support,Executive,2019-01-10,1453352,2,No,Diploma,Married,7,Yes,4,Chennai
2081,Employee 2081,Male,40,Operations,Manager,2022-03-30,768908,5,Yes,Master,Married,4,No,2,Chennai
2082,Employee 2082,Female,40,Operations,Engineer,2021-12-12,1048938,4,No,Master,Single,4,Yes,1,Ahmedabad
2083,Employee 2083,Male,41,Sales,Engineer,2015-10-17,1202963,2,No,Diploma,Married,10,Yes,4,Chennai
2084,Employee 2084,Female,26,IT,Specialist,2021-10-10,1679614,5,No,Master,Married,4,Yes,3,Hyderabad
2085,Employee 2085,Female,23,Marketing,Analyst,2015-10-31,338683,1,No,Diploma,Single,3,No,5,Bengaluru
2086,Employee 2086,Female,41,Operations,Executive,2021-08-19,1774460,5,No,Bachelor,Single,4,No,3,Pune
2087,Employee 2087,Female,48,Support,Associate,2022-07-23,504898,3,No,Diploma,Single,3,Yes,2,Bengaluru
2088,Employee 2088,Female,51,Support,Specialist,2023-07-03,1290331,5,No,Bachelor,Married,3,No,3,Pune
2089,Employee 2089,Female,26,Finance,Manager,2015-10-19,923503,1,No,Diploma,Married,6,Yes,3,Ahmedabad
2090,Employee 2090,Female,58,Sales,Analyst,2024-07-26,865228,3,No,Diploma,Single,1,No,5,Mumbai
2091,Employee 2091,Female,43,Operations,Associate,2024-11-19,329748,4,No,Bachelor,Single,1,Yes,5,Ahmedabad
2092,Employee 2092,Male,55,Finance,Executive,2019-03-01,454433,3,No,Diploma,Single,7,No,5,Pune
2093,Employee 2093,Female,32,HR,Manager,2025-11-30,1294301,1,No,Bachelor,Single,0,Yes,2,Pune
2094,Employee 2094,Male,24,HR,Specialist,2015-02-24,916621,1,No,Diploma,Single,4,Yes,5,Hyderabad
2095,Employee 2095,Male,32,Marketing,Specialist,2023-08-03,352064,2,No,Master,Single,2,Yes,3,Ahmedabad
2096,Employee 2096,Male,46,Sales,Associate,2020-11-18,326725,2,No,Diploma,Single,5,Yes,5,Hyderabad
2097,Employee 2097,Male,55,Sales,Specialist,2019-10-03,1454131,1,No,Bachelor,Single,6,Yes,3,Bengaluru
2098,Employee 2098,Female,34,Marketing,Analyst,2017-03-09,1750317,4,No,Master,Single,9,No,1,Mumbai
2099,Employee 2099,Female,50,Operations,Associate,2015-02-07,964514,3,No,Diploma,Married,11,No,3,Delhi
2100,Employee 2100,Female,32,Finance,Executive,2021-08-08,292730,3,No,Diploma,Single,4,Yes,3,Mumbai
2101,Employee 2101,Male,59,Operations,Executive,2021-08-08,1595642,3,No,Bachelor,Single,4,Yes,4,Pune
2102,Employee 2102,Female,25,Sales,Engineer,2021-08-11,1369799,5,Yes,Master,Married,4,No,4,Chennai
2103,Employee 2103,Male,21,IT,Engineer,2015-04-12,1586537,1,No,Diploma,Married,1,Yes,4,Pune
2104,Employee 2104,Male,57,Support,Analyst,2019-10-03,490298,1,No,Bachelor,Single,6,Yes,2,Delhi
2105,Employee 2105,Male,24,IT,Manager,2025-01-16,439678,5,No,Master,Married,1,Yes,5,Mumbai
2106,Employee 2106,Female,33,Marketing,Associate,2022-12-15,1299560,1,No,Master,Single,3,Yes,3,Ahmedabad
2107,Employee 2107,Male,39,Support,Specialist,2024-12-09,1535940,2,No,Bachelor,Married,1,Yes,3,Pune
2108,Employee 2108,Male,53,Operations,Specialist,2023-01-15,490076,1,No,Bachelor,Single,3,No,4,Delhi
2109,Employee 2109,Male,39,Sales,Engineer,2018-01-15,1356252,1,No,Master,Single,8,No,1,Ahmedabad
2110,Employee 2110,Male,54,Operations,Engineer,2015-09-08,968682,3,No,Master,Single,10,No,1,Hyderabad
2111,Employee 2111,Male,43,IT,Executive,2020-06-29,1456930,3,No,Diploma,Married,6,Yes,4,Chennai
2112,Employee 2112,Female,55,Support,Engineer,2022-11-17,1323247,1,No,Bachelor,Married,3,Yes,2,Bengaluru
2113,Employee 2113,Female,60,IT,Manager,2023-03-14,1606496,1,No,Bachelor,Single,3,Yes,2,Hyderabad
2114,Employee 2114,Female,40,Marketing,Associate,2025-01-04,316638,2,No,Bachelor,Single,1,No,1,Pune
2115,Employee 2115,Male,37,IT,Analyst,2022-04-13,1754587,5,Yes,Bachelor,Single,4,Yes,3,Bengaluru
2116,Employee 2116,Male,55,Sales,Associate,2018-03-22,1120122,5,No,Diploma,Single,8,No,5,Chennai
2117,Employee 2117,Male,60,Marketing,Manager,2017-07-31,701229,5,No,Bachelor,Married,8,Yes,5,Mumbai
2118,Employee 2118,Male,55,IT,Associate,2023-12-22,1053480,1,No,Diploma,Married,2,No,2,Ahmedabad
2119,Employee 2119,Female,47,Marketing,Associate,2015-12-23,834087,4,No,Diploma,Single,10,No,1,Mumbai
2120,Employee 2120,Female,32,Support,Specialist,2017-10-14,1586557,5,Yes,Master,Married,8,Yes,4,Hyderabad
2121,Employee 2121,Male,57,Finance,Engineer,2020-09-24,1256754,2,No,Bachelor,Single,5,Yes,1,Delhi
2122,Employee 2122,Female,54,IT,Engineer,2022-05-22,1649253,2,No,Master,Single,4,Yes,1,Ahmedabad
2123,Employee 2123,Male,32,Support,Specialist,2015-06-25,472119,5,No,Master,Married,11,No,3,Bengaluru
2124,Employee 2124,Female,25,Finance,Analyst,2024-07-09,1433912,4,No,Diploma,Single,1,Yes,4,Pune
2125,Employee 2125,Female,53,Support,Specialist,2022-04-10,464438,5,No,Diploma,Married,4,No,4,Bengaluru
2126,Employee 2126,Female,45,Operations,Analyst,2020-01-30,747696,4,No,Master,Married,6,Yes,2,Delhi
2127,Employee 2127,Male,29,HR,Engineer,2023-10-25,575946,2,Yes,Diploma,Married,2,Yes,5,Mumbai
2128,Employee 2128,Male,31,HR,Analyst,2026-06-03,662460,3,No,Master,Married,0,Yes,2,Delhi
2129,Employee 2129,Female,36,Sales,Engineer,2023-02-22,515545,1,No,Diploma,Married,3,No,1,Ahmedabad
2130,Employee 2130,Female,41,Operations,Engineer,2017-12-23,653668,1,No,Bachelor,Single,8,Yes,3,Delhi
2131,Employee 2131,Female,31,IT,Associate,2023-06-17,820853,5,No,Master,Married,3,Yes,4,Bengaluru
2132,Employee 2132,Female,56,Sales,Manager,2026-02-02,418433,3,No,Diploma,Married,0,No,1,Hyderabad
2133,Employee 2133,Female,43,Operations,Specialist,2019-02-25,1791199,2,No,Diploma,Married,7,No,3,Mumbai
2134,Employee 2134,Female,27,Support,Associate,2018-03-14,1335330,3,No,Bachelor,Married,7,Yes,1,Delhi
2135,Employee 2135,Male,45,Sales,Engineer,2015-06-12,1752294,1,No,Bachelor,Married,11,No,4,Bengaluru
2136,Employee 2136,Female,21,Operations,Engineer,2019-02-01,1247358,4,No,Master,Single,1,Yes,3,Hyderabad
2137,Employee 2137,Male,38,Finance,Engineer,2025-09-10,1309544,5,No,Diploma,Single,0,Yes,2,Hyderabad
2138,Employee 2138,Male,54,Marketing,Executive,2020-09-02,1678881,1,No,Diploma,Single,5,Yes,1,Hyderabad
2139,Employee 2139,Female,48,Support,Analyst,2025-04-16,782794,3,No,Master,Married,1,Yes,2,Mumbai
2140,Employee 2140,Female,32,Support,Engineer,2025-03-10,896095,4,Yes,Diploma,Single,1,No,3,Bengaluru
2141,Employee 2141,Male,31,Sales,Executive,2016-07-11,1270456,3,No,Bachelor,Single,9,Yes,4,Mumbai
2142,Employee 2142,Female,26,Support,Specialist,2022-08-13,1710322,1,Yes,Diploma,Married,3,No,5,Hyderabad
2143,Employee 2143,Female,39,Support,Executive,2019-11-17,1344666,2,No,Bachelor,Single,6,No,4,Hyderabad
2144,Employee 2144,Female,60,Sales,Analyst,2022-03-07,1407438,2,No,Diploma,Single,4,Yes,1,Bengaluru
2145,Employee 2145,Female,22,Support,Manager,2025-05-25,974390,3,No,Bachelor,Married,1,No,1,Bengaluru
2146,Employee 2146,Male,30,Marketing,Manager,2024-08-02,1433332,2,No,Bachelor,Single,1,Yes,3,Hyderabad
2147,Employee 2147,Male,37,Marketing,Executive,2016-08-01,783819,4,No,Master,Single,9,Yes,1,Mumbai
2148,Employee 2148,Male,23,Operations,Manager,2021-11-04,404124,4,No,Bachelor,Single,3,Yes,5,Chennai
2149,Employee 2149,Male,33,IT,Specialist,2026-06-15,431619,2,No,Bachelor,Single,0,No,4,Bengaluru
2150,Employee 2150,Female,37,IT,Manager,2020-12-01,982325,4,No,Bachelor,Single,5,No,4,Mumbai
2151,Employee 2151,Female,41,HR,Analyst,2022-12-05,1314474,1,No,Diploma,Married,3,No,4,Pune
2152,Employee 2152,Male,35,IT,Analyst,2023-09-01,1008908,5,No,Master,Single,2,Yes,2,Pune
2153,Employee 2153,Male,47,Finance,Executive,2018-08-16,1621387,5,No,Master,Married,7,Yes,3,Bengaluru
2154,Employee 2154,Male,52,HR,Manager,2021-01-05,843174,2,No,Bachelor,Married,5,No,5,Mumbai
2155,Employee 2155,Male,42,IT,Engineer,2020-10-11,1141066,1,No,Bachelor,Married,5,No,3,Delhi
2156,Employee 2156,Male,37,Support,Manager,2019-03-27,446775,1,Yes,Bachelor,Married,7,Yes,1,Chennai
2157,Employee 2157,Male,57,HR,Specialist,2015-03-09,1754544,2,No,Master,Married,11,Yes,2,Chennai
2158,Employee 2158,Male,40,Marketing,Engineer,2024-04-11,1542951,5,No,Master,Married,2,No,4,Ahmedabad
2159,Employee 2159,Female,29,Support,Specialist,2022-02-28,969355,2,No,Diploma,Single,4,Yes,3,Ahmedabad
2160,Employee 2160,Male,30,Sales,Analyst,2018-09-28,1115609,3,No,Bachelor,Married,7,Yes,3,Mumbai
2161,Employee 2161,Male,36,Sales,Executive,2021-11-05,323881,5,No,Master,Single,4,No,2,Hyderabad
2162,Employee 2162,Female,41,Support,Specialist,2019-11-28,1075578,2,Yes,Diploma,Married,6,Yes,1,Bengaluru
2163,Employee 2163,Female,25,Marketing,Specialist,2018-08-29,257674,2,No,Bachelor,Single,5,No,3,Hyderabad
2164,Employee 2164,Female,59,Sales,Engineer,2025-06-02,1563487,1,No,Master,Single,1,No,4,Ahmedabad
2165,Employee 2165,Female,34,Support,Analyst,2023-12-18,1172514,5,No,Master,Single,2,No,5,Mumbai
2166,Employee 2166,Male,46,Finance,Analyst,2015-02-22,786294,1,No,Bachelor,Married,11,Yes,1,Chennai
2167,Employee 2167,Male,23,Operations,Manager,2019-02-11,1173941,5,No,Diploma,Married,3,No,1,Ahmedabad
2168,Employee 2168,Male,49,Marketing,Specialist,2024-12-16,956692,2,No,Diploma,Single,1,Yes,5,Delhi
2169,Employee 2169,Male,51,Sales,Executive,2021-01-01,1053470,1,No,Master,Single,5,Yes,4,Mumbai
2170,Employee 2170,Male,46,Support,Executive,2020-01-13,1680248,5,Yes,Diploma,Single,6,Yes,2,Chennai
2171,Employee 2171,Female,54,Sales,Associate,2026-02-17,519498,5,No,Master,Married,0,Yes,1,Hyderabad
2172,Employee 2172,Male,39,Operations,Associate,2023-06-13,744854,4,No,Bachelor,Single,3,No,4,Hyderabad
2173,Employee 2173,Female,49,Marketing,Executive,2026-01-11,1788925,3,No,Diploma,Single,0,No,2,Mumbai
2174,Employee 2174,Male,26,Finance,Engineer,2018-12-29,1392786,4,No,Diploma,Married,6,No,1,Ahmedabad
2175,Employee 2175,Female,41,HR,Associate,2022-03-07,1093954,4,No,Bachelor,Single,4,Yes,5,Mumbai
2176,Employee 2176,Male,40,IT,Associate,2022-04-30,915406,3,Yes,Diploma,Married,4,Yes,1,Delhi
2177,Employee 2177,Male,55,Operations,Specialist,2017-06-21,1422679,5,No,Bachelor,Married,9,Yes,5,Mumbai
2178,Employee 2178,Female,46,Sales,Manager,2018-12-09,638053,1,No,Master,Married,7,Yes,3,Mumbai
2179,Employee 2179,Male,43,Operations,Analyst,2017-11-06,851995,5,Yes,Bachelor,Married,8,No,5,Chennai
2180,Employee 2180,Female,36,Sales,Engineer,2021-04-12,608145,1,No,Master,Single,5,No,2,Hyderabad
2181,Employee 2181,Male,47,IT,Associate,2020-01-08,1447368,1,No,Bachelor,Single,6,No,5,Pune
2182,Employee 2182,Male,52,IT,Specialist,2023-07-11,691032,4,No,Bachelor,Single,2,No,5,Mumbai
2183,Employee 2183,Male,33,Marketing,Engineer,2017-08-22,1360070,4,No,Bachelor,Married,8,Yes,3,Chennai
2184,Employee 2184,Male,35,Finance,Specialist,2019-07-29,1628487,5,No,Bachelor,Married,6,No,2,Bengaluru
2185,Employee 2185,Male,52,Support,Analyst,2023-03-11,1296915,3,No,Diploma,Single,3,No,2,Mumbai
2186,Employee 2186,Female,38,Finance,Executive,2021-07-14,1404667,3,No,Master,Married,4,Yes,2,Bengaluru
2187,Employee 2187,Female,26,IT,Analyst,2021-09-25,650952,4,Yes,Bachelor,Single,4,No,4,Pune
2188,Employee 2188,Male,45,Operations,Engineer,2015-12-10,1330343,1,No,Master,Married,10,Yes,3,Hyderabad
2189,Employee 2189,Female,21,IT,Analyst,2025-10-29,431778,3,No,Diploma,Single,0,Yes,4,Ahmedabad
2190,Employee 2190,Male,27,Marketing,Executive,2022-01-02,1233334,1,No,Diploma,Single,4,No,4,Hyderabad
2191,Employee 2191,Male,34,IT,Manager,2021-10-09,523316,5,No,Master,Married,4,No,1,Mumbai
2192,Employee 2192,Male,28,Operations,Engineer,2020-12-09,297597,1,No,Bachelor,Single,5,Yes,5,Chennai
2193,Employee 2193,Male,60,Finance,Engineer,2022-10-12,1601124,4,No,Diploma,Single,3,No,3,Bengaluru
2194,Employee 2194,Male,36,Finance,Executive,2023-10-21,1699616,3,No,Master,Single,2,No,3,Ahmedabad
2195,Employee 2195,Male,49,IT,Engineer,2023-12-19,1599749,5,No,Bachelor,Single,2,Yes,2,Chennai
2196,Employee 2196,Male,40,Operations,Associate,2022-05-30,1049374,1,No,Bachelor,Married,4,No,5,Delhi
2197,Employee 2197,Female,52,Support,Analyst,2026-03-11,541085,2,No,Bachelor,Married,0,Yes,1,Chennai
2198,Employee 2198,Male,58,Support,Manager,2026-05-02,1414134,2,Yes,Bachelor,Married,0,No,4,Bengaluru
2199,Employee 2199,Female,28,Operations,Engineer,2020-01-26,811805,3,Yes,Master,Single,6,Yes,3,Mumbai
2200,Employee 2200,Male,50,Support,Specialist,2021-12-02,967855,4,No,Master,Single,4,No,1,Ahmedabad
2201,Employee 2201,Male,24,Operations,Analyst,2022-12-23,898954,5,No,Diploma,Married,3,Yes,1,Delhi
2202,Employee 2202,Male,42,Operations,Manager,2017-03-21,1743658,4,No,Bachelor,Married,9,No,1,Chennai
2203,Employee 2203,Female,41,Sales,Manager,2026-05-27,1364355,4,No,Master,Single,0,No,4,Ahmedabad
2204,Employee 2204,Female,57,Support,Analyst,2021-09-01,1121097,3,No,Master,Single,4,No,5,Delhi
2205,Employee 2205,Female,43,Sales,Manager,2023-08-10,512501,2,No,Bachelor,Single,2,Yes,1,Hyderabad
2206,Employee 2206,Female,60,Operations,Associate,2019-10-02,782354,1,No,Diploma,Married,6,Yes,1,Bengaluru
2207,Employee 2207,Male,44,Marketing,Manager,2017-11-13,298621,5,No,Bachelor,Single,8,Yes,5,Ahmedabad
2208,Employee 2208,Male,55,Support,Specialist,2017-10-14,1595447,1,No,Bachelor,Single,8,No,1,Hyderabad
2209,Employee 2209,Male,36,Operations,Executive,2018-05-23,746256,4,No,Bachelor,Married,8,Yes,5,Chennai
2210,Employee 2210,Male,42,Operations,Executive,2019-02-25,1127277,5,Yes,Master,Single,7,Yes,3,Hyderabad
2211,Employee 2211,Female,37,Support,Analyst,2019-01-05,1053504,5,No,Diploma,Married,7,Yes,4,Hyderabad
2212,Employee 2212,Male,33,IT,Executive,2021-01-15,1576516,5,No,Bachelor,Married,5,No,1,Delhi
2213,Employee 2213,Female,36,Finance,Associate,2019-12-29,1275459,2,No,Master,Married,6,No,2,Mumbai
2214,Employee 2214,Female,27,Support,Analyst,2018-09-15,1178429,4,No,Master,Single,7,Yes,5,Pune
2215,Employee 2215,Female,60,Marketing,Analyst,2017-11-05,1114104,1,Yes,Bachelor,Married,8,No,2,Mumbai
2216,Employee 2216,Female,51,Finance,Associate,2019-07-04,1464417,4,No,Master,Married,7,Yes,5,Delhi
2217,Employee 2217,Male,37,Support,Analyst,2026-02-24,551763,2,No,Diploma,Single,0,No,2,Pune
2218,Employee 2218,Male,44,Support,Engineer,2024-01-08,1498733,5,No,Diploma,Single,2,Yes,1,Chennai
2219,Employee 2219,Male,24,Finance,Engineer,2022-04-26,440617,1,Yes,Master,Married,4,No,5,Bengaluru
2220,Employee 2220,Male,40,Operations,Engineer,2019-02-10,806798,4,No,Diploma,Married,7,No,5,Bengaluru
2221,Employee 2221,Male,27,Sales,Specialist,2019-09-23,1670759,5,No,Bachelor,Married,6,No,5,Bengaluru
2222,Employee 2222,Female,56,Operations,Engineer,2015-08-20,1475672,2,No,Diploma,Married,10,No,4,Chennai
2223,Employee 2223,Male,60,IT,Manager,2022-07-30,1757931,5,No,Bachelor,Married,3,No,1,Delhi
2224,Employee 2224,Male,34,Finance,Executive,2020-08-27,1574296,2,No,Bachelor,Single,5,No,2,Pune
2225,Employee 2225,Male,34,Finance,Manager,2024-08-11,1332848,1,Yes,Diploma,Married,1,No,3,Delhi
2226,Employee 2226,Female,21,Finance,Analyst,2022-03-19,676036,5,No,Master,Married,1,Yes,5,Pune
2227,Employee 2227,Male,37,Operations,Analyst,2021-10-14,1177353,5,No,Bachelor,Single,4,Yes,1,Chennai
2228,Employee 2228,Male,49,Operations,Analyst,2025-10-23,1702685,1,No,Bachelor,Single,0,No,3,Bengaluru
2229,Employee 2229,Male,42,Support,Specialist,2017-04-17,1591169,5,No,Master,Single,9,No,2,Ahmedabad
2230,Employee 2230,Male,27,IT,Analyst,2023-11-21,1143665,3,No,Diploma,Single,2,No,5,Mumbai
2231,Employee 2231,Male,54,Marketing,Analyst,2015-03-09,1474943,5,No,Bachelor,Married,11,Yes,4,Hyderabad
2232,Employee 2232,Male,23,Finance,Specialist,2023-09-09,922647,1,No,Bachelor,Married,2,No,2,Bengaluru
2233,Employee 2233,Male,35,Finance,Associate,2020-09-09,1620205,5,No,Diploma,Single,5,Yes,3,Pune
2234,Employee 2234,Male,45,HR,Manager,2016-01-31,1283716,2,No,Bachelor,Married,10,Yes,4,Pune
2235,Employee 2235,Female,59,HR,Associate,2022-01-18,1514745,3,Yes,Master,Single,4,No,2,Mumbai
2236,Employee 2236,Female,52,Operations,Associate,2018-05-23,963415,4,No,Master,Single,8,No,4,Hyderabad
2237,Employee 2237,Female,35,Finance,Executive,2020-10-21,1717393,1,No,Master,Single,5,No,3,Bengaluru
2238,Employee 2238,Female,40,HR,Associate,2020-05-03,617888,1,Yes,Diploma,Married,6,Yes,4,Bengaluru
2239,Employee 2239,Female,38,Support,Specialist,2025-09-12,1464917,3,No,Bachelor,Single,0,Yes,4,Bengaluru
2240,Employee 2240,Male,26,Sales,Manager,2017-10-12,1666145,4,No,Bachelor,Married,6,Yes,5,Bengaluru
2241,Employee 2241,Male,52,HR,Engineer,2026-06-03,976831,5,No,Diploma,Married,0,Yes,5,Pune
2242,Employee 2242,Female,59,IT,Engineer,2020-12-30,592167,1,Yes,Master,Single,5,Yes,1,Chennai
2243,Employee 2243,Male,53,Support,Engineer,2015-05-08,811923,4,Yes,Master,Married,11,No,3,Pune
2244,Employee 2244,Male,38,Finance,Associate,2026-02-10,1256867,2,No,Master,Single,0,Yes,2,Ahmedabad
2245,Employee 2245,Female,56,HR,Engineer,2022-03-05,555128,4,No,Master,Married,4,No,3,Hyderabad
2246,Employee 2246,Male,56,Sales,Specialist,2022-08-25,735454,1,No,Bachelor,Married,3,No,1,Ahmedabad
2247,Employee 2247,Female,42,Finance,Specialist,2016-12-05,543047,3,Yes,Master,Single,9,Yes,3,Pune
2248,Employee 2248,Female,30,HR,Engineer,2020-02-07,1152412,4,No,Bachelor,Single,6,Yes,1,Ahmedabad
2249,Employee 2249,Male,48,Marketing,Associate,2019-04-17,518889,3,No,Master,Married,7,Yes,3,Pune
2250,Employee 2250,Male,26,Sales,Executive,2021-09-09,1296053,5,Yes,Diploma,Married,4,Yes,5,Mumbai
2251,Employee 2251,Male,39,Operations,Analyst,2023-07-28,402405,2,No,Bachelor,Married,2,No,5,Pune
2252,Employee 2252,Female,22,Operations,Associate,2016-07-29,1144438,3,No,Master,Married,2,No,5,Hyderabad
2253,Employee 2253,Female,33,Finance,Specialist,2018-07-03,848335,4,No,Diploma,Married,8,No,2,Bengaluru
2254,Employee 2254,Male,30,Support,Associate,2026-02-17,1169625,3,No,Diploma,Married,0,Yes,4,Chennai
2255,Employee 2255,Female,30,Marketing,Engineer,2026-02-18,1581032,3,No,Master,Single,0,Yes,2,Ahmedabad
2256,Employee 2256,Female,28,Sales,Analyst,2022-12-19,1050325,5,No,Bachelor,Single,3,Yes,4,Delhi
2257,Employee 2257,Male,49,Operations,Engineer,2022-10-03,631206,3,No,Bachelor,Married,3,No,5,Chennai
2258,Employee 2258,Female,37,Support,Specialist,2018-06-04,494936,3,No,Master,Single,8,No,5,Pune
2259,Employee 2259,Female,28,Marketing,Specialist,2018-04-12,629750,2,No,Master,Single,8,No,3,Ahmedabad
2260,Employee 2260,Female,51,Support,Specialist,2021-11-22,1487718,3,No,Master,Married,4,No,2,Mumbai
2261,Employee 2261,Female,36,Support,Engineer,2021-01-28,366377,3,No,Bachelor,Married,5,Yes,1,Pune
2262,Employee 2262,Male,53,IT,Specialist,2017-04-27,1504117,3,No,Diploma,Single,9,Yes,5,Chennai
2263,Employee 2263,Male,32,Operations,Associate,2018-04-14,920096,2,No,Master,Single,8,No,2,Chennai
2264,Employee 2264,Male,46,Sales,Associate,2017-03-15,1129670,2,No,Master,Married,9,No,3,Hyderabad
2265,Employee 2265,Male,26,HR,Associate,2021-05-07,1597644,3,No,Diploma,Single,5,Yes,2,Delhi
2266,Employee 2266,Female,46,Sales,Manager,2024-05-06,398719,3,No,Bachelor,Single,2,Yes,2,Ahmedabad
2267,Employee 2267,Male,43,HR,Executive,2022-02-17,922458,2,No,Master,Single,4,Yes,1,Ahmedabad
2268,Employee 2268,Male,37,HR,Associate,2019-07-11,340518,1,No,Master,Single,6,Yes,2,Pune
2269,Employee 2269,Female,54,Sales,Specialist,2020-10-21,508435,3,Yes,Diploma,Single,5,No,1,Hyderabad
2270,Employee 2270,Male,24,Sales,Associate,2020-07-26,466802,1,No,Master,Married,4,Yes,4,Mumbai
2271,Employee 2271,Female,58,Support,Manager,2019-03-05,1779284,5,No,Bachelor,Single,7,No,4,Pune
2272,Employee 2272,Male,33,HR,Engineer,2020-02-07,444492,5,No,Diploma,Married,6,No,1,Ahmedabad
2273,Employee 2273,Female,22,HR,Manager,2021-10-05,318349,4,No,Master,Married,2,Yes,5,Pune
2274,Employee 2274,Male,23,Finance,Engineer,2017-05-30,1534823,5,Yes,Bachelor,Single,3,Yes,5,Delhi
2275,Employee 2275,Female,25,Marketing,Executive,2022-01-12,601974,2,No,Diploma,Single,4,Yes,3,Hyderabad
2276,Employee 2276,Male,51,Operations,Associate,2025-01-03,476426,2,No,Diploma,Married,1,No,4,Hyderabad
2277,Employee 2277,Male,33,Marketing,Manager,2024-08-01,1468968,3,No,Diploma,Single,1,No,4,Bengaluru
2278,Employee 2278,Female,54,IT,Analyst,2018-05-30,1308750,4,No,Bachelor,Single,8,No,5,Delhi
2279,Employee 2279,Female,47,IT,Manager,2022-12-07,502874,4,No,Bachelor,Single,3,Yes,2,Chennai
2280,Employee 2280,Female,42,HR,Specialist,2019-07-30,993511,2,No,Diploma,Married,6,Yes,3,Hyderabad
2281,Employee 2281,Female,45,Sales,Specialist,2015-10-20,921645,4,No,Bachelor,Single,10,No,4,Mumbai
2282,Employee 2282,Female,40,Sales,Executive,2019-08-11,1310579,5,No,Bachelor,Married,6,No,1,Hyderabad
2283,Employee 2283,Male,38,HR,Executive,2015-11-23,1669593,5,Yes,Bachelor,Single,10,No,1,Mumbai
2284,Employee 2284,Male,30,Sales,Executive,2018-03-31,808174,4,No,Bachelor,Single,8,No,3,Chennai
2285,Employee 2285,Female,26,Support,Specialist,2024-01-01,1412057,5,No,Master,Single,2,Yes,3,Mumbai
2286,Employee 2286,Female,22,Operations,Engineer,2019-07-21,1368706,3,No,Master,Single,2,Yes,3,Hyderabad
2287,Employee 2287,Male,36,Marketing,Specialist,2016-09-25,1733878,1,No,Diploma,Single,9,No,5,Bengaluru
2288,Employee 2288,Female,44,Support,Specialist,2023-11-15,1684974,3,No,Bachelor,Single,2,No,3,Pune
2289,Employee 2289,Female,56,Sales,Engineer,2026-01-03,283407,1,No,Bachelor,Married,0,No,2,Chennai
2290,Employee 2290,Male,32,Finance,Manager,2016-12-17,1322621,4,No,Master,Single,9,No,5,Delhi
2291,Employee 2291,Female,49,Support,Specialist,2023-12-21,523856,2,No,Diploma,Single,2,Yes,1,Ahmedabad
2292,Employee 2292,Female,55,HR,Manager,2025-05-30,1410901,5,No,Diploma,Married,1,Yes,5,Mumbai
2293,Employee 2293,Female,52,Sales,Specialist,2016-06-08,1244923,1,No,Master,Single,10,Yes,5,Hyderabad
2294,Employee 2294,Male,31,IT,Engineer,2023-03-26,991453,2,No,Master,Single,3,No,1,Mumbai
2295,Employee 2295,Female,35,Sales,Manager,2025-12-17,889944,1,No,Bachelor,Married,0,No,2,Pune
2296,Employee 2296,Female,45,Finance,Executive,2015-02-14,1215966,4,No,Bachelor,Married,11,Yes,3,Pune
2297,Employee 2297,Male,37,Support,Executive,2024-03-13,330243,3,No,Diploma,Married,2,Yes,2,Bengaluru
2298,Employee 2298,Female,51,Marketing,Specialist,2026-01-04,1797236,1,No,Diploma,Single,0,No,5,Bengaluru
2299,Employee 2299,Female,35,IT,Manager,2025-06-12,338663,1,No,Bachelor,Married,1,Yes,4,Chennai
2300,Employee 2300,Female,52,Sales,Specialist,2020-06-26,1424279,4,No,Master,Married,6,Yes,2,Hyderabad
2301,Employee 2301,Female,23,Support,Engineer,2020-05-08,343340,2,No,Bachelor,Single,3,Yes,4,Mumbai
2302,Employee 2302,Male,56,Marketing,Engineer,2020-07-06,886120,1,No,Diploma,Single,5,Yes,5,Bengaluru
2303,Employee 2303,Female,57,Operations,Specialist,2022-10-09,1411994,4,No,Master,Single,3,No,1,Bengaluru
2304,Employee 2304,Female,59,Operations,Executive,2024-09-22,1302829,4,No,Bachelor,Married,1,Yes,4,Ahmedabad
2305,Employee 2305,Female,31,Sales,Executive,2022-09-27,1204595,3,No,Bachelor,Single,3,No,2,Pune
2306,Employee 2306,Male,38,IT,Associate,2021-09-09,1745843,1,No,Diploma,Married,4,No,4,Ahmedabad
2307,Employee 2307,Female,55,Sales,Specialist,2019-08-28,1293425,5,No,Bachelor,Single,6,Yes,2,Chennai
2308,Employee 2308,Female,30,HR,Associate,2020-02-14,1224159,5,No,Master,Single,6,Yes,5,Bengaluru
2309,Employee 2309,Male,45,Marketing,Specialist,2026-02-09,1032183,2,No,Bachelor,Single,0,No,2,Delhi
2310,Employee 2310,Female,59,Sales,Analyst,2018-12-06,1491405,4,Yes,Diploma,Married,7,Yes,2,Ahmedabad
2311,Employee 2311,Male,46,Operations,Manager,2016-03-15,898385,3,No,Diploma,Married,10,No,4,Mumbai
2312,Employee 2312,Female,46,Sales,Manager,2024-01-22,373152,5,No,Master,Single,2,Yes,1,Mumbai
2313,Employee 2313,Male,24,Marketing,Specialist,2021-11-09,1737148,4,No,Diploma,Married,4,No,2,Bengaluru
2314,Employee 2314,Male,60,Marketing,Manager,2018-12-31,1570351,2,No,Bachelor,Single,7,No,5,Ahmedabad
2315,Employee 2315,Male,36,Marketing,Associate,2017-04-23,510849,3,No,Bachelor,Married,9,No,5,Pune
2316,Employee 2316,Female,59,Sales,Associate,2020-06-12,565980,4,No,Diploma,Single,6,No,5,Pune
2317,Employee 2317,Female,44,HR,Associate,2018-01-09,722093,3,No,Diploma,Single,8,Yes,2,Ahmedabad
2318,Employee 2318,Male,50,IT,Engineer,2019-07-05,505058,4,No,Diploma,Single,6,Yes,3,Hyderabad
2319,Employee 2319,Male,37,HR,Specialist,2019-11-06,1293071,2,No,Diploma,Single,6,Yes,2,Ahmedabad
2320,Employee 2320,Female,45,Sales,Associate,2016-11-02,1548058,4,No,Master,Single,9,No,4,Hyderabad
2321,Employee 2321,Female,30,Sales,Engineer,2017-03-23,647419,5,No,Bachelor,Single,9,No,2,Bengaluru
2322,Employee 2322,Female,57,Finance,Associate,2017-08-30,805466,3,No,Diploma,Married,8,Yes,4,Ahmedabad
2323,Employee 2323,Female,44,HR,Manager,2016-10-27,1549318,5,No,Master,Married,9,Yes,1,Ahmedabad
2324,Employee 2324,Female,33,Sales,Analyst,2021-09-19,1257430,2,No,Bachelor,Single,4,No,1,Mumbai
2325,Employee 2325,Female,57,Sales,Engineer,2015-08-14,1615650,3,No,Bachelor,Married,10,No,4,Chennai
2326,Employee 2326,Male,24,HR,Engineer,2016-10-25,532111,1,No,Bachelor,Single,4,No,1,Bengaluru
2327,Employee 2327,Male,50,Marketing,Engineer,2025-09-27,367831,4,No,Master,Single,0,Yes,2,Pune
2328,Employee 2328,Female,28,HR,Engineer,2022-09-09,876312,3,No,Master,Single,3,No,4,Hyderabad
2329,Employee 2329,Female,23,Sales,Executive,2021-06-17,529953,4,No,Master,Married,3,No,4,Hyderabad
2330,Employee 2330,Female,21,IT,Executive,2017-05-03,1159028,5,No,Bachelor,Single,1,Yes,4,Mumbai
2331,Employee 2331,Male,34,Finance,Executive,2020-12-03,1370182,4,No,Bachelor,Single,5,Yes,2,Ahmedabad
2332,Employee 2332,Female,51,Support,Specialist,2025-10-26,738779,3,No,Master,Married,0,Yes,2,Bengaluru
2333,Employee 2333,Female,58,Sales,Specialist,2018-12-31,1043414,5,No,Diploma,Married,7,No,4,Delhi
2334,Employee 2334,Male,60,HR,Engineer,2016-08-03,1364073,5,No,Master,Single,9,No,1,Hyderabad
2335,Employee 2335,Male,30,IT,Associate,2017-03-27,1326985,4,No,Bachelor,Single,9,Yes,4,Ahmedabad
2336,Employee 2336,Female,33,Operations,Engineer,2016-01-12,1406407,2,No,Master,Married,10,No,5,Hyderabad
2337,Employee 2337,Female,55,Sales,Analyst,2018-12-15,1725684,2,No,Master,Single,7,No,2,Pune
2338,Employee 2338,Male,47,Operations,Executive,2025-11-12,780552,5,No,Bachelor,Single,0,No,4,Bengaluru
2339,Employee 2339,Male,32,IT,Analyst,2019-04-21,1244633,5,No,Bachelor,Single,7,No,5,Mumbai
2340,Employee 2340,Male,28,IT,Engineer,2017-11-16,609227,2,No,Bachelor,Married,8,No,2,Bengaluru
2341,Employee 2341,Male,40,Operations,Engineer,2025-05-22,1425644,4,No,Bachelor,Single,1,No,5,Pune
2342,Employee 2342,Male,58,Marketing,Engineer,2022-06-15,1746541,4,No,Diploma,Single,4,No,5,Pune
2343,Employee 2343,Female,53,Finance,Manager,2025-04-09,787077,4,No,Bachelor,Married,1,Yes,5,Delhi
2344,Employee 2344,Female,47,IT,Specialist,2020-03-27,1353639,4,No,Bachelor,Married,6,No,2,Pune
2345,Employee 2345,Male,43,IT,Engineer,2025-01-25,1379897,3,No,Master,Single,1,Yes,5,Ahmedabad
2346,Employee 2346,Male,40,Sales,Associate,2017-10-24,711150,5,No,Diploma,Single,8,Yes,4,Chennai
2347,Employee 2347,Female,22,Marketing,Specialist,2021-04-27,994777,1,No,Master,Married,2,Yes,1,Bengaluru
2348,Employee 2348,Male,49,Operations,Executive,2015-10-05,843921,3,No,Bachelor,Single,10,No,4,Mumbai
2349,Employee 2349,Male,26,HR,Manager,2019-09-07,341528,4,No,Master,Married,6,No,4,Pune
2350,Employee 2350,Female,30,Sales,Analyst,2016-07-16,1491679,4,No,Diploma,Married,9,No,2,Delhi
2351,Employee 2351,Female,58,Marketing,Analyst,2021-07-31,1616429,3,No,Bachelor,Single,4,No,3,Hyderabad
2352,Employee 2352,Male,37,HR,Executive,2022-03-10,391954,3,No,Master,Single,4,No,3,Chennai
2353,Employee 2353,Female,29,IT,Analyst,2016-03-31,1573976,5,No,Diploma,Single,9,Yes,5,Pune
2354,Employee 2354,Male,21,Finance,Analyst,2017-05-03,434171,3,No,Bachelor,Married,1,Yes,1,Ahmedabad
2355,Employee 2355,Female,60,Finance,Analyst,2021-05-20,1753998,4,Yes,Master,Single,5,No,5,Hyderabad
2356,Employee 2356,Male,47,IT,Manager,2021-09-27,662811,4,No,Bachelor,Single,4,No,3,Hyderabad
2357,Employee 2357,Female,43,Finance,Associate,2015-02-17,474815,2,No,Master,Single,11,Yes,5,Ahmedabad
2358,Employee 2358,Male,24,Operations,Specialist,2022-01-05,1797910,4,No,Master,Single,4,No,4,Chennai
2359,Employee 2359,Female,30,Marketing,Manager,2022-05-03,540642,5,No,Bachelor,Married,4,Yes,5,Hyderabad
2360,Employee 2360,Female,58,IT,Manager,2017-02-18,679467,5,Yes,Master,Single,9,Yes,4,Mumbai
2361,Employee 2361,Male,59,HR,Specialist,2018-05-28,479827,4,No,Bachelor,Married,8,No,3,Mumbai
2362,Employee 2362,Female,38,Support,Manager,2018-03-14,526187,5,No,Master,Single,8,No,1,Bengaluru
2363,Employee 2363,Female,26,Finance,Manager,2025-03-13,1757199,4,No,Bachelor,Married,1,No,5,Ahmedabad
2364,Employee 2364,Male,55,Operations,Manager,2015-06-02,791236,2,No,Diploma,Married,11,Yes,4,Hyderabad
2365,Employee 2365,Female,28,Support,Executive,2019-10-05,1542696,5,No,Diploma,Married,6,Yes,2,Chennai
2366,Employee 2366,Female,21,Marketing,Engineer,2015-04-22,1057529,1,No,Diploma,Married,1,Yes,3,Bengaluru
2367,Employee 2367,Male,39,Marketing,Associate,2020-06-28,358663,2,No,Bachelor,Single,6,No,5,Chennai
2368,Employee 2368,Female,58,Support,Engineer,2021-05-16,435403,1,Yes,Diploma,Married,5,No,5,Bengaluru
2369,Employee 2369,Female,45,Marketing,Analyst,2021-02-08,312769,2,No,Diploma,Married,5,No,1,Mumbai
2370,Employee 2370,Female,32,Support,Executive,2021-11-03,435160,3,No,Diploma,Single,4,Yes,2,Mumbai
2371,Employee 2371,Female,47,HR,Engineer,2017-10-01,274109,5,Yes,Master,Married,8,No,1,Chennai
2372,Employee 2372,Male,22,Sales,Analyst,2022-01-26,1510129,1,No,Master,Married,2,No,5,Chennai
2373,Employee 2373,Female,31,Finance,Analyst,2017-12-06,728638,3,No,Master,Single,8,No,3,Mumbai
2374,Employee 2374,Male,23,Operations,Specialist,2023-06-29,1440895,2,Yes,Diploma,Married,3,Yes,1,Ahmedabad
2375,Employee 2375,Female,42,Support,Specialist,2024-01-13,1016993,1,No,Master,Married,2,Yes,5,Ahmedabad
2376,Employee 2376,Female,39,Sales,Associate,2019-01-24,721524,4,No,Master,Single,7,Yes,5,Mumbai
2377,Employee 2377,Female,35,Sales,Engineer,2015-03-30,1629117,1,Yes,Master,Single,11,Yes,4,Ahmedabad
2378,Employee 2378,Male,29,IT,Associate,2018-04-21,1729660,3,Yes,Master,Married,8,Yes,4,Ahmedabad
2379,Employee 2379,Male,32,Marketing,Manager,2016-05-07,1081486,1,No,Bachelor,Single,10,Yes,3,Mumbai
2380,Employee 2380,Female,23,Support,Engineer,2017-03-14,905879,1,No,Bachelor,Married,3,Yes,3,Pune
2381,Employee 2381,Male,27,Marketing,Specialist,2015-06-07,1484589,2,No,Diploma,Single,7,No,5,Hyderabad
2382,Employee 2382,Female,53,Marketing,Analyst,2018-01-08,1406599,4,No,Diploma,Married,8,No,4,Hyderabad
2383,Employee 2383,Male,56,Marketing,Executive,2017-06-11,605803,1,No,Bachelor,Married,9,No,2,Mumbai
2384,Employee 2384,Female,36,Support,Executive,2016-10-13,1722896,4,No,Master,Single,9,No,5,Chennai
2385,Employee 2385,Female,28,Operations,Executive,2022-06-14,611091,4,No,Bachelor,Married,4,No,3,Mumbai
2386,Employee 2386,Female,29,Operations,Executive,2022-05-30,454890,1,No,Master,Married,4,Yes,5,Hyderabad
2387,Employee 2387,Male,38,Support,Specialist,2023-01-10,1039774,1,No,Bachelor,Married,3,No,3,Delhi
2388,Employee 2388,Female,41,Sales,Analyst,2023-02-10,705864,1,No,Bachelor,Single,3,No,5,Hyderabad
2389,Employee 2389,Female,35,Finance,Analyst,2016-11-09,421352,5,No,Master,Married,9,Yes,5,Delhi
2390,Employee 2390,Female,21,Operations,Executive,2017-06-07,1426143,1,Yes,Bachelor,Single,1,No,2,Ahmedabad
2391,Employee 2391,Male,58,Operations,Engineer,2022-04-07,959233,1,No,Bachelor,Single,4,Yes,2,Chennai
2392,Employee 2392,Female,22,Sales,Executive,2015-12-22,430753,4,No,Master,Married,2,Yes,3,Mumbai
2393,Employee 2393,Male,21,HR,Specialist,2019-09-01,1649823,3,No,Bachelor,Single,1,Yes,3,Hyderabad
2394,Employee 2394,Female,40,Operations,Specialist,2017-07-16,773471,1,Yes,Master,Single,8,Yes,2,Pune
2395,Employee 2395,Male,23,HR,Engineer,2015-02-21,1481246,4,No,Bachelor,Single,3,Yes,4,Hyderabad
2396,Employee 2396,Male,23,HR,Manager,2021-09-24,778201,5,No,Master,Single,3,Yes,4,Chennai
2397,Employee 2397,Male,39,IT,Associate,2019-06-16,676051,4,No,Master,Single,7,Yes,4,Chennai
2398,Employee 2398,Male,56,Support,Specialist,2017-07-11,1415156,5,No,Master,Single,8,No,2,Bengaluru
2399,Employee 2399,Male,25,Support,Analyst,2016-03-12,1266762,3,No,Diploma,Married,5,No,4,Ahmedabad
2400,Employee 2400,Female,55,HR,Engineer,2020-12-15,1158802,1,No,Master,Married,5,No,1,Pune
2401,Employee 2401,Male,32,Marketing,Analyst,2023-07-01,444287,1,Yes,Bachelor,Married,3,Yes,1,Pune
2402,Employee 2402,Female,31,Sales,Associate,2025-02-23,290924,5,No,Diploma,Married,1,Yes,2,Delhi
2403,Employee 2403,Female,46,Operations,Specialist,2017-08-26,1510243,2,Yes,Diploma,Single,8,Yes,5,Ahmedabad
2404,Employee 2404,Female,28,IT,Specialist,2020-06-30,317572,4,No,Bachelor,Single,6,Yes,3,Hyderabad
2405,Employee 2405,Male,41,Support,Analyst,2022-07-01,1656341,4,No,Bachelor,Single,4,No,2,Ahmedabad
2406,Employee 2406,Female,31,Operations,Associate,2026-02-02,1036974,3,No,Master,Single,0,No,1,Bengaluru
2407,Employee 2407,Female,41,Sales,Analyst,2015-12-14,1628835,1,No,Master,Single,10,No,2,Chennai
2408,Employee 2408,Female,36,Sales,Manager,2026-05-07,261863,4,No,Master,Single,0,Yes,4,Pune
2409,Employee 2409,Male,43,Finance,Executive,2019-12-07,1763484,4,No,Diploma,Married,6,No,3,Ahmedabad
2410,Employee 2410,Female,24,Sales,Executive,2016-10-05,811859,4,No,Diploma,Single,4,Yes,2,Ahmedabad
2411,Employee 2411,Male,27,HR,Analyst,2021-02-03,1134175,2,No,Master,Single,5,No,5,Pune
2412,Employee 2412,Female,36,Marketing,Executive,2019-04-15,928215,4,No,Diploma,Married,7,No,4,Delhi
2413,Employee 2413,Female,46,HR,Analyst,2026-03-07,1651059,2,No,Diploma,Married,0,No,3,Bengaluru
2414,Employee 2414,Male,38,Support,Manager,2015-05-20,1741382,4,No,Master,Single,11,Yes,5,Bengaluru
2415,Employee 2415,Female,46,Sales,Executive,2017-10-06,369003,3,Yes,Master,Married,8,No,4,Hyderabad
2416,Employee 2416,Male,51,Finance,Executive,2024-12-11,582243,5,No,Diploma,Single,1,No,3,Delhi
2417,Employee 2417,Female,46,Support,Manager,2022-08-19,647707,3,No,Diploma,Single,3,Yes,5,Hyderabad
2418,Employee 2418,Male,30,Finance,Associate,2017-08-02,1724799,3,No,Diploma,Married,8,Yes,3,Hyderabad
2419,Employee 2419,Male,59,Support,Executive,2015-08-25,1145779,4,No,Diploma,Single,10,Yes,2,Delhi
2420,Employee 2420,Male,32,Finance,Analyst,2018-02-13,1359605,2,No,Master,Married,8,Yes,5,Hyderabad
2421,Employee 2421,Female,38,Marketing,Analyst,2017-11-23,1651312,5,No,Master,Married,8,No,2,Bengaluru
2422,Employee 2422,Male,29,Marketing,Specialist,2021-04-05,596080,4,No,Master,Married,5,No,3,Ahmedabad
2423,Employee 2423,Male,38,Support,Specialist,2019-08-06,540884,3,No,Master,Married,6,No,5,Bengaluru
2424,Employee 2424,Female,23,Operations,Associate,2018-10-17,389655,2,No,Master,Married,3,Yes,1,Delhi
2425,Employee 2425,Female,57,Sales,Engineer,2024-04-14,1377459,4,Yes,Diploma,Single,2,Yes,3,Bengaluru
2426,Employee 2426,Female,49,IT,Executive,2021-11-15,262465,5,No,Bachelor,Married,4,No,3,Mumbai
2427,Employee 2427,Female,44,Sales,Specialist,2019-06-02,661126,3,No,Master,Married,7,No,3,Pune
2428,Employee 2428,Male,34,Sales,Analyst,2018-02-21,1436571,4,No,Bachelor,Married,8,No,4,Delhi
2429,Employee 2429,Male,37,IT,Analyst,2016-07-18,397026,2,No,Diploma,Single,9,No,5,Ahmedabad
2430,Employee 2430,Female,50,Finance,Specialist,2026-02-06,495549,1,No,Bachelor,Married,0,No,1,Pune
2431,Employee 2431,Male,52,Finance,Manager,2025-08-30,636883,2,No,Master,Married,0,Yes,5,Chennai
2432,Employee 2432,Male,52,HR,Executive,2025-05-03,938150,4,No,Diploma,Married,1,No,2,Delhi
2433,Employee 2433,Female,41,Finance,Manager,2025-05-08,1097301,5,No,Diploma,Married,1,No,1,Delhi
2434,Employee 2434,Male,54,IT,Specialist,2023-12-22,1576810,5,No,Diploma,Married,2,No,5,Ahmedabad
2435,Employee 2435,Female,35,Finance,Associate,2024-08-04,1754023,1,No,Diploma,Single,1,No,2,Bengaluru
2436,Employee 2436,Female,51,Sales,Executive,2020-05-09,439356,3,No,Master,Married,6,Yes,2,Bengaluru
2437,Employee 2437,Female,34,IT,Engineer,2021-11-07,479502,3,No,Bachelor,Single,4,Yes,5,Ahmedabad
2438,Employee 2438,Female,46,IT,Associate,2024-03-10,1661187,4,Yes,Diploma,Single,2,No,5,Bengaluru
2439,Employee 2439,Female,30,Marketing,Specialist,2018-01-02,1537684,4,No,Bachelor,Single,8,Yes,1,Delhi
2440,Employee 2440,Female,22,Support,Executive,2017-06-09,711858,1,Yes,Diploma,Married,2,Yes,4,Delhi
2441,Employee 2441,Female,48,Sales,Executive,2020-02-25,542375,5,No,Master,Single,6,Yes,2,Chennai
2442,Employee 2442,Female,58,Operations,Executive,2026-02-07,701604,1,No,Diploma,Married,0,No,5,Pune
2443,Employee 2443,Female,27,HR,Executive,2025-06-21,1748959,4,No,Diploma,Single,1,No,1,Pune
2444,Employee 2444,Male,51,HR,Manager,2016-05-06,1445973,1,No,Master,Married,10,Yes,4,Delhi
2445,Employee 2445,Male,25,Sales,Analyst,2024-12-20,255795,5,No,Bachelor,Single,1,No,3,Chennai
2446,Employee 2446,Female,47,Sales,Associate,2019-11-05,967647,1,No,Bachelor,Married,6,No,3,Ahmedabad
2447,Employee 2447,Female,48,IT,Specialist,2016-03-18,1634183,1,No,Diploma,Married,10,Yes,1,Ahmedabad
2448,Employee 2448,Male,52,Sales,Engineer,2015-02-18,1784559,3,No,Diploma,Single,11,No,4,Chennai
2449,Employee 2449,Female,34,HR,Manager,2018-11-15,1566236,1,No,Bachelor,Single,7,No,4,Ahmedabad
2450,Employee 2450,Male,57,Sales,Analyst,2024-10-05,779570,1,No,Bachelor,Married,1,Yes,5,Delhi
2451,Employee 2451,Female,38,HR,Executive,2024-09-30,1061256,3,Yes,Diploma,Married,1,No,5,Pune
2452,Employee 2452,Female,59,Sales,Manager,2024-04-22,1465181,2,Yes,Master,Married,2,Yes,2,Ahmedabad
2453,Employee 2453,Male,43,Operations,Associate,2021-06-03,1329892,5,No,Bachelor,Married,5,No,4,Bengaluru
2454,Employee 2454,Male,45,Finance,Manager,2016-10-20,838305,5,No,Bachelor,Single,9,No,4,Delhi
2455,Employee 2455,Female,42,Finance,Associate,2023-01-25,997377,5,No,Bachelor,Married,3,No,5,Delhi
2456,Employee 2456,Male,25,HR,Manager,2025-12-18,764449,4,No,Master,Married,0,Yes,2,Hyderabad
2457,Employee 2457,Female,31,Finance,Analyst,2015-12-02,1370974,1,No,Master,Married,10,No,2,Delhi
2458,Employee 2458,Female,47,Marketing,Analyst,2018-04-26,1757894,1,No,Master,Single,8,Yes,3,Mumbai
2459,Employee 2459,Male,22,Sales,Analyst,2020-11-15,680277,3,No,Diploma,Single,2,Yes,5,Ahmedabad
2460,Employee 2460,Male,28,HR,Manager,2025-11-23,1606180,2,Yes,Diploma,Married,0,No,1,Mumbai
2461,Employee 2461,Female,33,Sales,Engineer,2021-08-17,1419323,2,No,Master,Married,4,No,5,Pune
2462,Employee 2462,Female,39,Finance,Manager,2019-10-28,878898,5,No,Bachelor,Single,6,No,3,Pune
2463,Employee 2463,Male,37,Marketing,Manager,2025-11-27,1232240,3,No,Bachelor,Married,0,No,4,Chennai
2464,Employee 2464,Male,27,Finance,Specialist,2020-12-15,571170,4,Yes,Bachelor,Married,5,No,3,Bengaluru
2465,Employee 2465,Male,57,Support,Specialist,2022-04-09,1158541,5,No,Bachelor,Married,4,Yes,1,Hyderabad
2466,Employee 2466,Female,39,Operations,Manager,2016-01-24,846200,1,No,Diploma,Married,10,No,2,Chennai
2467,Employee 2467,Male,50,Support,Associate,2026-06-22,769568,1,No,Master,Married,0,No,3,Hyderabad
2468,Employee 2468,Female,26,Operations,Executive,2023-09-16,472945,1,No,Master,Married,2,No,1,Hyderabad
2469,Employee 2469,Male,36,HR,Manager,2017-01-31,1391577,1,No,Master,Single,9,Yes,2,Chennai
2470,Employee 2470,Male,21,Marketing,Engineer,2024-08-11,428920,1,No,Diploma,Single,1,No,3,Pune
2471,Employee 2471,Male,34,Support,Manager,2022-06-01,384119,1,No,Diploma,Single,4,Yes,2,Hyderabad
2472,Employee 2472,Female,27,IT,Specialist,2017-02-07,1537664,2,Yes,Bachelor,Married,7,Yes,2,Delhi
2473,Employee 2473,Female,35,HR,Manager,2015-10-27,1368285,5,No,Master,Single,10,No,1,Mumbai
2474,Employee 2474,Male,40,Marketing,Specialist,2024-12-07,761740,5,No,Diploma,Married,1,Yes,2,Mumbai
2475,Employee 2475,Male,41,Sales,Executive,2024-02-17,1693183,4,No,Bachelor,Single,2,No,4,Delhi
2476,Employee 2476,Male,21,Marketing,Specialist,2026-03-09,491546,5,No,Master,Single,0,No,5,Mumbai
2477,Employee 2477,Male,52,Support,Analyst,2023-04-10,1104358,3,No,Bachelor,Married,3,Yes,5,Mumbai
2478,Employee 2478,Female,42,Marketing,Associate,2018-06-18,286840,5,No,Diploma,Single,8,Yes,2,Chennai
2479,Employee 2479,Female,35,Support,Analyst,2020-03-29,1037097,2,No,Bachelor,Married,6,No,5,Bengaluru
2480,Employee 2480,Female,54,HR,Specialist,2020-07-13,1336276,4,No,Master,Married,5,No,4,Hyderabad
2481,Employee 2481,Male,47,HR,Analyst,2024-02-12,1583093,2,No,Bachelor,Single,2,Yes,5,Mumbai
2482,Employee 2482,Female,56,Marketing,Analyst,2015-11-19,1657644,1,No,Diploma,Single,10,Yes,3,Chennai
2483,Employee 2483,Male,21,Finance,Executive,2016-10-20,1598390,3,No,Diploma,Single,1,Yes,4,Hyderabad
2484,Employee 2484,Female,58,Operations,Analyst,2018-04-14,339884,4,No,Diploma,Single,8,No,4,Pune
2485,Employee 2485,Female,39,Finance,Analyst,2017-10-10,1751062,1,No,Diploma,Married,8,Yes,1,Bengaluru
2486,Employee 2486,Female,42,Sales,Associate,2015-12-01,290664,1,Yes,Master,Single,10,Yes,3,Mumbai
2487,Employee 2487,Male,58,HR,Manager,2015-05-03,551490,3,No,Diploma,Single,11,No,5,Pune
2488,Employee 2488,Female,58,Sales,Specialist,2024-01-03,882746,2,No,Master,Married,2,No,2,Bengaluru
2489,Employee 2489,Male,40,Sales,Executive,2016-11-26,843013,4,No,Diploma,Married,9,Yes,3,Chennai
2490,Employee 2490,Female,23,Finance,Analyst,2015-08-10,719877,4,Yes,Diploma,Married,3,No,1,Bengaluru
2491,Employee 2491,Female,25,Operations,Manager,2016-06-25,780884,2,No,Bachelor,Married,5,Yes,2,Pune
2492,Employee 2492,Female,49,HR,Analyst,2016-10-14,743454,1,No,Diploma,Single,9,Yes,3,Ahmedabad
2493,Employee 2493,Female,36,HR,Analyst,2023-06-24,915601,5,No,Bachelor,Single,3,No,4,Hyderabad
2494,Employee 2494,Female,41,Finance,Analyst,2021-02-08,511518,3,Yes,Diploma,Single,5,No,5,Hyderabad
2495,Employee 2495,Male,58,Support,Engineer,2026-06-21,1424694,1,No,Master,Married,0,Yes,2,Pune
2496,Employee 2496,Male,59,Operations,Engineer,2025-08-18,1496655,5,Yes,Bachelor,Married,0,Yes,2,Mumbai
2497,Employee 2497,Male,59,Operations,Specialist,2026-05-04,479618,4,No,Master,Single,0,No,3,Ahmedabad
2498,Employee 2498,Female,50,Finance,Executive,2023-08-12,1366553,1,No,Diploma,Married,2,Yes,5,Delhi
2499,Employee 2499,Female,51,Support,Associate,2019-11-26,1669765,2,Yes,Diploma,Single,6,No,2,Delhi
2500,Employee 2500,Female,55,HR,Manager,2015-04-22,643848,4,No,Diploma,Single,11,No,4,Bengaluru
2501,Employee 2501,Female,56,Sales,Analyst,2021-06-20,728112,5,No,Diploma,Single,5,No,4,Hyderabad
2502,Employee 2502,Male,31,Operations,Associate,2020-07-28,1400670,2,No,Diploma,Single,5,No,3,Delhi
2503,Employee 2503,Female,25,Sales,Executive,2022-07-23,1172453,3,No,Master,Single,3,Yes,1,Hyderabad
2504,Employee 2504,Female,53,Finance,Associate,2016-06-01,499884,3,No,Bachelor,Married,10,No,4,Hyderabad
2505,Employee 2505,Male,55,Sales,Analyst,2017-11-06,581074,5,No,Bachelor,Married,8,Yes,2,Bengaluru
2506,Employee 2506,Male,52,HR,Associate,2022-03-01,1136403,5,Yes,Diploma,Married,4,No,2,Chennai
2507,Employee 2507,Female,25,IT,Engineer,2021-11-20,1432692,4,No,Master,Married,4,Yes,1,Pune
2508,Employee 2508,Male,56,HR,Executive,2024-10-23,1278054,4,No,Bachelor,Single,1,Yes,5,Pune
2509,Employee 2509,Female,34,Support,Executive,2017-10-10,915762,3,No,Master,Married,8,No,2,Ahmedabad
2510,Employee 2510,Male,27,HR,Specialist,2017-05-24,397665,3,No,Bachelor,Single,7,Yes,1,Bengaluru
2511,Employee 2511,Female,42,Finance,Associate,2019-01-31,1193267,4,No,Diploma,Single,7,No,1,Delhi
2512,Employee 2512,Male,40,Marketing,Executive,2025-02-04,1641271,3,Yes,Bachelor,Single,1,Yes,2,Chennai
2513,Employee 2513,Male,32,IT,Manager,2021-06-30,854567,3,No,Master,Single,5,No,2,Hyderabad
2514,Employee 2514,Male,45,HR,Executive,2017-10-13,961459,2,No,Bachelor,Single,8,Yes,5,Bengaluru
2515,Employee 2515,Male,58,Sales,Analyst,2026-01-28,1524263,4,Yes,Bachelor,Single,0,No,5,Hyderabad
2516,Employee 2516,Male,48,Operations,Specialist,2019-08-13,767776,2,No,Diploma,Single,6,No,5,Bengaluru
2517,Employee 2517,Female,60,Marketing,Analyst,2023-07-08,697294,4,No,Diploma,Married,2,Yes,4,Delhi
2518,Employee 2518,Female,40,Support,Associate,2026-04-23,1196482,5,No,Diploma,Single,0,Yes,3,Bengaluru
2519,Employee 2519,Female,32,HR,Manager,2020-10-12,355396,1,No,Master,Married,5,No,2,Mumbai
2520,Employee 2520,Female,52,Support,Specialist,2026-04-25,1660356,5,No,Master,Single,0,No,1,Mumbai
2521,Employee 2521,Male,38,Sales,Engineer,2021-08-24,713833,2,Yes,Diploma,Single,4,No,5,Bengaluru
2522,Employee 2522,Female,28,Operations,Associate,2025-04-20,1139330,1,No,Bachelor,Single,1,Yes,5,Chennai
2523,Employee 2523,Male,50,HR,Engineer,2019-06-07,1197900,4,No,Master,Married,7,Yes,5,Ahmedabad
2524,Employee 2524,Male,41,Operations,Executive,2021-08-21,898741,2,No,Bachelor,Married,4,Yes,1,Bengaluru
2525,Employee 2525,Male,56,IT,Manager,2023-09-02,1578112,4,No,Master,Married,2,Yes,5,Delhi
2526,Employee 2526,Female,27,Operations,Manager,2022-09-08,1167081,2,Yes,Master,Married,3,Yes,1,Ahmedabad
2527,Employee 2527,Female,49,Operations,Associate,2026-04-23,1592099,3,No,Master,Married,0,Yes,1,Hyderabad
2528,Employee 2528,Female,59,Operations,Engineer,2017-08-14,632810,5,No,Bachelor,Married,8,Yes,2,Ahmedabad
2529,Employee 2529,Female,22,Finance,Analyst,2016-09-02,1755430,5,No,Diploma,Married,2,No,4,Bengaluru
2530,Employee 2530,Male,24,Marketing,Executive,2026-02-28,882967,1,No,Master,Single,0,No,5,Hyderabad
2531,Employee 2531,Male,36,Finance,Specialist,2015-04-03,611637,4,No,Master,Married,11,No,1,Bengaluru
2532,Employee 2532,Male,59,Marketing,Specialist,2019-12-20,1699335,3,Yes,Master,Married,6,No,4,Bengaluru
2533,Employee 2533,Male,36,Sales,Manager,2016-08-04,1233741,3,No,Diploma,Married,9,Yes,5,Hyderabad
2534,Employee 2534,Female,56,Operations,Associate,2026-05-05,1440360,5,No,Diploma,Single,0,Yes,3,Chennai
2535,Employee 2535,Female,59,IT,Engineer,2023-04-25,1336109,1,No,Master,Married,3,No,2,Hyderabad
2536,Employee 2536,Male,57,Sales,Analyst,2022-11-29,726083,3,No,Diploma,Married,3,Yes,3,Hyderabad
2537,Employee 2537,Female,50,Support,Analyst,2016-09-17,1542882,1,No,Diploma,Married,9,No,5,Hyderabad
2538,Employee 2538,Male,54,Finance,Engineer,2023-05-14,901532,5,No,Master,Single,3,No,1,Bengaluru
2539,Employee 2539,Male,40,Finance,Manager,2021-09-19,353144,3,No,Bachelor,Single,4,No,3,Bengaluru
2540,Employee 2540,Male,26,HR,Engineer,2023-06-12,368282,3,No,Bachelor,Married,3,No,2,Delhi
2541,Employee 2541,Female,25,Operations,Associate,2021-03-16,1625453,4,No,Bachelor,Single,5,Yes,2,Ahmedabad
2542,Employee 2542,Female,58,Sales,Analyst,2016-05-31,586146,5,No,Bachelor,Single,10,Yes,1,Delhi
2543,Employee 2543,Female,38,Sales,Specialist,2022-04-02,345841,5,Yes,Master,Single,4,No,1,Pune
2544,Employee 2544,Male,47,Marketing,Analyst,2024-04-18,1791001,4,No,Master,Married,2,No,4,Bengaluru
2545,Employee 2545,Male,51,Finance,Associate,2026-01-24,378962,4,No,Bachelor,Married,0,No,4,Pune
2546,Employee 2546,Female,36,Sales,Manager,2018-05-30,1298163,1,No,Diploma,Single,8,No,3,Hyderabad
2547,Employee 2547,Male,41,Finance,Associate,2024-07-24,1010263,1,Yes,Diploma,Single,1,No,4,Pune
2548,Employee 2548,Female,34,Sales,Executive,2017-07-26,550965,1,Yes,Master,Married,8,No,2,Delhi
2549,Employee 2549,Female,51,Finance,Specialist,2022-11-29,815852,1,No,Diploma,Married,3,No,2,Ahmedabad
2550,Employee 2550,Male,22,Sales,Associate,2019-08-29,1717163,4,Yes,Bachelor,Single,2,Yes,2,Chennai
2551,Employee 2551,Female,38,HR,Specialist,2026-03-03,810236,4,No,Diploma,Single,0,Yes,2,Delhi
2552,Employee 2552,Male,50,Marketing,Associate,2018-01-10,1525123,2,No,Diploma,Single,8,Yes,4,Delhi
2553,Employee 2553,Female,25,Marketing,Executive,2021-12-02,617864,1,No,Diploma,Single,4,Yes,2,Pune
2554,Employee 2554,Male,30,Operations,Engineer,2022-06-19,892956,3,Yes,Master,Married,4,No,1,Pune
2555,Employee 2555,Male,52,Operations,Specialist,2022-11-20,538319,3,No,Bachelor,Married,3,Yes,2,Ahmedabad
2556,Employee 2556,Female,28,IT,Associate,2021-03-23,415153,5,No,Diploma,Married,5,Yes,5,Ahmedabad
2557,Employee 2557,Female,44,Finance,Manager,2018-11-04,1058710,3,No,Master,Married,7,Yes,3,Chennai
2558,Employee 2558,Female,45,Operations,Engineer,2015-12-01,944023,3,No,Master,Single,10,No,5,Ahmedabad
2559,Employee 2559,Female,58,Marketing,Engineer,2018-11-11,1037448,3,No,Diploma,Married,7,Yes,2,Pune
2560,Employee 2560,Male,44,Sales,Engineer,2024-07-01,1370284,5,No,Master,Single,2,No,1,Chennai
2561,Employee 2561,Female,56,Operations,Engineer,2026-01-07,1664390,2,Yes,Diploma,Married,0,Yes,5,Hyderabad
2562,Employee 2562,Male,41,HR,Engineer,2025-02-26,373489,2,No,Diploma,Married,1,Yes,1,Delhi
2563,Employee 2563,Male,43,Finance,Associate,2021-07-31,1724159,5,No,Diploma,Married,4,No,4,Hyderabad
2564,Employee 2564,Female,46,Sales,Specialist,2020-11-22,1101288,2,No,Master,Single,5,No,5,Delhi
2565,Employee 2565,Female,26,Operations,Associate,2018-07-03,582954,1,No,Master,Married,6,Yes,1,Mumbai
2566,Employee 2566,Female,26,Support,Executive,2016-06-11,1393922,4,No,Bachelor,Single,6,Yes,4,Mumbai
2567,Employee 2567,Male,50,IT,Engineer,2019-12-09,1103971,2,No,Master,Single,6,No,2,Pune
2568,Employee 2568,Male,27,Sales,Specialist,2024-11-26,1572224,1,Yes,Master,Single,1,Yes,5,Delhi
2569,Employee 2569,Female,52,Support,Manager,2021-08-04,825640,5,No,Master,Single,4,Yes,5,Bengaluru
2570,Employee 2570,Male,40,Support,Manager,2023-05-27,1352198,1,No,Master,Married,3,Yes,5,Mumbai
2571,Employee 2571,Male,56,HR,Specialist,2024-11-29,448058,3,No,Master,Single,1,Yes,4,Mumbai
2572,Employee 2572,Female,48,IT,Analyst,2018-11-05,656792,2,No,Diploma,Single,7,No,4,Bengaluru
2573,Employee 2573,Male,26,HR,Manager,2019-04-24,571105,4,Yes,Master,Married,6,Yes,4,Pune
2574,Employee 2574,Male,51,Operations,Associate,2022-01-07,1100361,3,No,Bachelor,Married,4,Yes,3,Chennai
2575,Employee 2575,Male,29,Sales,Engineer,2020-09-25,636713,3,No,Diploma,Single,5,No,1,Chennai
2576,Employee 2576,Female,40,Operations,Analyst,2017-07-20,1094916,1,No,Bachelor,Married,8,No,5,Bengaluru
2577,Employee 2577,Female,31,Marketing,Manager,2017-04-08,1212183,4,No,Diploma,Married,9,Yes,1,Pune
2578,Employee 2578,Male,40,Marketing,Specialist,2023-05-16,1087987,1,No,Bachelor,Married,3,No,2,Pune
2579,Employee 2579,Male,23,Sales,Manager,2017-04-23,796300,3,No,Master,Married,3,No,4,Delhi
2580,Employee 2580,Male,39,Support,Associate,2023-05-25,1140416,1,No,Diploma,Single,3,Yes,2,Pune
2581,Employee 2581,Female,23,IT,Engineer,2021-10-01,296989,3,No,Bachelor,Single,3,Yes,5,Mumbai
2582,Employee 2582,Female,37,Sales,Analyst,2015-10-13,649231,3,No,Master,Married,10,Yes,1,Bengaluru
2583,Employee 2583,Male,30,Operations,Executive,2021-12-30,635033,5,No,Bachelor,Single,4,No,3,Bengaluru
2584,Employee 2584,Male,49,Finance,Manager,2018-03-28,1125661,4,No,Diploma,Married,8,Yes,2,Pune
2585,Employee 2585,Male,30,Sales,Engineer,2020-05-19,1004509,4,No,Master,Single,6,No,5,Delhi
2586,Employee 2586,Male,50,Sales,Engineer,2025-02-26,1589958,1,No,Diploma,Single,1,No,4,Pune
2587,Employee 2587,Female,43,Support,Executive,2021-07-24,997325,5,No,Diploma,Single,4,Yes,4,Mumbai
2588,Employee 2588,Female,48,Support,Associate,2017-01-28,701020,2,No,Bachelor,Married,9,No,1,Bengaluru
2589,Employee 2589,Female,52,HR,Engineer,2024-09-14,905756,4,Yes,Bachelor,Married,1,No,4,Ahmedabad
2590,Employee 2590,Male,49,IT,Engineer,2023-11-07,781431,5,No,Master,Single,2,No,4,Ahmedabad
2591,Employee 2591,Male,49,IT,Analyst,2024-10-27,1247230,5,No,Diploma,Single,1,No,4,Hyderabad
2592,Employee 2592,Male,39,Finance,Manager,2016-01-22,391166,4,No,Diploma,Married,10,No,4,Hyderabad
2593,Employee 2593,Female,51,Support,Engineer,2025-05-06,1718089,3,No,Master,Married,1,No,4,Pune
2594,Employee 2594,Female,25,HR,Analyst,2015-07-13,539701,2,No,Bachelor,Single,5,Yes,5,Ahmedabad
2595,Employee 2595,Female,57,HR,Analyst,2020-04-04,1508824,4,No,Diploma,Married,6,Yes,3,Hyderabad
2596,Employee 2596,Male,49,Operations,Specialist,2022-05-06,622510,1,No,Bachelor,Single,4,No,2,Delhi
2597,Employee 2597,Female,28,Finance,Associate,2016-01-25,927077,3,No,Master,Married,8,Yes,4,Hyderabad
2598,Employee 2598,Female,53,Finance,Associate,2023-10-02,621243,4,No,Bachelor,Single,2,Yes,4,Chennai
2599,Employee 2599,Female,35,Operations,Associate,2023-04-17,1235144,2,No,Master,Single,3,No,4,Bengaluru
2600,Employee 2600,Female,58,HR,Manager,2016-09-17,1268299,5,No,Master,Single,9,No,3,Pune
2601,Employee 2601,Male,36,Operations,Specialist,2016-01-11,1175716,3,No,Diploma,Married,10,Yes,3,Bengaluru
2602,Employee 2602,Male,52,Finance,Analyst,2024-08-21,1709233,4,Yes,Master,Single,1,No,5,Chennai
2603,Employee 2603,Male,23,Operations,Executive,2020-08-12,578163,2,No,Master,Married,3,Yes,3,Delhi
2604,Employee 2604,Male,29,Sales,Analyst,2018-02-13,316035,1,No,Bachelor,Married,8,No,2,Chennai
2605,Employee 2605,Male,52,Operations,Engineer,2024-01-12,1278521,1,No,Diploma,Married,2,Yes,4,Hyderabad
2606,Employee 2606,Female,50,IT,Manager,2025-04-11,319252,2,No,Diploma,Single,1,Yes,5,Bengaluru
2607,Employee 2607,Male,46,Marketing,Specialist,2019-02-04,849989,4,No,Master,Married,7,No,3,Mumbai
2608,Employee 2608,Male,60,HR,Analyst,2021-09-13,1415002,5,Yes,Bachelor,Single,4,No,4,Bengaluru
2609,Employee 2609,Male,55,Support,Analyst,2026-06-13,397434,1,No,Diploma,Married,0,Yes,4,Mumbai
2610,Employee 2610,Male,55,Marketing,Specialist,2022-05-08,279802,3,No,Bachelor,Single,4,Yes,1,Ahmedabad
2611,Employee 2611,Male,55,Marketing,Associate,2025-07-07,518280,5,No,Bachelor,Single,0,No,1,Ahmedabad
2612,Employee 2612,Male,51,Finance,Analyst,2019-01-25,1685025,3,No,Bachelor,Single,7,No,2,Mumbai
2613,Employee 2613,Male,60,IT,Executive,2023-06-26,1131485,5,No,Diploma,Married,3,Yes,5,Delhi
2614,Employee 2614,Male,32,Sales,Associate,2022-08-15,1376513,5,No,Diploma,Married,3,Yes,5,Pune
2615,Employee 2615,Female,52,Marketing,Executive,2016-08-18,636285,3,No,Diploma,Single,9,No,3,Mumbai
2616,Employee 2616,Male,37,Operations,Engineer,2016-08-01,1733593,3,No,Diploma,Married,9,Yes,2,Hyderabad
2617,Employee 2617,Female,36,Sales,Specialist,2022-11-28,1520799,1,No,Master,Single,3,Yes,4,Chennai
2618,Employee 2618,Male,38,Operations,Manager,2022-03-01,834326,2,Yes,Bachelor,Married,4,No,3,Mumbai
2619,Employee 2619,Female,29,Finance,Associate,2018-06-18,286617,3,No,Master,Married,8,Yes,3,Ahmedabad
2620,Employee 2620,Male,52,Operations,Executive,2019-07-07,1494591,1,No,Master,Single,6,No,2,Pune
2621,Employee 2621,Male,44,Operations,Engineer,2020-11-23,943678,5,No,Master,Married,5,No,3,Bengaluru
2622,Employee 2622,Female,45,Finance,Manager,2017-11-26,1065524,5,No,Master,Single,8,Yes,2,Mumbai
2623,Employee 2623,Female,46,HR,Analyst,2024-12-02,1120594,5,No,Bachelor,Married,1,No,4,Bengaluru
2624,Employee 2624,Male,60,Operations,Specialist,2016-07-24,1075634,4,No,Diploma,Married,9,No,3,Bengaluru
2625,Employee 2625,Male,21,Finance,Manager,2026-03-03,1182104,3,No,Bachelor,Married,0,No,3,Delhi
2626,Employee 2626,Male,41,Marketing,Associate,2022-05-09,1231807,5,No,Master,Married,4,Yes,4,Hyderabad
2627,Employee 2627,Male,54,IT,Executive,2018-10-04,1602490,1,No,Master,Single,7,Yes,1,Hyderabad
2628,Employee 2628,Female,60,Sales,Associate,2019-09-06,383543,2,No,Diploma,Single,6,Yes,3,Pune
2629,Employee 2629,Female,29,Finance,Manager,2016-04-22,631228,4,No,Diploma,Single,9,Yes,3,Mumbai
2630,Employee 2630,Female,44,IT,Analyst,2015-03-10,1563078,3,No,Bachelor,Married,11,No,3,Pune
2631,Employee 2631,Male,48,Marketing,Specialist,2024-09-06,621218,2,No,Bachelor,Married,1,No,2,Hyderabad
2632,Employee 2632,Female,23,IT,Manager,2024-01-10,366243,3,No,Diploma,Married,2,Yes,1,Bengaluru
2633,Employee 2633,Male,33,Finance,Analyst,2015-01-02,1202597,4,No,Bachelor,Single,11,No,1,Bengaluru
2634,Employee 2634,Female,28,Support,Associate,2026-01-17,1659757,3,No,Bachelor,Married,0,Yes,4,Pune
2635,Employee 2635,Female,51,Support,Associate,2019-05-08,1310132,2,No,Diploma,Married,7,No,3,Pune
2636,Employee 2636,Female,59,Sales,Analyst,2021-02-02,926791,2,No,Master,Single,5,Yes,3,Bengaluru
2637,Employee 2637,Female,48,Operations,Manager,2022-01-31,368532,2,Yes,Bachelor,Married,4,No,1,Delhi
2638,Employee 2638,Female,33,Operations,Manager,2022-12-15,262553,2,No,Diploma,Single,3,No,3,Chennai
2639,Employee 2639,Female,32,Finance,Executive,2021-04-01,969917,3,No,Bachelor,Married,5,Yes,3,Bengaluru
2640,Employee 2640,Female,53,Support,Engineer,2022-10-15,1246218,2,No,Diploma,Married,3,Yes,1,Chennai
2641,Employee 2641,Male,27,IT,Executive,2022-03-05,631798,1,No,Master,Single,4,No,3,Mumbai
2642,Employee 2642,Female,35,HR,Associate,2015-05-21,1345730,2,No,Bachelor,Single,11,No,1,Chennai
2643,Employee 2643,Male,26,IT,Associate,2017-12-20,807282,4,No,Bachelor,Single,6,No,3,Mumbai
2644,Employee 2644,Male,47,HR,Analyst,2022-06-13,1764656,3,Yes,Master,Married,4,Yes,4,Hyderabad
2645,Employee 2645,Male,44,Marketing,Analyst,2017-08-31,759747,5,Yes,Diploma,Married,8,Yes,3,Bengaluru
2646,Employee 2646,Female,29,Marketing,Executive,2023-02-20,1251792,1,No,Diploma,Single,3,No,5,Ahmedabad
2647,Employee 2647,Male,24,Sales,Analyst,2019-01-26,1488050,4,No,Diploma,Single,4,No,4,Bengaluru
2648,Employee 2648,Female,30,Operations,Executive,2024-01-02,378944,4,Yes,Bachelor,Single,2,Yes,4,Pune
2649,Employee 2649,Female,56,Support,Executive,2020-10-25,1687789,1,No,Master,Married,5,Yes,1,Hyderabad
2650,Employee 2650,Male,24,Support,Associate,2024-01-09,846037,4,No,Bachelor,Single,2,Yes,3,Delhi
2651,Employee 2651,Male,24,Sales,Manager,2020-04-11,673038,5,No,Diploma,Single,4,Yes,1,Delhi
2652,Employee 2652,Female,33,Sales,Specialist,2023-09-20,499194,4,No,Diploma,Married,2,No,5,Ahmedabad
2653,Employee 2653,Female,48,Sales,Specialist,2015-11-13,1108765,5,No,Diploma,Married,10,No,4,Pune
2654,Employee 2654,Female,50,IT,Analyst,2025-02-11,320735,5,No,Bachelor,Single,1,No,5,Delhi
2655,Employee 2655,Male,41,IT,Engineer,2024-03-04,1353373,1,No,Master,Married,2,No,1,Hyderabad
2656,Employee 2656,Female,46,IT,Executive,2016-03-27,1554039,5,No,Bachelor,Single,10,No,2,Mumbai
2657,Employee 2657,Female,59,IT,Analyst,2019-11-24,860438,4,Yes,Master,Married,6,Yes,2,Delhi
2658,Employee 2658,Female,46,IT,Manager,2016-09-11,1024541,1,No,Bachelor,Married,9,No,2,Hyderabad
2659,Employee 2659,Male,28,IT,Engineer,2023-08-24,767369,4,No,Bachelor,Single,2,No,3,Hyderabad
2660,Employee 2660,Male,58,Sales,Specialist,2024-02-22,871671,3,No,Diploma,Married,2,Yes,3,Pune
2661,Employee 2661,Female,27,Operations,Specialist,2017-05-26,1176386,2,No,Master,Single,7,Yes,3,Delhi
2662,Employee 2662,Male,48,Sales,Associate,2025-04-03,521967,2,No,Diploma,Single,1,Yes,3,Ahmedabad
2663,Employee 2663,Female,52,Marketing,Associate,2024-03-23,1019798,1,No,Diploma,Single,2,No,1,Chennai
2664,Employee 2664,Male,32,Finance,Engineer,2018-06-09,256005,4,Yes,Bachelor,Married,8,Yes,5,Bengaluru
2665,Employee 2665,Male,54,IT,Specialist,2021-01-29,1662178,3,No,Bachelor,Single,5,Yes,4,Mumbai
2666,Employee 2666,Male,55,IT,Associate,2021-12-13,1450298,5,No,Bachelor,Married,4,Yes,1,Pune
2667,Employee 2667,Female,53,Sales,Executive,2015-03-30,1773776,1,Yes,Diploma,Married,11,Yes,3,Chennai
2668,Employee 2668,Male,60,Marketing,Manager,2016-11-30,1070840,1,No,Diploma,Married,9,No,2,Hyderabad
2669,Employee 2669,Female,43,IT,Specialist,2022-09-13,988331,5,No,Diploma,Married,3,Yes,2,Chennai
2670,Employee 2670,Female,29,Finance,Engineer,2017-11-26,1175196,1,No,Bachelor,Married,8,No,5,Pune
2671,Employee 2671,Female,58,HR,Manager,2024-02-13,1026201,1,No,Master,Single,2,No,3,Mumbai
2672,Employee 2672,Female,42,Support,Analyst,2019-10-19,522836,5,No,Master,Married,6,Yes,2,Delhi
2673,Employee 2673,Female,59,Sales,Specialist,2017-08-02,750999,2,Yes,Bachelor,Married,8,No,3,Delhi
2674,Employee 2674,Female,57,Marketing,Specialist,2022-11-30,576231,5,No,Master,Single,3,Yes,3,Pune
2675,Employee 2675,Male,24,Support,Analyst,2020-01-21,696979,2,Yes,Diploma,Single,4,Yes,5,Delhi
2676,Employee 2676,Male,47,HR,Manager,2023-10-19,1056819,3,No,Master,Single,2,No,5,Ahmedabad
2677,Employee 2677,Male,47,Support,Analyst,2017-02-22,1704196,3,No,Diploma,Married,9,Yes,4,Bengaluru
2678,Employee 2678,Female,35,IT,Associate,2022-11-26,1136545,4,Yes,Master,Married,3,Yes,5,Mumbai
2679,Employee 2679,Male,22,IT,Associate,2019-02-27,992728,4,No,Master,Married,2,Yes,5,Ahmedabad
2680,Employee 2680,Male,33,Operations,Analyst,2016-10-02,363104,4,No,Bachelor,Married,9,No,4,Bengaluru
2681,Employee 2681,Female,55,HR,Executive,2021-10-31,570542,5,Yes,Diploma,Married,4,Yes,3,Bengaluru
2682,Employee 2682,Male,31,HR,Associate,2023-04-11,1220844,1,No,Master,Single,3,Yes,5,Ahmedabad
2683,Employee 2683,Female,24,Marketing,Specialist,2022-10-13,1163250,5,No,Master,Single,3,No,2,Pune
2684,Employee 2684,Male,55,IT,Associate,2018-02-01,810678,5,No,Bachelor,Married,8,No,3,Chennai
2685,Employee 2685,Male,26,Support,Associate,2022-06-09,1302253,4,No,Diploma,Married,4,Yes,5,Chennai
2686,Employee 2686,Female,23,IT,Associate,2023-06-15,843223,2,No,Master,Single,3,Yes,1,Ahmedabad
2687,Employee 2687,Male,32,Sales,Executive,2015-06-23,637230,1,No,Master,Married,11,No,1,Ahmedabad
2688,Employee 2688,Female,53,Operations,Engineer,2022-06-26,1639181,5,Yes,Bachelor,Single,4,Yes,1,Hyderabad
2689,Employee 2689,Male,28,Finance,Executive,2025-01-14,1377782,3,No,Bachelor,Married,1,Yes,5,Mumbai
2690,Employee 2690,Female,54,Operations,Analyst,2016-12-19,1643085,4,No,Bachelor,Married,9,No,4,Delhi
2691,Employee 2691,Female,22,Marketing,Manager,2022-09-04,1027141,4,No,Master,Single,2,No,4,Pune
2692,Employee 2692,Female,23,Operations,Engineer,2022-06-16,494036,2,No,Master,Single,3,No,3,Hyderabad
2693,Employee 2693,Male,41,Finance,Associate,2016-01-03,340453,4,No,Diploma,Single,10,No,4,Ahmedabad
2694,Employee 2694,Male,51,IT,Manager,2016-01-23,477752,4,No,Diploma,Married,10,No,4,Delhi
2695,Employee 2695,Female,40,Operations,Analyst,2019-07-15,1595366,2,Yes,Bachelor,Married,6,No,3,Hyderabad
2696,Employee 2696,Male,33,Marketing,Executive,2026-02-17,302725,2,No,Bachelor,Single,0,No,1,Delhi
2697,Employee 2697,Female,50,IT,Specialist,2018-06-06,379974,3,No,Diploma,Married,8,Yes,5,Delhi
2698,Employee 2698,Male,51,Support,Analyst,2017-03-22,1419499,1,No,Master,Married,9,No,4,Mumbai
2699,Employee 2699,Male,41,Marketing,Executive,2017-07-03,1360249,3,No,Master,Single,9,No,4,Hyderabad
2700,Employee 2700,Male,43,Support,Manager,2019-01-01,567673,4,No,Master,Married,7,Yes,3,Hyderabad
2701,Employee 2701,Male,29,Support,Associate,2025-03-29,932142,2,No,Diploma,Single,1,Yes,3,Mumbai
2702,Employee 2702,Female,32,HR,Engineer,2017-09-27,411998,5,Yes,Diploma,Married,8,Yes,4,Delhi
2703,Employee 2703,Female,58,Sales,Executive,2016-10-15,1432835,1,No,Diploma,Single,9,No,2,Delhi
2704,Employee 2704,Male,46,Support,Manager,2016-03-10,507310,5,No,Master,Single,10,No,3,Hyderabad
2705,Employee 2705,Male,31,HR,Engineer,2024-11-21,473036,2,No,Bachelor,Married,1,Yes,2,Delhi
2706,Employee 2706,Female,50,Marketing,Associate,2026-06-04,550714,1,No,Master,Married,0,No,2,Hyderabad
2707,Employee 2707,Female,37,HR,Specialist,2018-10-02,968044,5,No,Master,Single,7,Yes,3,Mumbai
2708,Employee 2708,Female,38,Operations,Analyst,2025-07-14,583930,3,No,Master,Married,0,Yes,3,Hyderabad
2709,Employee 2709,Male,59,Operations,Associate,2024-03-08,633994,1,No,Bachelor,Single,2,Yes,5,Bengaluru
2710,Employee 2710,Male,41,HR,Engineer,2016-12-11,1561909,2,No,Diploma,Married,9,No,3,Delhi
2711,Employee 2711,Male,40,HR,Analyst,2015-07-16,1717794,1,No,Bachelor,Married,10,No,1,Mumbai
2712,Employee 2712,Female,60,Marketing,Executive,2018-07-09,266050,2,No,Bachelor,Single,7,No,3,Delhi
2713,Employee 2713,Female,34,Support,Executive,2025-11-12,502595,5,No,Diploma,Single,0,No,5,Mumbai
2714,Employee 2714,Male,46,HR,Specialist,2019-09-17,701775,3,No,Diploma,Single,6,No,5,Pune
2715,Employee 2715,Male,21,HR,Manager,2025-01-05,1485667,1,No,Bachelor,Married,1,No,2,Ahmedabad
2716,Employee 2716,Female,42,Operations,Associate,2023-08-09,529861,1,No,Bachelor,Married,2,No,3,Ahmedabad
2717,Employee 2717,Female,35,HR,Executive,2017-07-30,1689824,2,No,Master,Single,8,No,1,Hyderabad
2718,Employee 2718,Male,41,Support,Executive,2023-08-02,1577692,2,No,Master,Single,2,Yes,5,Delhi
2719,Employee 2719,Male,46,Finance,Analyst,2024-12-09,359586,2,No,Diploma,Single,1,Yes,2,Chennai
2720,Employee 2720,Female,24,IT,Executive,2016-11-10,272916,3,No,Diploma,Married,4,No,3,Pune
2721,Employee 2721,Female,26,Operations,Associate,2025-01-03,885100,5,No,Master,Single,1,Yes,4,Bengaluru
2722,Employee 2722,Female,47,HR,Executive,2025-01-08,1422421,4,No,Master,Married,1,No,4,Ahmedabad
2723,Employee 2723,Female,21,Marketing,Analyst,2016-12-03,1229975,1,No,Bachelor,Single,1,Yes,2,Bengaluru
2724,Employee 2724,Male,38,Finance,Associate,2022-11-17,785235,4,No,Master,Single,3,Yes,1,Mumbai
2725,Employee 2725,Male,27,Operations,Executive,2019-09-26,1309505,2,No,Diploma,Single,6,Yes,3,Bengaluru
2726,Employee 2726,Male,50,Marketing,Analyst,2020-05-22,406898,5,No,Diploma,Married,6,No,1,Hyderabad
2727,Employee 2727,Male,32,Sales,Engineer,2023-12-12,1162197,2,Yes,Bachelor,Single,2,Yes,5,Chennai
2728,Employee 2728,Male,59,Marketing,Specialist,2015-12-09,692707,2,No,Master,Married,10,Yes,1,Chennai
2729,Employee 2729,Male,43,HR,Manager,2020-05-04,325145,1,No,Diploma,Single,6,Yes,1,Bengaluru
2730,Employee 2730,Female,43,Finance,Engineer,2021-12-18,1457445,4,No,Diploma,Single,4,No,5,Pune
2731,Employee 2731,Male,60,Finance,Manager,2017-09-12,1795999,2,No,Master,Married,8,Yes,5,Bengaluru
2732,Employee 2732,Female,28,HR,Engineer,2021-06-10,1756303,1,Yes,Diploma,Married,5,No,4,Chennai
2733,Employee 2733,Male,58,Operations,Specialist,2018-09-01,270132,4,No,Master,Single,7,No,1,Bengaluru
2734,Employee 2734,Female,27,Operations,Analyst,2022-05-10,394042,5,No,Master,Single,4,No,1,Hyderabad
2735,Employee 2735,Male,54,IT,Analyst,2020-11-21,1471258,5,No,Master,Single,5,No,4,Bengaluru
2736,Employee 2736,Female,45,Support,Executive,2018-12-13,1053664,4,No,Bachelor,Single,7,Yes,5,Pune
2737,Employee 2737,Male,57,HR,Analyst,2017-04-07,859453,4,Yes,Bachelor,Married,9,Yes,2,Hyderabad
2738,Employee 2738,Female,50,Sales,Associate,2016-12-07,719667,1,No,Bachelor,Married,9,No,4,Chennai
2739,Employee 2739,Female,52,Marketing,Associate,2018-06-16,959929,2,No,Diploma,Single,8,Yes,5,Ahmedabad
2740,Employee 2740,Female,53,IT,Engineer,2022-10-29,928812,5,No,Master,Single,3,No,1,Pune
2741,Employee 2741,Male,52,HR,Analyst,2020-07-09,584147,3,Yes,Master,Single,5,No,1,Chennai
2742,Employee 2742,Female,36,Marketing,Analyst,2018-12-01,1569337,5,No,Diploma,Single,7,Yes,4,Ahmedabad
2743,Employee 2743,Female,32,Support,Specialist,2023-07-03,988216,3,No,Diploma,Married,3,Yes,1,Pune
2744,Employee 2744,Male,57,Support,Manager,2023-09-19,1712596,4,Yes,Master,Married,2,Yes,4,Delhi
2745,Employee 2745,Male,59,Sales,Engineer,2022-03-12,259833,4,Yes,Master,Single,4,Yes,4,Mumbai
2746,Employee 2746,Female,51,Finance,Analyst,2022-09-29,1264807,4,Yes,Master,Married,3,No,2,Ahmedabad
2747,Employee 2747,Female,36,IT,Analyst,2017-08-24,1201015,2,No,Diploma,Single,8,Yes,5,Bengaluru
2748,Employee 2748,Male,54,Finance,Executive,2023-03-31,938267,2,No,Bachelor,Single,3,Yes,2,Mumbai
2749,Employee 2749,Male,46,Operations,Associate,2026-02-13,1072247,1,No,Bachelor,Single,0,Yes,3,Hyderabad
2750,Employee 2750,Female,48,Support,Manager,2015-09-19,759967,2,No,Bachelor,Married,10,Yes,4,Chennai
2751,Employee 2751,Female,38,IT,Manager,2020-05-13,999377,3,No,Master,Single,6,Yes,1,Chennai
2752,Employee 2752,Female,41,IT,Manager,2025-12-03,500389,1,No,Diploma,Single,0,No,4,Bengaluru
2753,Employee 2753,Male,45,Operations,Analyst,2016-08-25,1102093,5,Yes,Bachelor,Married,9,Yes,5,Bengaluru
2754,Employee 2754,Female,39,Operations,Specialist,2017-09-23,383953,1,No,Diploma,Single,8,No,2,Delhi
2755,Employee 2755,Female,41,Sales,Executive,2025-04-25,1117390,4,No,Master,Single,1,No,3,Chennai
2756,Employee 2756,Male,47,Marketing,Engineer,2025-12-05,1185230,4,No,Bachelor,Married,0,No,3,Mumbai
2757,Employee 2757,Female,36,HR,Associate,2024-04-18,1098087,3,No,Diploma,Single,2,Yes,5,Delhi
2758,Employee 2758,Male,42,Support,Associate,2025-04-05,1617309,3,No,Master,Single,1,Yes,4,Hyderabad
2759,Employee 2759,Female,60,Operations,Specialist,2021-09-11,323827,5,No,Master,Single,4,Yes,5,Chennai
2760,Employee 2760,Female,32,HR,Engineer,2015-05-06,1778935,5,No,Master,Married,11,No,2,Delhi
2761,Employee 2761,Male,45,Operations,Manager,2020-10-10,585083,4,No,Diploma,Single,5,No,1,Mumbai
2762,Employee 2762,Male,33,HR,Associate,2015-06-06,1467905,3,No,Master,Married,11,Yes,3,Pune
2763,Employee 2763,Female,53,Sales,Executive,2021-05-17,1207582,4,No,Bachelor,Married,5,No,2,Mumbai
2764,Employee 2764,Male,42,Marketing,Manager,2025-10-09,1261155,5,No,Master,Married,0,Yes,3,Delhi
2765,Employee 2765,Female,21,IT,Analyst,2020-12-02,644123,4,Yes,Diploma,Single,1,No,4,Hyderabad
2766,Employee 2766,Male,30,IT,Analyst,2022-08-15,1226792,4,No,Diploma,Married,3,Yes,2,Delhi
2767,Employee 2767,Female,23,Finance,Manager,2026-02-21,349314,4,Yes,Diploma,Married,0,Yes,3,Pune
2768,Employee 2768,Male,28,Marketing,Executive,2017-11-24,1354887,3,No,Bachelor,Single,8,Yes,2,Chennai
2769,Employee 2769,Male,43,Support,Manager,2019-02-17,1385567,3,No,Bachelor,Single,7,No,1,Bengaluru
2770,Employee 2770,Female,37,Operations,Engineer,2024-08-15,1310768,5,No,Bachelor,Single,1,Yes,1,Mumbai
2771,Employee 2771,Male,31,IT,Engineer,2017-11-30,1218474,1,No,Master,Married,8,No,4,Chennai
2772,Employee 2772,Male,36,Support,Associate,2023-09-24,523999,5,No,Bachelor,Married,2,Yes,4,Hyderabad
2773,Employee 2773,Male,52,HR,Manager,2015-07-17,434394,5,Yes,Bachelor,Married,10,No,2,Hyderabad
2774,Employee 2774,Male,44,Marketing,Executive,2015-09-08,1261746,5,No,Diploma,Single,10,No,4,Chennai
2775,Employee 2775,Female,56,Finance,Associate,2020-10-15,1394822,3,No,Master,Married,5,No,2,Ahmedabad
2776,Employee 2776,Male,23,Operations,Analyst,2022-02-28,1612577,4,No,Diploma,Single,3,No,5,Hyderabad
2777,Employee 2777,Male,29,IT,Analyst,2016-09-20,916533,1,No,Diploma,Single,9,Yes,4,Mumbai
2778,Employee 2778,Male,24,Finance,Engineer,2018-05-14,755253,1,No,Bachelor,Single,4,No,4,Delhi
2779,Employee 2779,Female,46,Sales,Analyst,2016-10-24,1754964,3,No,Diploma,Single,9,Yes,4,Hyderabad
2780,Employee 2780,Female,25,Operations,Engineer,2022-12-17,1692446,3,No,Diploma,Married,3,No,5,Chennai
2781,Employee 2781,Female,46,Finance,Executive,2022-08-13,715817,4,No,Diploma,Single,3,No,1,Chennai
2782,Employee 2782,Male,24,IT,Manager,2016-04-16,1620693,4,No,Diploma,Single,4,No,2,Mumbai
2783,Employee 2783,Male,45,HR,Associate,2026-05-30,1647680,5,No,Bachelor,Married,0,No,5,Ahmedabad
2784,Employee 2784,Male,35,Marketing,Associate,2022-06-01,680489,5,No,Diploma,Single,4,No,3,Delhi
2785,Employee 2785,Male,45,Operations,Engineer,2021-12-17,1515384,3,No,Bachelor,Single,4,No,4,Chennai
2786,Employee 2786,Female,26,Marketing,Specialist,2025-04-17,1050550,1,No,Master,Married,1,Yes,5,Chennai
2787,Employee 2787,Male,51,HR,Specialist,2024-10-26,1368274,4,No,Bachelor,Single,1,Yes,5,Bengaluru
2788,Employee 2788,Male,42,IT,Analyst,2015-03-20,923960,1,No,Master,Single,11,Yes,1,Delhi
2789,Employee 2789,Female,49,IT,Engineer,2018-04-17,522529,5,No,Bachelor,Single,8,No,1,Pune
2790,Employee 2790,Female,47,HR,Executive,2018-05-22,922811,4,No,Diploma,Married,8,Yes,5,Delhi
2791,Employee 2791,Female,38,IT,Associate,2018-07-27,662468,3,No,Diploma,Single,7,Yes,5,Hyderabad
2792,Employee 2792,Male,35,Finance,Manager,2024-05-13,927916,2,Yes,Bachelor,Single,2,No,2,Chennai
2793,Employee 2793,Male,31,HR,Specialist,2022-12-02,1601602,1,No,Master,Single,3,Yes,5,Chennai
2794,Employee 2794,Male,40,Sales,Analyst,2017-08-24,251569,3,No,Diploma,Single,8,Yes,1,Pune
2795,Employee 2795,Male,59,Sales,Executive,2020-11-05,631692,5,No,Bachelor,Married,5,No,3,Mumbai
2796,Employee 2796,Female,24,Marketing,Associate,2018-05-14,973850,4,Yes,Diploma,Married,4,No,4,Bengaluru
2797,Employee 2797,Female,51,Support,Analyst,2018-02-01,836917,2,No,Master,Married,8,Yes,4,Mumbai
2798,Employee 2798,Female,41,Marketing,Executive,2026-01-24,666530,5,Yes,Bachelor,Single,0,Yes,2,Delhi
2799,Employee 2799,Male,31,Marketing,Specialist,2024-06-01,277063,4,No,Master,Single,2,No,2,Chennai
2800,Employee 2800,Male,50,HR,Specialist,2022-12-15,1597403,5,No,Master,Married,3,Yes,2,Delhi
2801,Employee 2801,Female,26,Finance,Manager,2021-11-15,253511,5,No,Bachelor,Married,4,Yes,2,Ahmedabad
2802,Employee 2802,Female,52,Support,Analyst,2025-10-02,1386408,5,No,Diploma,Single,0,No,3,Pune
2803,Employee 2803,Female,22,Finance,Associate,2019-09-14,1697325,5,Yes,Master,Married,2,Yes,5,Bengaluru
2804,Employee 2804,Male,54,Operations,Executive,2016-10-30,1070690,3,No,Master,Single,9,No,4,Hyderabad
2805,Employee 2805,Male,29,HR,Manager,2023-12-16,902725,4,No,Master,Single,2,Yes,1,Mumbai
2806,Employee 2806,Male,22,Support,Analyst,2019-12-14,883183,3,No,Bachelor,Single,2,No,4,Mumbai
2807,Employee 2807,Female,35,IT,Specialist,2016-04-10,1222443,2,No,Bachelor,Married,10,No,4,Chennai
2808,Employee 2808,Male,33,Support,Analyst,2025-03-23,872661,5,No,Bachelor,Married,1,Yes,2,Chennai
2809,Employee 2809,Male,53,Finance,Analyst,2018-02-23,999093,1,No,Master,Married,8,Yes,2,Bengaluru
2810,Employee 2810,Female,32,IT,Executive,2024-11-23,1538693,3,No,Diploma,Single,1,No,2,Chennai
2811,Employee 2811,Male,28,Sales,Manager,2016-01-02,1637697,5,No,Master,Married,8,No,1,Ahmedabad
2812,Employee 2812,Female,49,Operations,Analyst,2016-12-12,974722,5,No,Master,Single,9,No,2,Pune
2813,Employee 2813,Male,31,Finance,Associate,2020-09-29,678874,2,No,Master,Married,5,No,1,Delhi
2814,Employee 2814,Female,59,Operations,Analyst,2025-11-26,424862,2,No,Diploma,Single,0,Yes,1,Chennai
2815,Employee 2815,Male,23,HR,Executive,2021-07-04,316752,3,No,Bachelor,Single,3,No,3,Hyderabad
2816,Employee 2816,Male,33,HR,Associate,2015-03-14,285636,3,No,Diploma,Married,11,No,3,Ahmedabad
2817,Employee 2817,Male,56,Marketing,Analyst,2020-11-23,1638161,5,No,Master,Single,5,No,4,Pune
2818,Employee 2818,Female,29,IT,Associate,2018-09-08,915687,5,No,Master,Married,7,No,4,Mumbai
2819,Employee 2819,Male,35,Marketing,Engineer,2025-06-25,1634544,1,No,Bachelor,Married,1,Yes,4,Delhi
2820,Employee 2820,Male,42,HR,Specialist,2021-06-24,289217,5,Yes,Diploma,Single,5,Yes,3,Bengaluru
2821,Employee 2821,Female,44,Operations,Analyst,2019-06-05,728184,1,No,Master,Married,7,Yes,1,Mumbai
2822,Employee 2822,Female,21,Sales,Executive,2022-08-20,944467,5,No,Master,Single,1,Yes,3,Delhi
2823,Employee 2823,Male,49,Sales,Manager,2021-01-06,901028,5,Yes,Master,Married,5,Yes,4,Pune
2824,Employee 2824,Female,27,Sales,Executive,2019-07-09,1345235,5,No,Bachelor,Single,6,No,4,Chennai
2825,Employee 2825,Male,54,Marketing,Specialist,2023-08-11,1736456,1,No,Diploma,Married,2,No,5,Hyderabad
2826,Employee 2826,Female,39,IT,Analyst,2025-11-08,1337049,1,Yes,Diploma,Married,0,No,4,Chennai
2827,Employee 2827,Male,22,IT,Executive,2019-07-25,279919,5,No,Master,Single,2,No,3,Hyderabad
2828,Employee 2828,Female,37,Operations,Specialist,2021-05-31,1287936,4,No,Diploma,Single,5,No,5,Hyderabad
2829,Employee 2829,Male,55,Support,Specialist,2016-02-08,920645,1,No,Bachelor,Married,10,Yes,2,Ahmedabad
2830,Employee 2830,Male,43,Support,Manager,2024-06-10,287220,1,No,Diploma,Single,2,Yes,1,Hyderabad
2831,Employee 2831,Female,23,Operations,Specialist,2018-05-14,333280,4,No,Diploma,Single,3,No,2,Mumbai
2832,Employee 2832,Female,42,HR,Associate,2016-04-13,1353786,2,No,Bachelor,Married,10,No,1,Hyderabad
2833,Employee 2833,Male,30,Support,Specialist,2016-09-01,556624,4,No,Diploma,Single,9,No,3,Delhi
2834,Employee 2834,Female,26,Marketing,Analyst,2024-10-28,1305655,2,No,Bachelor,Single,1,Yes,2,Bengaluru
2835,Employee 2835,Female,56,Support,Specialist,2021-03-12,1244117,1,No,Master,Married,5,Yes,4,Ahmedabad
2836,Employee 2836,Female,58,Support,Associate,2024-09-04,315289,4,No,Bachelor,Married,1,No,4,Hyderabad
2837,Employee 2837,Male,50,IT,Executive,2015-05-05,1507379,2,No,Diploma,Single,11,Yes,5,Hyderabad
2838,Employee 2838,Female,36,Marketing,Manager,2018-11-22,515701,3,No,Diploma,Single,7,No,1,Pune
2839,Employee 2839,Female,48,Finance,Engineer,2025-07-12,1464663,2,No,Master,Married,0,No,1,Delhi
2840,Employee 2840,Female,46,HR,Associate,2018-05-29,1192062,5,No,Master,Single,8,No,3,Mumbai
2841,Employee 2841,Female,25,Support,Specialist,2023-10-20,963328,4,No,Master,Married,2,Yes,4,Ahmedabad
2842,Employee 2842,Female,53,HR,Engineer,2022-06-12,1080018,1,No,Bachelor,Married,4,Yes,2,Delhi
2843,Employee 2843,Female,56,Marketing,Associate,2018-06-13,1497155,2,No,Bachelor,Single,8,No,3,Pune
2844,Employee 2844,Male,45,Marketing,Manager,2018-05-25,821725,4,No,Master,Married,8,Yes,5,Hyderabad
2845,Employee 2845,Female,58,Marketing,Specialist,2020-01-31,1439556,3,No,Master,Single,6,No,4,Delhi
2846,Employee 2846,Male,49,Sales,Engineer,2018-11-27,270253,2,No,Master,Single,7,Yes,4,Bengaluru
2847,Employee 2847,Male,28,Finance,Analyst,2016-07-01,299354,3,No,Bachelor,Married,8,No,5,Mumbai
2848,Employee 2848,Female,37,HR,Executive,2019-02-26,474924,3,No,Master,Single,7,No,4,Chennai
2849,Employee 2849,Male,38,Operations,Executive,2022-09-13,877145,1,No,Master,Single,3,No,5,Pune
2850,Employee 2850,Male,60,Operations,Engineer,2017-04-19,485793,2,No,Master,Single,9,No,5,Bengaluru
2851,Employee 2851,Female,42,HR,Engineer,2016-09-13,640219,1,No,Master,Single,9,No,4,Bengaluru
2852,Employee 2852,Female,31,HR,Engineer,2015-05-21,1277735,1,No,Master,Single,11,Yes,4,Ahmedabad
2853,Employee 2853,Male,22,Marketing,Engineer,2019-09-02,342160,1,No,Bachelor,Single,2,Yes,2,Hyderabad
2854,Employee 2854,Female,51,Marketing,Engineer,2018-01-24,784268,2,No,Master,Single,8,Yes,2,Chennai
2855,Employee 2855,Female,59,HR,Executive,2015-09-22,792348,1,No,Diploma,Single,10,No,2,Chennai
2856,Employee 2856,Male,35,Sales,Analyst,2019-01-23,930664,3,No,Diploma,Single,7,Yes,1,Chennai
2857,Employee 2857,Female,57,Marketing,Executive,2015-06-21,628998,4,No,Master,Single,11,Yes,2,Mumbai
2858,Employee 2858,Female,57,Support,Associate,2023-04-16,264659,1,Yes,Diploma,Married,3,Yes,2,Delhi
2859,Employee 2859,Female,39,HR,Specialist,2025-06-21,1558606,4,No,Diploma,Married,1,Yes,1,Chennai
2860,Employee 2860,Male,47,Sales,Manager,2019-09-14,1138045,5,No,Master,Single,6,No,1,Bengaluru
2861,Employee 2861,Male,55,Support,Executive,2022-08-26,1065337,5,No,Diploma,Married,3,No,4,Bengaluru
2862,Employee 2862,Female,54,IT,Engineer,2021-07-12,268635,2,No,Bachelor,Single,4,No,4,Pune
2863,Employee 2863,Male,53,Sales,Executive,2017-02-26,968574,3,No,Bachelor,Married,9,Yes,4,Delhi
2864,Employee 2864,Male,57,Support,Manager,2018-07-28,1591265,5,No,Master,Single,7,Yes,2,Delhi
2865,Employee 2865,Female,36,IT,Associate,2024-06-10,650861,2,No,Master,Single,2,No,5,Hyderabad
2866,Employee 2866,Male,47,Marketing,Specialist,2018-03-06,825460,1,No,Master,Married,8,Yes,5,Ahmedabad
2867,Employee 2867,Male,42,IT,Associate,2022-07-25,1730874,1,No,Master,Married,3,No,4,Mumbai
2868,Employee 2868,Male,33,Sales,Specialist,2023-03-04,1625454,1,No,Bachelor,Married,3,No,1,Pune
2869,Employee 2869,Male,48,Finance,Associate,2019-07-26,1796048,4,No,Master,Married,6,Yes,2,Mumbai
2870,Employee 2870,Male,39,Support,Manager,2019-04-03,1087057,4,No,Diploma,Single,7,No,1,Chennai
2871,Employee 2871,Male,23,Support,Engineer,2020-09-08,1604652,4,No,Diploma,Married,3,Yes,3,Chennai
2872,Employee 2872,Male,33,Finance,Analyst,2018-12-27,1297985,3,No,Diploma,Married,7,No,3,Mumbai
2873,Employee 2873,Male,28,Marketing,Specialist,2017-08-14,711252,3,No,Master,Married,8,Yes,1,Mumbai
2874,Employee 2874,Female,47,Marketing,Associate,2021-09-02,1621619,1,Yes,Diploma,Single,4,Yes,1,Delhi
2875,Employee 2875,Male,25,Sales,Associate,2023-10-24,397982,5,Yes,Master,Single,2,No,3,Mumbai
2876,Employee 2876,Male,21,Operations,Manager,2023-10-26,969194,1,No,Diploma,Single,1,Yes,5,Bengaluru
2877,Employee 2877,Male,26,Operations,Specialist,2017-08-03,1084269,2,Yes,Bachelor,Married,6,No,2,Ahmedabad
2878,Employee 2878,Male,48,Marketing,Engineer,2018-09-05,1794590,4,No,Master,Married,7,No,4,Ahmedabad
2879,Employee 2879,Male,46,HR,Engineer,2021-04-29,552489,1,No,Master,Single,5,Yes,2,Hyderabad
2880,Employee 2880,Female,49,Sales,Associate,2022-06-06,1591121,2,No,Bachelor,Married,4,Yes,1,Mumbai
2881,Employee 2881,Female,23,HR,Executive,2024-04-14,844330,4,No,Master,Single,2,Yes,1,Chennai
2882,Employee 2882,Female,54,IT,Manager,2026-05-27,876371,2,No,Diploma,Single,0,Yes,5,Hyderabad
2883,Employee 2883,Female,43,HR,Engineer,2015-05-24,1770886,2,No,Bachelor,Single,11,No,3,Bengaluru
2884,Employee 2884,Female,54,IT,Specialist,2023-12-26,404777,3,No,Diploma,Single,2,Yes,1,Pune
2885,Employee 2885,Female,31,Finance,Executive,2020-04-03,1242045,4,No,Master,Married,6,Yes,2,Mumbai
2886,Employee 2886,Male,56,HR,Specialist,2019-05-05,353323,3,No,Master,Married,7,No,1,Bengaluru
2887,Employee 2887,Female,31,IT,Engineer,2016-06-01,443108,1,No,Master,Single,10,Yes,2,Mumbai
2888,Employee 2888,Female,38,Operations,Engineer,2015-10-10,1359196,3,No,Bachelor,Single,10,No,5,Mumbai
2889,Employee 2889,Male,45,Sales,Engineer,2020-03-13,1491430,2,No,Diploma,Single,6,No,1,Mumbai
2890,Employee 2890,Male,58,Support,Associate,2015-05-24,1552306,3,No,Master,Single,11,No,3,Hyderabad
2891,Employee 2891,Female,28,Support,Executive,2025-05-21,845832,2,No,Diploma,Married,1,No,5,Chennai
2892,Employee 2892,Male,52,Finance,Analyst,2021-01-15,1637325,3,No,Bachelor,Married,5,Yes,1,Hyderabad
2893,Employee 2893,Female,30,Support,Engineer,2023-03-17,518392,1,Yes,Master,Single,3,No,4,Delhi
2894,Employee 2894,Male,52,Support,Manager,2018-04-11,1796614,5,No,Master,Single,8,No,4,Ahmedabad
2895,Employee 2895,Female,35,Marketing,Manager,2023-11-19,577963,5,No,Diploma,Single,2,No,1,Bengaluru
2896,Employee 2896,Male,56,Operations,Manager,2021-07-31,951318,2,No,Diploma,Single,4,No,3,Bengaluru
2897,Employee 2897,Female,50,IT,Manager,2015-08-09,1523395,5,No,Bachelor,Single,10,No,1,Mumbai
2898,Employee 2898,Female,35,Sales,Analyst,2023-02-23,425825,2,No,Diploma,Single,3,Yes,5,Pune
2899,Employee 2899,Female,30,Operations,Analyst,2022-10-13,659740,4,No,Bachelor,Married,3,No,1,Ahmedabad
2900,Employee 2900,Female,35,IT,Engineer,2017-08-05,1555324,1,No,Bachelor,Married,8,No,5,Chennai
2901,Employee 2901,Female,35,HR,Analyst,2021-12-13,878529,5,No,Diploma,Single,4,Yes,4,Bengaluru
2902,Employee 2902,Female,38,Marketing,Associate,2016-03-31,253936,2,No,Diploma,Single,10,Yes,5,Delhi
2903,Employee 2903,Male,36,Operations,Engineer,2023-08-16,1052081,1,No,Bachelor,Single,2,Yes,5,Chennai
2904,Employee 2904,Male,49,Sales,Associate,2017-11-11,1478188,5,No,Bachelor,Single,8,Yes,2,Delhi
2905,Employee 2905,Female,46,Operations,Analyst,2016-09-06,478212,2,No,Diploma,Single,9,No,4,Mumbai
2906,Employee 2906,Male,30,Finance,Manager,2018-11-26,559135,4,No,Diploma,Married,7,No,1,Ahmedabad
2907,Employee 2907,Male,53,Sales,Manager,2019-10-30,571993,1,No,Master,Single,6,No,3,Chennai
2908,Employee 2908,Male,50,Operations,Analyst,2022-01-12,467322,5,No,Diploma,Married,4,No,2,Ahmedabad
2909,Employee 2909,Female,24,Sales,Executive,2020-03-18,814092,1,No,Master,Single,4,Yes,1,Mumbai
2910,Employee 2910,Female,41,Sales,Executive,2015-04-07,1090548,4,No,Bachelor,Married,11,Yes,3,Chennai
2911,Employee 2911,Female,45,Sales,Executive,2022-09-30,1068909,5,No,Bachelor,Single,3,Yes,1,Ahmedabad
2912,Employee 2912,Female,51,IT,Specialist,2026-04-18,790668,3,No,Diploma,Single,0,Yes,2,Bengaluru
2913,Employee 2913,Male,34,HR,Executive,2018-05-30,333575,2,No,Diploma,Single,8,Yes,2,Mumbai
2914,Employee 2914,Female,48,Operations,Engineer,2019-05-04,737580,4,Yes,Master,Married,7,No,2,Mumbai
2915,Employee 2915,Male,22,Sales,Manager,2020-11-21,1422409,3,No,Diploma,Married,2,Yes,3,Hyderabad
2916,Employee 2916,Male,43,Sales,Engineer,2017-06-29,447038,2,Yes,Bachelor,Single,9,No,4,Chennai
2917,Employee 2917,Male,38,HR,Manager,2018-08-26,537693,2,No,Diploma,Single,7,No,4,Hyderabad
2918,Employee 2918,Female,28,Marketing,Executive,2025-07-30,475600,1,Yes,Bachelor,Single,0,No,3,Ahmedabad
2919,Employee 2919,Male,49,Support,Executive,2015-02-15,1137811,5,No,Diploma,Single,11,No,5,Delhi
2920,Employee 2920,Male,47,IT,Manager,2019-09-29,443728,1,No,Master,Single,6,No,1,Delhi
2921,Employee 2921,Female,27,Operations,Specialist,2026-06-07,1460093,3,No,Bachelor,Single,0,No,3,Mumbai
2922,Employee 2922,Female,51,Support,Engineer,2016-10-19,715374,2,No,Bachelor,Single,9,No,5,Mumbai
2923,Employee 2923,Male,34,Support,Engineer,2017-02-13,1056500,1,No,Diploma,Married,9,No,5,Hyderabad
2924,Employee 2924,Female,57,Sales,Executive,2025-10-21,1637318,2,No,Diploma,Single,0,No,3,Chennai
2925,Employee 2925,Female,57,Marketing,Executive,2023-11-13,1530135,1,No,Bachelor,Single,2,No,3,Delhi
2926,Employee 2926,Female,37,HR,Associate,2025-06-02,1291955,5,No,Master,Single,1,Yes,2,Delhi
2927,Employee 2927,Female,45,Marketing,Executive,2025-02-14,927952,5,No,Master,Married,1,No,4,Delhi
2928,Employee 2928,Male,53,Finance,Specialist,2015-04-09,1440021,1,No,Bachelor,Married,11,Yes,3,Chennai
2929,Employee 2929,Male,52,Support,Executive,2023-03-30,761157,3,No,Master,Married,3,No,1,Ahmedabad
2930,Employee 2930,Female,35,Sales,Analyst,2016-01-14,573397,3,Yes,Diploma,Single,10,No,3,Mumbai
2931,Employee 2931,Female,55,Sales,Specialist,2017-05-12,820554,2,No,Master,Married,9,No,5,Chennai
2932,Employee 2932,Female,39,IT,Analyst,2019-01-13,1324619,2,No,Diploma,Single,7,Yes,4,Hyderabad
2933,Employee 2933,Male,31,Marketing,Specialist,2017-01-13,1703522,4,No,Diploma,Single,9,Yes,5,Ahmedabad
2934,Employee 2934,Female,21,Operations,Specialist,2022-12-27,1757652,2,No,Bachelor,Married,1,Yes,5,Ahmedabad
2935,Employee 2935,Male,21,HR,Executive,2026-03-16,1650730,2,No,Bachelor,Married,0,Yes,2,Mumbai
2936,Employee 2936,Male,59,Operations,Manager,2021-10-05,531677,2,No,Diploma,Married,4,No,3,Pune
2937,Employee 2937,Female,50,Finance,Manager,2023-05-18,1608858,5,No,Bachelor,Single,3,No,4,Chennai
2938,Employee 2938,Female,33,IT,Associate,2015-01-15,788657,4,No,Bachelor,Single,11,Yes,2,Hyderabad
2939,Employee 2939,Female,51,Marketing,Specialist,2015-09-07,1007441,4,Yes,Bachelor,Married,10,No,1,Hyderabad
2940,Employee 2940,Male,49,HR,Specialist,2024-06-03,571143,1,Yes,Master,Single,2,Yes,5,Delhi
2941,Employee 2941,Male,47,Support,Analyst,2021-12-19,390649,4,Yes,Master,Single,4,No,2,Mumbai
2942,Employee 2942,Female,41,Sales,Associate,2023-10-22,1061690,1,No,Master,Single,2,No,1,Delhi
2943,Employee 2943,Male,37,Operations,Engineer,2026-01-14,1207805,2,No,Master,Single,0,Yes,2,Pune
2944,Employee 2944,Female,39,HR,Analyst,2026-06-27,981433,3,No,Master,Single,0,No,1,Chennai
2945,Employee 2945,Female,27,HR,Engineer,2019-05-08,748068,3,No,Master,Married,7,No,2,Ahmedabad
2946,Employee 2946,Male,25,Operations,Executive,2016-03-10,993953,5,No,Bachelor,Married,5,Yes,3,Chennai
2947,Employee 2947,Male,33,Sales,Engineer,2025-09-21,1330598,5,No,Bachelor,Single,0,No,3,Delhi
2948,Employee 2948,Male,48,Marketing,Executive,2020-09-11,1044188,2,No,Master,Married,5,Yes,2,Pune
2949,Employee 2949,Female,43,Finance,Analyst,2021-03-27,1115589,1,No,Master,Married,5,Yes,1,Mumbai
2950,Employee 2950,Female,59,HR,Specialist,2018-08-12,454746,1,No,Master,Single,7,Yes,5,Ahmedabad
2951,Employee 2951,Male,21,Support,Analyst,2024-07-01,917495,5,No,Diploma,Married,1,Yes,4,Pune
2952,Employee 2952,Male,59,IT,Specialist,2015-09-04,797789,5,No,Bachelor,Single,10,No,4,Pune
2953,Employee 2953,Female,45,HR,Analyst,2021-04-04,379913,3,No,Master,Married,5,Yes,5,Bengaluru
2954,Employee 2954,Male,21,Finance,Engineer,2021-11-22,1468776,5,No,Master,Single,1,Yes,1,Mumbai
2955,Employee 2955,Female,38,IT,Executive,2026-02-25,432486,5,No,Bachelor,Married,0,No,1,Bengaluru
2956,Employee 2956,Female,27,Marketing,Specialist,2023-02-18,341141,1,No,Bachelor,Married,3,Yes,5,Ahmedabad
2957,Employee 2957,Female,50,IT,Manager,2020-09-05,1261798,3,No,Diploma,Single,5,Yes,5,Ahmedabad
2958,Employee 2958,Male,30,Operations,Engineer,2025-03-21,1429676,4,Yes,Diploma,Single,1,No,3,Delhi
2959,Employee 2959,Male,43,IT,Associate,2015-10-05,1422220,2,No,Diploma,Single,10,No,1,Chennai
2960,Employee 2960,Male,24,Support,Specialist,2024-03-26,1273352,5,No,Bachelor,Married,2,No,1,Pune
2961,Employee 2961,Female,23,Marketing,Analyst,2020-12-24,1075692,2,No,Diploma,Single,3,Yes,4,Delhi
2962,Employee 2962,Female,39,Support,Analyst,2018-11-01,664736,5,No,Bachelor,Married,7,No,3,Bengaluru
2963,Employee 2963,Female,43,Marketing,Specialist,2025-04-11,671659,2,No,Diploma,Married,1,No,3,Mumbai
2964,Employee 2964,Male,42,IT,Associate,2016-10-03,1099331,2,No,Master,Single,9,Yes,4,Ahmedabad
2965,Employee 2965,Male,51,IT,Analyst,2022-10-09,1747567,1,No,Master,Single,3,No,5,Pune
2966,Employee 2966,Male,57,Operations,Analyst,2023-05-30,1387968,3,No,Master,Married,3,Yes,1,Delhi
2967,Employee 2967,Female,54,HR,Associate,2018-04-21,688166,2,No,Bachelor,Married,8,Yes,2,Mumbai
2968,Employee 2968,Male,51,HR,Executive,2023-02-13,645726,5,No,Master,Married,3,Yes,2,Mumbai
2969,Employee 2969,Female,51,Operations,Analyst,2025-02-14,1227167,3,No,Master,Married,1,No,4,Pune
2970,Employee 2970,Male,27,Marketing,Manager,2016-03-06,1068826,3,No,Master,Married,7,No,3,Pune
2971,Employee 2971,Female,25,IT,Manager,2020-02-15,836606,5,No,Bachelor,Married,5,No,5,Bengaluru
2972,Employee 2972,Female,51,Sales,Associate,2018-08-30,451126,2,No,Diploma,Single,7,Yes,5,Ahmedabad
2973,Employee 2973,Male,34,Finance,Executive,2019-06-15,1738287,5,No,Diploma,Single,7,No,1,Hyderabad
2974,Employee 2974,Female,27,Sales,Executive,2020-02-27,1563638,2,No,Master,Married,6,No,3,Ahmedabad
2975,Employee 2975,Male,51,Sales,Manager,2017-05-02,914925,4,No,Bachelor,Single,9,Yes,5,Ahmedabad
2976,Employee 2976,Male,55,Marketing,Associate,2015-01-04,1092726,1,Yes,Diploma,Married,11,Yes,1,Hyderabad
2977,Employee 2977,Female,47,Finance,Executive,2023-07-28,1495639,3,No,Diploma,Single,2,No,4,Pune
2978,Employee 2978,Female,57,Sales,Associate,2020-03-21,863320,2,No,Master,Single,6,Yes,1,Chennai
2979,Employee 2979,Female,41,Finance,Executive,2015-06-27,1641306,5,No,Master,Married,11,No,4,Bengaluru
2980,Employee 2980,Female,40,Sales,Engineer,2016-01-30,300267,2,Yes,Master,Married,10,Yes,5,Mumbai
2981,Employee 2981,Female,22,IT,Executive,2019-04-18,1745580,3,No,Diploma,Married,2,Yes,3,Hyderabad
2982,Employee 2982,Male,46,HR,Manager,2025-10-17,1041477,5,No,Bachelor,Married,0,No,1,Delhi
2983,Employee 2983,Male,27,Finance,Analyst,2018-06-19,625968,4,No,Diploma,Single,7,No,3,Delhi
2984,Employee 2984,Male,56,HR,Associate,2015-08-26,491851,5,No,Diploma,Single,10,No,4,Pune
2985,Employee 2985,Male,29,Operations,Engineer,2020-05-17,1238273,1,No,Bachelor,Married,6,Yes,4,Bengaluru
2986,Employee 2986,Female,22,Sales,Engineer,2016-08-05,1346658,2,No,Bachelor,Single,2,No,1,Hyderabad
2987,Employee 2987,Female,32,IT,Associate,2018-10-08,1797303,3,No,Master,Married,7,Yes,5,Chennai
2988,Employee 2988,Male,25,Marketing,Executive,2024-08-28,421157,3,No,Diploma,Married,1,Yes,2,Ahmedabad
2989,Employee 2989,Female,53,IT,Manager,2024-06-30,376753,2,No,Master,Single,2,Yes,1,Hyderabad
2990,Employee 2990,Female,41,Finance,Analyst,2015-12-26,1294917,3,No,Master,Single,10,Yes,4,Pune
2991,Employee 2991,Male,22,Sales,Associate,2020-03-05,1769107,2,No,Master,Single,2,Yes,4,Chennai
2992,Employee 2992,Male,26,Finance,Engineer,2026-03-24,1512138,1,No,Bachelor,Married,0,No,2,Pune
2993,Employee 2993,Female,35,IT,Engineer,2018-09-22,1192303,4,No,Master,Single,7,No,2,Chennai
2994,Employee 2994,Female,51,Support,Associate,2016-09-20,1420701,2,No,Diploma,Married,9,No,1,Ahmedabad
2995,Employee 2995,Male,35,Marketing,Specialist,2020-08-02,381590,4,No,Bachelor,Married,5,No,3,Delhi
2996,Employee 2996,Male,37,Support,Executive,2017-11-01,1645732,1,No,Master,Single,8,Yes,2,Mumbai
2997,Employee 2997,Female,24,HR,Specialist,2016-05-22,1364373,2,No,Bachelor,Married,4,Yes,5,Hyderabad
2998,Employee 2998,Female,56,HR,Engineer,2019-12-04,387536,2,No,Diploma,Married,6,No,2,Pune
2999,Employee 2999,Male,45,Operations,Executive,2024-06-08,297380,5,Yes,Bachelor,Married,2,No,3,Chennai
3000,Employee 3000,Female,33,Operations,Specialist,2016-08-03,1562848,1,No,Bachelor,Single,9,Yes,4,Bengaluru
3001,Employee 3001,Male,24,Finance,Executive,2024-12-02,1442356,5,No,Bachelor,Single,1,Yes,3,Delhi
3002,Employee 3002,Female,53,Support,Manager,2020-10-20,807465,5,No,Master,Single,5,Yes,2,Delhi
3003,Employee 3003,Male,21,Operations,Engineer,2026-03-07,689432,2,No,Bachelor,Married,0,Yes,2,Hyderabad
3004,Employee 3004,Male,50,Support,Executive,2018-06-18,785648,3,No,Bachelor,Single,8,Yes,4,Hyderabad
3005,Employee 3005,Male,53,Operations,Executive,2018-12-25,980740,5,No,Bachelor,Married,7,Yes,2,Chennai
3006,Employee 3006,Male,34,Operations,Specialist,2022-12-27,1340345,1,No,Bachelor,Single,3,No,2,Chennai
3007,Employee 3007,Male,31,Operations,Executive,2015-01-08,925262,2,No,Master,Married,11,Yes,2,Chennai
3008,Employee 3008,Female,60,Finance,Associate,2017-07-20,927570,4,No,Diploma,Single,8,Yes,1,Bengaluru
3009,Employee 3009,Male,29,Marketing,Manager,2021-02-09,562138,4,No,Bachelor,Single,5,Yes,4,Mumbai
3010,Employee 3010,Male,38,Support,Engineer,2026-06-14,585055,4,No,Diploma,Single,0,Yes,2,Mumbai
3011,Employee 3011,Male,34,Finance,Specialist,2022-01-21,1331278,5,Yes,Master,Single,4,No,2,Mumbai
3012,Employee 3012,Male,41,Marketing,Specialist,2016-08-04,1750463,4,No,Diploma,Single,9,Yes,1,Delhi
3013,Employee 3013,Male,35,Finance,Executive,2026-05-08,853454,3,No,Master,Married,0,No,2,Bengaluru
3014,Employee 3014,Male,56,Support,Specialist,2016-10-18,947018,3,No,Bachelor,Single,9,Yes,4,Bengaluru
3015,Employee 3015,Female,26,Operations,Executive,2022-03-12,1420489,2,No,Diploma,Married,4,No,3,Mumbai
3016,Employee 3016,Male,28,Marketing,Engineer,2021-09-21,595302,1,No,Diploma,Married,4,No,5,Chennai
3017,Employee 3017,Male,38,Operations,Specialist,2021-08-28,458726,4,No,Diploma,Single,4,Yes,1,Bengaluru
3018,Employee 3018,Female,22,Finance,Engineer,2024-03-22,1619442,2,Yes,Diploma,Married,2,No,4,Pune
3019,Employee 3019,Female,35,Finance,Associate,2023-05-16,1015132,1,No,Diploma,Single,3,No,4,Mumbai
3020,Employee 3020,Female,28,Marketing,Engineer,2022-10-26,1650329,3,No,Diploma,Single,3,Yes,1,Chennai
3021,Employee 3021,Male,29,Marketing,Specialist,2026-04-20,740965,4,Yes,Diploma,Single,0,No,5,Chennai
3022,Employee 3022,Female,34,IT,Specialist,2025-07-13,1041436,3,No,Master,Married,0,No,4,Bengaluru
3023,Employee 3023,Male,21,Sales,Executive,2025-03-19,1206750,5,No,Diploma,Married,1,No,5,Mumbai
3024,Employee 3024,Female,55,HR,Analyst,2024-01-21,841728,2,No,Bachelor,Single,2,Yes,5,Bengaluru
3025,Employee 3025,Female,45,Support,Analyst,2017-02-02,842702,5,No,Master,Single,9,Yes,2,Hyderabad
3026,Employee 3026,Female,24,Finance,Associate,2019-08-13,258835,2,Yes,Bachelor,Single,4,Yes,4,Hyderabad
3027,Employee 3027,Male,34,IT,Executive,2021-02-22,1215003,2,No,Bachelor,Married,5,Yes,5,Hyderabad
3028,Employee 3028,Female,33,Marketing,Engineer,2022-09-04,1798300,3,No,Master,Married,3,No,1,Mumbai
3029,Employee 3029,Female,22,Sales,Engineer,2026-01-10,403931,3,No,Bachelor,Married,0,No,1,Mumbai
3030,Employee 3030,Male,26,Support,Engineer,2019-06-06,1487934,4,No,Bachelor,Married,6,No,4,Chennai
3031,Employee 3031,Male,54,Sales,Executive,2026-05-12,1294058,4,No,Bachelor,Single,0,Yes,3,Chennai
3032,Employee 3032,Female,47,Marketing,Associate,2024-10-31,1453784,1,No,Diploma,Married,1,No,4,Ahmedabad
3033,Employee 3033,Male,41,IT,Analyst,2019-01-08,313812,4,No,Diploma,Single,7,Yes,2,Mumbai
3034,Employee 3034,Female,35,Finance,Associate,2020-04-04,1351363,1,No,Bachelor,Married,6,Yes,3,Chennai
3035,Employee 3035,Male,49,Support,Engineer,2021-06-24,1499416,5,No,Diploma,Single,5,No,4,Mumbai
3036,Employee 3036,Female,27,Marketing,Executive,2025-08-06,309729,5,No,Bachelor,Single,0,No,5,Bengaluru
3037,Employee 3037,Male,37,HR,Associate,2016-04-15,1494841,5,No,Diploma,Married,10,Yes,1,Bengaluru
3038,Employee 3038,Male,52,Operations,Associate,2015-04-20,1684022,4,No,Master,Single,11,Yes,2,Hyderabad
3039,Employee 3039,Female,46,Sales,Manager,2017-07-27,988008,1,No,Bachelor,Married,8,Yes,3,Bengaluru
3040,Employee 3040,Male,56,Operations,Engineer,2022-06-26,473674,2,No,Master,Single,4,Yes,3,Mumbai
3041,Employee 3041,Female,31,Finance,Analyst,2020-05-13,553420,1,Yes,Diploma,Single,6,No,3,Pune
3042,Employee 3042,Female,30,Marketing,Executive,2023-06-10,508952,3,No,Diploma,Married,3,Yes,3,Delhi
3043,Employee 3043,Female,37,Finance,Analyst,2023-04-09,1559241,4,No,Bachelor,Married,3,No,2,Mumbai
3044,Employee 3044,Male,42,Sales,Engineer,2022-10-21,1452480,4,No,Bachelor,Married,3,No,5,Hyderabad
3045,Employee 3045,Female,40,HR,Manager,2025-04-12,1627861,4,No,Bachelor,Single,1,Yes,4,Pune
3046,Employee 3046,Female,55,Operations,Analyst,2016-03-16,582088,1,No,Diploma,Single,10,No,4,Hyderabad
3047,Employee 3047,Male,59,IT,Associate,2015-02-08,835958,1,No,Bachelor,Single,11,No,1,Mumbai
3048,Employee 3048,Male,45,Operations,Executive,2024-03-11,664476,4,No,Bachelor,Married,2,Yes,4,Mumbai
3049,Employee 3049,Female,57,Operations,Associate,2024-11-14,439581,4,No,Diploma,Single,1,No,1,Hyderabad
3050,Employee 3050,Male,31,Support,Manager,2017-12-14,638695,1,No,Master,Single,8,No,4,Delhi
3051,Employee 3051,Female,30,Support,Manager,2022-02-09,935167,2,Yes,Diploma,Single,4,Yes,2,Bengaluru
3052,Employee 3052,Male,42,Marketing,Executive,2015-09-25,1064401,2,No,Master,Single,10,No,1,Chennai
3053,Employee 3053,Female,25,Operations,Engineer,2022-10-31,933996,5,No,Diploma,Married,3,Yes,5,Bengaluru
3054,Employee 3054,Male,26,Operations,Analyst,2026-06-18,1549264,5,No,Bachelor,Married,0,No,1,Ahmedabad
3055,Employee 3055,Female,32,Operations,Analyst,2022-08-15,1534200,4,No,Diploma,Single,3,No,2,Bengaluru
3056,Employee 3056,Female,38,Support,Analyst,2026-06-03,1232231,1,No,Master,Single,0,No,5,Hyderabad
3057,Employee 3057,Female,32,Marketing,Analyst,2021-09-03,1035852,5,No,Diploma,Married,4,No,1,Hyderabad
3058,Employee 3058,Male,26,Operations,Executive,2019-12-09,1572963,4,Yes,Master,Married,6,Yes,5,Hyderabad
3059,Employee 3059,Male,51,Marketing,Engineer,2018-07-02,1607926,2,No,Master,Single,8,No,1,Pune
3060,Employee 3060,Male,35,Sales,Analyst,2018-12-03,1014943,4,Yes,Bachelor,Single,7,No,5,Ahmedabad
3061,Employee 3061,Female,48,Finance,Executive,2023-12-15,1755764,2,No,Bachelor,Married,2,Yes,4,Chennai
3062,Employee 3062,Male,41,HR,Associate,2021-06-19,1336287,2,No,Diploma,Single,5,Yes,5,Mumbai
3063,Employee 3063,Male,29,Finance,Analyst,2020-05-07,281711,1,No,Bachelor,Married,6,No,3,Delhi
3064,Employee 3064,Female,57,IT,Associate,2020-04-20,1243501,4,No,Master,Married,6,No,5,Pune
3065,Employee 3065,Female,31,IT,Manager,2022-12-28,974187,1,No,Bachelor,Single,3,Yes,4,Hyderabad
3066,Employee 3066,Female,31,Sales,Associate,2021-06-17,286314,2,No,Bachelor,Single,5,Yes,2,Bengaluru
3067,Employee 3067,Female,53,HR,Specialist,2023-02-10,301766,4,No,Diploma,Single,3,No,3,Chennai
3068,Employee 3068,Male,47,Marketing,Specialist,2022-11-18,1598446,2,No,Diploma,Single,3,No,1,Chennai
3069,Employee 3069,Male,56,Sales,Associate,2023-09-16,562920,1,No,Master,Single,2,Yes,4,Bengaluru
3070,Employee 3070,Male,22,Operations,Specialist,2025-06-28,1155511,4,No,Bachelor,Married,1,Yes,3,Hyderabad
3071,Employee 3071,Male,51,HR,Analyst,2020-04-15,1775490,2,No,Diploma,Married,6,Yes,4,Pune
3072,Employee 3072,Female,44,IT,Analyst,2020-01-26,1081699,3,No,Diploma,Married,6,No,3,Chennai
3073,Employee 3073,Male,29,Sales,Engineer,2019-01-19,951137,1,No,Diploma,Married,7,No,2,Mumbai
3074,Employee 3074,Female,21,Marketing,Specialist,2022-07-25,1230020,1,No,Bachelor,Single,1,Yes,4,Delhi
3075,Employee 3075,Female,57,IT,Manager,2026-04-24,553926,2,No,Bachelor,Married,0,Yes,5,Chennai
3076,Employee 3076,Female,45,Operations,Engineer,2019-06-30,1584096,5,No,Bachelor,Single,7,Yes,5,Hyderabad
3077,Employee 3077,Female,26,HR,Analyst,2023-05-16,1418849,3,No,Master,Married,3,No,4,Hyderabad
3078,Employee 3078,Male,37,Sales,Associate,2026-01-09,906966,5,No,Master,Single,0,Yes,1,Bengaluru
3079,Employee 3079,Male,39,Finance,Engineer,2017-07-29,1694850,4,No,Diploma,Single,8,Yes,2,Bengaluru
3080,Employee 3080,Female,24,Support,Associate,2019-02-09,1250999,5,No,Bachelor,Married,4,No,4,Ahmedabad
3081,Employee 3081,Male,32,HR,Associate,2015-07-02,1455667,1,No,Master,Married,11,No,4,Pune
3082,Employee 3082,Female,27,Marketing,Executive,2016-04-02,1367974,1,No,Diploma,Single,7,Yes,2,Chennai
3083,Employee 3083,Female,40,Operations,Executive,2019-12-25,1242275,3,No,Bachelor,Married,6,Yes,5,Hyderabad
3084,Employee 3084,Male,33,Sales,Engineer,2020-02-14,809565,2,No,Bachelor,Married,6,Yes,1,Mumbai
3085,Employee 3085,Female,38,Finance,Associate,2024-04-17,901886,1,Yes,Master,Married,2,Yes,4,Hyderabad
3086,Employee 3086,Male,48,Support,Analyst,2015-06-22,562288,1,No,Master,Single,11,Yes,1,Chennai
3087,Employee 3087,Male,45,Operations,Analyst,2025-06-01,307064,5,No,Master,Married,1,No,5,Hyderabad
3088,Employee 3088,Male,35,IT,Executive,2022-10-17,904032,2,No,Diploma,Single,3,Yes,3,Delhi
3089,Employee 3089,Male,32,Finance,Associate,2016-09-22,813887,4,No,Master,Single,9,Yes,2,Hyderabad
3090,Employee 3090,Male,35,Marketing,Executive,2015-01-11,1477204,2,No,Bachelor,Married,11,Yes,1,Chennai
3091,Employee 3091,Male,39,HR,Specialist,2021-05-12,836240,1,Yes,Diploma,Married,5,Yes,3,Pune
3092,Employee 3092,Male,25,IT,Executive,2015-07-01,1619076,3,No,Bachelor,Single,5,Yes,1,Pune
3093,Employee 3093,Female,45,Support,Analyst,2018-04-25,364639,2,No,Master,Single,8,No,5,Bengaluru
3094,Employee 3094,Female,50,Marketing,Specialist,2016-08-26,1652604,3,No,Diploma,Single,9,Yes,5,Delhi
3095,Employee 3095,Female,38,Support,Engineer,2025-02-11,914316,4,No,Diploma,Single,1,Yes,5,Bengaluru
3096,Employee 3096,Male,50,Support,Analyst,2022-11-28,560773,2,No,Diploma,Single,3,No,4,Ahmedabad
3097,Employee 3097,Female,49,IT,Associate,2019-10-24,1075869,1,No,Master,Single,6,No,2,Delhi
3098,Employee 3098,Male,59,Marketing,Engineer,2017-08-31,1278565,3,Yes,Bachelor,Single,8,No,1,Mumbai
3099,Employee 3099,Female,51,Support,Engineer,2016-01-31,824862,4,Yes,Diploma,Married,10,Yes,4,Bengaluru
3100,Employee 3100,Female,50,Support,Manager,2016-03-27,428034,4,No,Bachelor,Married,10,Yes,5,Pune
3101,Employee 3101,Female,51,Support,Analyst,2018-01-16,1642176,3,No,Bachelor,Married,8,No,4,Ahmedabad
3102,Employee 3102,Male,22,Operations,Executive,2023-08-02,1506333,5,No,Master,Single,2,Yes,4,Chennai
3103,Employee 3103,Female,25,IT,Associate,2022-09-22,1282037,2,Yes,Bachelor,Married,3,No,1,Mumbai
3104,Employee 3104,Female,24,Sales,Executive,2025-08-16,754438,5,No,Diploma,Married,0,No,3,Pune
3105,Employee 3105,Male,51,IT,Specialist,2019-01-10,894667,4,Yes,Master,Single,7,No,1,Pune
3106,Employee 3106,Female,45,Finance,Analyst,2022-06-17,1470092,4,No,Diploma,Married,4,No,2,Mumbai
3107,Employee 3107,Female,55,Operations,Executive,2019-03-11,393018,4,Yes,Bachelor,Single,7,No,4,Chennai
3108,Employee 3108,Male,29,HR,Executive,2023-10-09,1623067,2,Yes,Master,Single,2,No,4,Delhi
3109,Employee 3109,Female,30,Sales,Engineer,2020-06-23,842725,1,No,Diploma,Single,6,No,4,Mumbai
3110,Employee 3110,Female,49,Marketing,Specialist,2016-06-13,1074955,4,No,Diploma,Married,10,No,3,Delhi
3111,Employee 3111,Female,48,Operations,Analyst,2016-07-25,1317484,3,No,Master,Married,9,Yes,2,Pune
3112,Employee 3112,Female,22,Sales,Specialist,2026-04-29,875196,3,No,Diploma,Married,0,No,3,Pune
3113,Employee 3113,Male,39,Marketing,Executive,2025-08-08,1364806,5,No,Master,Married,0,No,3,Mumbai
3114,Employee 3114,Male,51,HR,Analyst,2019-09-13,1589613,3,No,Diploma,Married,6,No,2,Pune
3115,Employee 3115,Male,60,Finance,Manager,2017-06-02,1060419,4,No,Master,Married,9,Yes,5,Delhi
3116,Employee 3116,Female,52,Operations,Associate,2017-08-30,1573299,2,No,Master,Married,8,No,3,Mumbai
3117,Employee 3117,Male,28,Sales,Engineer,2015-07-29,1281464,1,No,Master,Married,8,Yes,2,Mumbai
3118,Employee 3118,Male,47,Sales,Engineer,2021-01-15,706187,3,No,Master,Married,5,No,2,Chennai
3119,Employee 3119,Female,44,Operations,Executive,2019-02-17,744150,1,No,Diploma,Married,7,Yes,4,Ahmedabad
3120,Employee 3120,Male,47,Sales,Analyst,2018-12-21,258626,3,Yes,Master,Single,7,No,1,Mumbai
3121,Employee 3121,Male,35,HR,Associate,2018-12-25,637614,4,Yes,Master,Single,7,Yes,4,Bengaluru
3122,Employee 3122,Female,43,Marketing,Analyst,2017-07-05,588440,1,Yes,Bachelor,Single,8,No,1,Chennai
3123,Employee 3123,Female,53,Marketing,Engineer,2019-06-27,478765,5,No,Diploma,Single,7,Yes,2,Pune
3124,Employee 3124,Female,35,Operations,Associate,2020-02-16,1169029,3,No,Master,Married,6,No,2,Hyderabad
3125,Employee 3125,Male,25,Sales,Specialist,2016-07-28,618713,2,No,Bachelor,Married,5,No,1,Bengaluru
3126,Employee 3126,Male,39,HR,Associate,2017-09-25,261769,4,No,Master,Single,8,Yes,2,Bengaluru
3127,Employee 3127,Female,51,Finance,Manager,2020-08-16,333125,5,No,Bachelor,Single,5,No,3,Hyderabad
3128,Employee 3128,Male,41,HR,Engineer,2022-08-25,1163384,1,No,Bachelor,Married,3,No,2,Ahmedabad
3129,Employee 3129,Female,30,IT,Engineer,2022-08-20,1516197,4,No,Master,Single,3,No,1,Ahmedabad
3130,Employee 3130,Female,52,IT,Manager,2016-08-20,1157846,5,No,Bachelor,Married,9,No,2,Ahmedabad
3131,Employee 3131,Female,57,Sales,Manager,2025-06-21,1718428,1,No,Diploma,Single,1,No,5,Hyderabad
3132,Employee 3132,Male,40,HR,Specialist,2015-11-24,1526005,1,No,Bachelor,Single,10,No,3,Mumbai
3133,Employee 3133,Female,27,Sales,Engineer,2023-06-04,1441419,2,Yes,Bachelor,Single,3,No,2,Chennai
3134,Employee 3134,Male,52,IT,Executive,2022-05-22,524628,4,No,Master,Single,4,No,3,Ahmedabad
3135,Employee 3135,Male,52,Support,Manager,2022-05-23,1604240,5,No,Master,Married,4,No,3,Delhi
3136,Employee 3136,Female,29,Operations,Analyst,2021-02-12,918678,2,No,Bachelor,Married,5,Yes,5,Chennai
3137,Employee 3137,Male,35,Finance,Associate,2018-02-12,538517,2,No,Bachelor,Single,8,No,5,Chennai
3138,Employee 3138,Male,27,Support,Executive,2018-05-31,1247824,2,No,Bachelor,Single,7,Yes,2,Chennai
3139,Employee 3139,Female,53,Sales,Specialist,2016-10-25,757220,4,Yes,Diploma,Married,9,Yes,2,Hyderabad
3140,Employee 3140,Female,32,HR,Specialist,2023-04-13,1357629,5,No,Diploma,Single,3,Yes,2,Ahmedabad
3141,Employee 3141,Male,36,IT,Associate,2025-02-14,294942,3,No,Bachelor,Single,1,No,5,Bengaluru
3142,Employee 3142,Male,31,Sales,Executive,2018-09-23,1489624,4,No,Master,Single,7,Yes,4,Bengaluru
3143,Employee 3143,Male,54,HR,Associate,2024-03-13,618213,3,No,Master,Single,2,No,5,Ahmedabad
3144,Employee 3144,Female,34,Marketing,Manager,2017-11-15,1497151,4,No,Diploma,Single,8,No,1,Hyderabad
3145,Employee 3145,Male,55,Sales,Manager,2015-12-08,1143080,5,No,Diploma,Married,10,No,5,Bengaluru
3146,Employee 3146,Male,31,Sales,Specialist,2025-05-20,670674,2,No,Master,Single,1,No,2,Ahmedabad
3147,Employee 3147,Male,44,Support,Analyst,2022-11-17,1169440,2,No,Diploma,Single,3,No,2,Bengaluru
3148,Employee 3148,Male,53,IT,Associate,2023-09-19,794159,1,No,Master,Single,2,Yes,5,Chennai
3149,Employee 3149,Male,48,Operations,Associate,2018-08-10,405334,3,No,Bachelor,Single,7,Yes,5,Ahmedabad
3150,Employee 3150,Male,54,Finance,Manager,2017-07-12,1665549,4,Yes,Master,Single,8,No,5,Pune
3151,Employee 3151,Female,41,Support,Executive,2022-01-18,1621234,2,No,Diploma,Single,4,Yes,4,Pune
3152,Employee 3152,Male,49,Finance,Analyst,2016-06-13,1673696,5,No,Master,Single,10,No,2,Bengaluru
3153,Employee 3153,Male,50,IT,Specialist,2024-03-16,1756922,3,No,Master,Single,2,Yes,2,Delhi
3154,Employee 3154,Male,48,Sales,Specialist,2022-02-04,1777516,4,No,Bachelor,Single,4,No,2,Hyderabad
3155,Employee 3155,Male,40,Finance,Manager,2025-12-25,1255749,2,No,Diploma,Single,0,No,3,Mumbai
3156,Employee 3156,Male,34,Support,Manager,2020-12-16,575888,1,No,Bachelor,Married,5,Yes,4,Pune
3157,Employee 3157,Female,25,Marketing,Executive,2018-11-09,1187390,1,Yes,Diploma,Single,5,Yes,3,Delhi
3158,Employee 3158,Female,30,Finance,Executive,2022-05-18,1467712,2,Yes,Master,Married,4,No,2,Pune
3159,Employee 3159,Male,21,Support,Manager,2023-02-16,1514811,5,No,Master,Single,1,Yes,4,Delhi
3160,Employee 3160,Male,60,HR,Analyst,2024-01-17,746532,5,No,Diploma,Single,2,Yes,5,Mumbai
3161,Employee 3161,Female,29,Operations,Engineer,2016-03-25,810514,5,No,Diploma,Married,9,No,4,Mumbai
3162,Employee 3162,Female,45,Marketing,Manager,2025-04-13,783727,3,No,Master,Single,1,Yes,2,Chennai
3163,Employee 3163,Female,38,Operations,Engineer,2017-04-20,1527457,4,No,Master,Single,9,Yes,2,Bengaluru
3164,Employee 3164,Female,47,Operations,Specialist,2016-05-19,848410,1,No,Diploma,Married,10,Yes,1,Pune
3165,Employee 3165,Female,48,IT,Engineer,2016-03-05,1621795,3,Yes,Bachelor,Single,10,No,5,Pune
3166,Employee 3166,Female,41,Operations,Executive,2015-03-31,940523,2,Yes,Master,Married,11,No,4,Delhi
3167,Employee 3167,Female,26,Marketing,Specialist,2015-11-12,1497728,5,No,Bachelor,Single,6,No,3,Bengaluru
3168,Employee 3168,Female,46,Support,Associate,2016-10-30,1515489,5,No,Diploma,Single,9,No,4,Hyderabad
3169,Employee 3169,Male,49,Support,Engineer,2016-02-01,1101191,5,No,Master,Single,10,Yes,1,Bengaluru
3170,Employee 3170,Male,33,Marketing,Associate,2017-05-24,451319,3,No,Diploma,Married,9,Yes,4,Chennai
3171,Employee 3171,Female,33,IT,Specialist,2018-02-20,1375594,3,No,Master,Single,8,Yes,1,Pune
3172,Employee 3172,Female,53,Finance,Executive,2016-06-13,1520784,3,No,Bachelor,Single,10,Yes,1,Hyderabad
3173,Employee 3173,Female,39,Marketing,Associate,2026-06-20,405518,5,No,Master,Married,0,Yes,4,Bengaluru
3174,Employee 3174,Female,27,Support,Analyst,2019-11-14,1790959,3,No,Master,Single,6,No,5,Pune
3175,Employee 3175,Female,35,IT,Executive,2018-04-03,1381861,1,No,Diploma,Married,8,No,4,Ahmedabad
3176,Employee 3176,Male,23,Support,Specialist,2024-11-28,1340297,4,No,Diploma,Married,1,Yes,5,Bengaluru
3177,Employee 3177,Female,21,IT,Engineer,2020-02-29,710554,1,No,Master,Married,1,Yes,5,Chennai
3178,Employee 3178,Female,24,Sales,Specialist,2023-02-23,321664,4,Yes,Master,Married,3,Yes,5,Bengaluru
3179,Employee 3179,Male,60,Marketing,Manager,2021-08-27,1170983,2,Yes,Master,Married,4,No,4,Pune
3180,Employee 3180,Male,26,Operations,Manager,2021-09-17,1422237,2,No,Master,Married,4,No,4,Hyderabad
3181,Employee 3181,Male,41,Support,Associate,2016-01-08,477463,5,No,Diploma,Single,10,Yes,2,Ahmedabad
3182,Employee 3182,Female,57,Sales,Executive,2025-11-29,1443239,5,Yes,Bachelor,Married,0,Yes,1,Ahmedabad
3183,Employee 3183,Male,25,Marketing,Engineer,2025-10-16,1552741,1,No,Master,Married,0,Yes,2,Delhi
3184,Employee 3184,Male,22,IT,Associate,2021-05-09,826931,2,Yes,Master,Married,2,No,4,Hyderabad
3185,Employee 3185,Female,24,Operations,Engineer,2021-03-06,595453,5,No,Master,Married,4,No,4,Bengaluru
3186,Employee 3186,Male,30,IT,Executive,2016-09-22,1196065,5,No,Diploma,Married,9,Yes,3,Chennai
3187,Employee 3187,Male,30,Operations,Executive,2021-01-08,1685377,1,No,Bachelor,Single,5,No,2,Delhi
3188,Employee 3188,Male,38,Operations,Engineer,2021-01-08,1608578,2,No,Master,Single,5,Yes,5,Delhi
3189,Employee 3189,Male,28,Support,Analyst,2021-02-26,1361504,4,No,Diploma,Married,5,Yes,1,Pune
3190,Employee 3190,Male,21,IT,Manager,2018-07-23,1503065,1,No,Diploma,Married,1,No,3,Pune
3191,Employee 3191,Male,52,Finance,Manager,2016-10-11,1512788,3,No,Master,Married,9,No,1,Bengaluru
3192,Employee 3192,Male,59,Marketing,Manager,2023-08-25,1152671,5,No,Diploma,Single,2,Yes,4,Pune
3193,Employee 3193,Female,57,Marketing,Specialist,2021-10-14,1553556,2,No,Diploma,Single,4,Yes,4,Delhi
3194,Employee 3194,Female,35,IT,Executive,2020-07-21,758988,4,No,Diploma,Married,5,No,2,Chennai
3195,Employee 3195,Female,50,IT,Manager,2021-11-21,1117470,2,No,Diploma,Single,4,Yes,5,Hyderabad
3196,Employee 3196,Female,52,Sales,Manager,2023-12-04,860129,4,No,Bachelor,Single,2,Yes,3,Ahmedabad
3197,Employee 3197,Female,32,HR,Engineer,2025-02-14,1574255,1,No,Master,Married,1,Yes,1,Hyderabad
3198,Employee 3198,Female,37,Marketing,Engineer,2023-04-20,466490,3,No,Bachelor,Married,3,Yes,3,Delhi
3199,Employee 3199,Male,31,Finance,Specialist,2025-10-31,636275,2,No,Bachelor,Single,0,No,1,Hyderabad
3200,Employee 3200,Female,38,Sales,Associate,2015-01-23,547989,2,No,Diploma,Married,11,Yes,5,Chennai
3201,Employee 3201,Male,55,Marketing,Executive,2018-03-23,773519,2,No,Diploma,Single,8,Yes,1,Chennai
3202,Employee 3202,Female,59,Support,Associate,2016-09-03,950822,5,No,Master,Married,9,Yes,5,Chennai
3203,Employee 3203,Male,58,Finance,Associate,2020-10-04,1759244,3,Yes,Master,Single,5,No,3,Delhi
3204,Employee 3204,Female,24,HR,Analyst,2015-05-25,1153516,2,No,Master,Married,4,Yes,3,Mumbai
3205,Employee 3205,Female,56,Support,Engineer,2017-06-24,1421105,5,No,Bachelor,Single,9,Yes,4,Pune
3206,Employee 3206,Male,53,HR,Analyst,2015-06-07,1375637,2,No,Bachelor,Married,11,No,1,Ahmedabad
3207,Employee 3207,Female,38,Support,Associate,2023-02-06,407381,3,No,Diploma,Single,3,Yes,1,Chennai
3208,Employee 3208,Male,23,IT,Analyst,2020-10-24,1505547,1,No,Diploma,Single,3,Yes,5,Pune
3209,Employee 3209,Male,32,Marketing,Manager,2019-03-29,353455,3,No,Diploma,Single,7,No,4,Pune
3210,Employee 3210,Male,56,Support,Analyst,2025-10-31,1519617,4,No,Diploma,Married,0,No,3,Mumbai
3211,Employee 3211,Female,47,Operations,Executive,2015-04-12,506375,1,No,Master,Married,11,Yes,4,Chennai
3212,Employee 3212,Male,35,Marketing,Engineer,2024-12-04,1435502,1,Yes,Diploma,Single,1,No,1,Delhi
3213,Employee 3213,Female,37,Support,Executive,2021-05-09,310074,3,No,Bachelor,Single,5,Yes,2,Delhi
3214,Employee 3214,Female,23,Operations,Manager,2017-09-03,1161048,2,No,Bachelor,Single,3,Yes,2,Pune
3215,Employee 3215,Female,27,Finance,Manager,2015-04-10,1501487,2,No,Bachelor,Married,7,No,5,Pune
3216,Employee 3216,Male,31,Support,Executive,2025-07-17,650070,4,No,Diploma,Married,0,Yes,2,Mumbai
3217,Employee 3217,Female,39,Finance,Analyst,2025-11-02,445561,1,No,Master,Married,0,No,2,Ahmedabad
3218,Employee 3218,Female,45,HR,Associate,2021-10-21,1309631,4,No,Diploma,Married,4,No,5,Chennai
3219,Employee 3219,Male,35,Marketing,Manager,2023-05-25,397188,2,No,Bachelor,Married,3,No,4,Ahmedabad
3220,Employee 3220,Male,44,HR,Associate,2024-07-20,934872,3,No,Bachelor,Married,1,No,2,Bengaluru
3221,Employee 3221,Male,51,Finance,Associate,2026-05-02,650891,5,Yes,Master,Married,0,No,3,Chennai
3222,Employee 3222,Male,41,HR,Specialist,2019-05-31,875453,5,Yes,Diploma,Single,7,No,5,Hyderabad
3223,Employee 3223,Female,35,Finance,Manager,2026-06-10,640341,4,No,Diploma,Married,0,Yes,2,Hyderabad
3224,Employee 3224,Female,54,Operations,Executive,2021-08-30,909587,2,Yes,Bachelor,Married,4,No,1,Delhi
3225,Employee 3225,Male,29,HR,Analyst,2022-08-22,616019,1,No,Master,Married,3,No,1,Delhi
3226,Employee 3226,Male,27,Operations,Analyst,2021-07-12,1631290,3,No,Diploma,Single,4,No,4,Hyderabad
3227,Employee 3227,Male,38,Sales,Executive,2021-11-21,776319,4,No,Master,Single,4,No,3,Mumbai
3228,Employee 3228,Male,54,HR,Analyst,2021-09-15,1438982,4,No,Bachelor,Married,4,No,2,Hyderabad
3229,Employee 3229,Female,55,Finance,Specialist,2025-07-20,1050309,4,No,Diploma,Single,0,Yes,5,Delhi
3230,Employee 3230,Male,25,IT,Specialist,2020-12-04,918064,5,Yes,Diploma,Married,5,Yes,1,Pune
3231,Employee 3231,Male,35,Finance,Engineer,2024-12-06,572995,5,No,Bachelor,Single,1,Yes,3,Delhi
3232,Employee 3232,Female,31,Operations,Executive,2022-02-20,321254,4,Yes,Bachelor,Married,4,Yes,2,Chennai
3233,Employee 3233,Female,31,Sales,Analyst,2026-05-31,1462205,3,No,Diploma,Married,0,Yes,2,Mumbai
3234,Employee 3234,Male,56,Support,Associate,2015-03-23,1123567,3,No,Master,Married,11,No,2,Pune
3235,Employee 3235,Female,53,Finance,Executive,2020-08-14,1101397,4,No,Diploma,Married,5,No,3,Chennai
3236,Employee 3236,Male,53,Operations,Engineer,2020-03-18,395858,4,No,Bachelor,Married,6,Yes,5,Bengaluru
3237,Employee 3237,Male,50,Finance,Specialist,2017-07-24,585374,1,No,Master,Single,8,Yes,4,Ahmedabad
3238,Employee 3238,Male,60,Support,Executive,2017-12-19,1004868,3,No,Bachelor,Single,8,No,3,Pune
3239,Employee 3239,Female,38,Finance,Engineer,2024-08-04,1026965,2,No,Diploma,Married,1,Yes,4,Bengaluru
3240,Employee 3240,Female,29,HR,Executive,2016-11-17,1133998,1,No,Bachelor,Married,9,Yes,3,Chennai
3241,Employee 3241,Male,55,Marketing,Specialist,2016-12-28,561051,2,No,Master,Married,9,No,4,Pune
3242,Employee 3242,Female,59,Support,Manager,2022-01-09,339118,4,No,Diploma,Single,4,Yes,2,Bengaluru
3243,Employee 3243,Female,54,Operations,Specialist,2019-10-03,1718041,2,No,Bachelor,Married,6,Yes,1,Ahmedabad
3244,Employee 3244,Female,60,HR,Specialist,2023-10-30,1121676,3,No,Master,Single,2,No,1,Bengaluru
3245,Employee 3245,Female,56,HR,Specialist,2018-04-27,871742,5,No,Diploma,Single,8,No,4,Delhi
3246,Employee 3246,Female,33,Marketing,Specialist,2018-10-11,1186300,2,No,Bachelor,Single,7,No,5,Bengaluru
3247,Employee 3247,Female,25,Sales,Executive,2016-12-28,264986,3,No,Diploma,Married,5,No,2,Bengaluru
3248,Employee 3248,Female,27,Sales,Analyst,2022-07-14,700001,2,No,Master,Married,3,Yes,1,Bengaluru
3249,Employee 3249,Male,33,Support,Associate,2018-06-20,1128606,3,No,Diploma,Single,8,Yes,4,Bengaluru
3250,Employee 3250,Male,34,Operations,Specialist,2020-03-10,1600698,5,No,Bachelor,Married,6,Yes,2,Pune
3251,Employee 3251,Female,38,Finance,Analyst,2020-02-17,652992,1,No,Diploma,Married,6,No,1,Pune
3252,Employee 3252,Male,53,Support,Specialist,2022-12-18,1111858,1,No,Diploma,Married,3,Yes,2,Pune
3253,Employee 3253,Female,30,Marketing,Analyst,2020-12-02,707936,1,No,Bachelor,Married,5,No,4,Delhi
3254,Employee 3254,Female,48,IT,Engineer,2025-04-18,1192988,2,No,Master,Single,1,No,4,Ahmedabad
3255,Employee 3255,Male,24,Finance,Specialist,2017-04-16,693946,4,Yes,Diploma,Married,4,Yes,2,Mumbai
3256,Employee 3256,Male,54,Operations,Associate,2017-03-17,1081707,1,No,Bachelor,Married,9,Yes,2,Delhi
3257,Employee 3257,Female,43,HR,Analyst,2015-12-29,266006,2,No,Master,Single,10,No,1,Bengaluru
3258,Employee 3258,Male,45,IT,Specialist,2019-05-23,809814,2,Yes,Diploma,Married,7,No,4,Bengaluru
3259,Employee 3259,Female,21,Sales,Engineer,2016-12-12,967636,5,No,Bachelor,Single,1,Yes,1,Pune
3260,Employee 3260,Male,36,Support,Manager,2025-08-31,731288,3,No,Diploma,Single,0,Yes,4,Bengaluru
3261,Employee 3261,Male,46,Support,Analyst,2019-01-26,512105,2,No,Diploma,Single,7,No,2,Hyderabad
3262,Employee 3262,Male,45,HR,Analyst,2017-09-07,442061,2,No,Diploma,Married,8,Yes,4,Delhi
3263,Employee 3263,Female,39,HR,Specialist,2015-05-18,1252303,3,No,Diploma,Single,11,No,5,Hyderabad
3264,Employee 3264,Female,45,Sales,Executive,2018-03-06,402294,1,Yes,Diploma,Married,8,Yes,3,Mumbai
3265,Employee 3265,Male,40,Support,Analyst,2017-05-12,1172922,5,Yes,Diploma,Single,9,No,2,Bengaluru
3266,Employee 3266,Female,53,Support,Manager,2017-10-13,1294555,4,No,Bachelor,Married,8,No,5,Mumbai
3267,Employee 3267,Male,30,Finance,Manager,2024-01-26,537655,4,No,Bachelor,Married,2,Yes,5,Hyderabad
3268,Employee 3268,Male,32,IT,Manager,2017-05-27,870591,2,No,Master,Single,9,Yes,4,Mumbai
3269,Employee 3269,Male,52,IT,Analyst,2015-06-04,589527,1,Yes,Diploma,Single,11,No,5,Ahmedabad
3270,Employee 3270,Male,59,Operations,Executive,2025-04-11,493252,3,Yes,Bachelor,Married,1,No,4,Ahmedabad
3271,Employee 3271,Male,48,Sales,Analyst,2025-08-07,359259,1,No,Bachelor,Single,0,No,1,Hyderabad
3272,Employee 3272,Male,42,IT,Associate,2015-06-08,770158,2,No,Master,Married,11,Yes,2,Bengaluru
3273,Employee 3273,Female,55,Finance,Specialist,2026-01-02,1508119,2,Yes,Master,Single,0,No,3,Bengaluru
3274,Employee 3274,Female,56,Operations,Specialist,2015-04-28,494821,1,No,Bachelor,Single,11,No,4,Bengaluru
3275,Employee 3275,Female,58,Operations,Associate,2023-10-01,1403698,3,No,Master,Married,2,No,5,Delhi
3276,Employee 3276,Male,59,Support,Manager,2023-01-16,1496438,3,No,Bachelor,Single,3,No,5,Chennai
3277,Employee 3277,Female,41,Support,Associate,2020-07-15,1276703,4,No,Bachelor,Single,5,Yes,4,Delhi
3278,Employee 3278,Female,35,HR,Associate,2016-11-04,1599016,4,No,Master,Married,9,Yes,2,Pune
3279,Employee 3279,Male,52,Finance,Analyst,2022-12-07,1123306,5,Yes,Master,Married,3,Yes,3,Hyderabad
3280,Employee 3280,Male,23,Operations,Manager,2021-04-28,987172,5,No,Bachelor,Married,3,No,5,Hyderabad
3281,Employee 3281,Male,29,Finance,Analyst,2020-09-04,322614,3,No,Master,Single,5,Yes,1,Chennai
3282,Employee 3282,Male,29,Operations,Specialist,2022-06-30,1660235,3,No,Master,Married,4,No,5,Bengaluru
3283,Employee 3283,Male,25,Operations,Executive,2016-11-14,949044,4,No,Master,Single,5,Yes,1,Mumbai
3284,Employee 3284,Female,44,Marketing,Analyst,2017-10-31,360672,1,No,Master,Single,8,Yes,5,Delhi
3285,Employee 3285,Female,47,HR,Associate,2020-11-30,456872,2,No,Master,Married,5,No,1,Ahmedabad
3286,Employee 3286,Male,22,HR,Specialist,2020-08-23,1724725,1,No,Bachelor,Single,2,No,2,Bengaluru
3287,Employee 3287,Male,55,IT,Specialist,2022-11-23,1516493,4,No,Bachelor,Married,3,No,1,Delhi
3288,Employee 3288,Male,40,Marketing,Analyst,2025-01-20,1495136,2,No,Bachelor,Married,1,Yes,4,Bengaluru
3289,Employee 3289,Male,48,Support,Executive,2024-10-13,1021546,5,Yes,Master,Single,1,No,5,Hyderabad
3290,Employee 3290,Male,47,IT,Executive,2021-11-14,792583,5,No,Master,Married,4,No,4,Bengaluru
3291,Employee 3291,Male,23,Support,Engineer,2016-06-08,1042495,4,No,Bachelor,Married,3,No,5,Mumbai
3292,Employee 3292,Female,21,IT,Manager,2023-02-12,1006433,2,No,Diploma,Married,1,Yes,1,Bengaluru
3293,Employee 3293,Female,25,HR,Associate,2024-03-12,946262,2,No,Bachelor,Single,2,No,4,Delhi
3294,Employee 3294,Female,22,Operations,Engineer,2015-11-02,1147007,3,No,Bachelor,Married,2,Yes,3,Delhi
3295,Employee 3295,Female,57,HR,Associate,2025-10-06,859132,5,No,Diploma,Single,0,Yes,2,Pune
3296,Employee 3296,Female,24,Sales,Specialist,2025-05-10,439061,1,No,Diploma,Married,1,Yes,4,Chennai
3297,Employee 3297,Male,46,Marketing,Manager,2015-11-17,1536087,3,No,Bachelor,Single,10,Yes,2,Bengaluru
3298,Employee 3298,Male,50,IT,Analyst,2022-03-05,289860,5,No,Master,Married,4,Yes,1,Hyderabad
3299,Employee 3299,Male,55,HR,Specialist,2023-10-12,915917,2,No,Diploma,Married,2,Yes,3,Ahmedabad
3300,Employee 3300,Male,24,Sales,Engineer,2021-12-12,1012638,3,No,Master,Married,4,No,1,Mumbai
3301,Employee 3301,Female,27,Finance,Manager,2023-09-28,1417083,1,Yes,Bachelor,Single,2,No,1,Bengaluru
3302,Employee 3302,Female,29,Operations,Associate,2025-08-29,1599080,1,No,Diploma,Single,0,No,3,Mumbai
3303,Employee 3303,Female,30,Marketing,Specialist,2025-12-18,306573,3,No,Diploma,Single,0,Yes,4,Pune
3304,Employee 3304,Female,48,Marketing,Executive,2024-04-14,412468,2,No,Master,Single,2,Yes,5,Delhi
3305,Employee 3305,Female,52,Operations,Manager,2015-08-19,1107588,3,Yes,Diploma,Single,10,Yes,2,Ahmedabad
3306,Employee 3306,Male,53,Operations,Engineer,2022-01-05,681448,5,No,Bachelor,Single,4,No,3,Mumbai
3307,Employee 3307,Female,44,Operations,Manager,2026-01-21,313377,1,No,Bachelor,Single,0,Yes,3,Chennai
3308,Employee 3308,Female,42,Sales,Specialist,2022-11-12,1619070,2,No,Bachelor,Single,3,Yes,2,Hyderabad
3309,Employee 3309,Female,51,HR,Analyst,2016-06-26,508688,3,No,Diploma,Married,10,Yes,5,Delhi
3310,Employee 3310,Female,56,Operations,Executive,2016-02-22,1153715,5,No,Master,Single,10,No,1,Chennai
3311,Employee 3311,Male,29,Finance,Associate,2025-02-20,1673128,3,No,Diploma,Married,1,No,5,Hyderabad
3312,Employee 3312,Male,35,HR,Associate,2025-08-22,1544128,4,No,Bachelor,Single,0,Yes,1,Hyderabad
3313,Employee 3313,Male,53,Operations,Engineer,2024-08-10,1538720,3,No,Diploma,Married,1,Yes,3,Chennai
3314,Employee 3314,Female,32,HR,Associate,2021-03-14,1136608,4,No,Bachelor,Married,5,No,2,Mumbai
3315,Employee 3315,Female,50,Support,Executive,2021-06-28,1553094,1,Yes,Diploma,Single,5,No,4,Chennai
3316,Employee 3316,Female,40,Finance,Specialist,2023-04-21,520349,5,No,Diploma,Married,3,Yes,3,Delhi
3317,Employee 3317,Female,42,IT,Engineer,2018-11-04,263190,2,Yes,Master,Single,7,Yes,5,Bengaluru
3318,Employee 3318,Male,49,Support,Specialist,2024-11-05,1028436,4,No,Diploma,Single,1,No,1,Hyderabad
3319,Employee 3319,Male,41,HR,Manager,2021-01-04,356929,5,No,Bachelor,Single,5,No,3,Hyderabad
3320,Employee 3320,Male,25,HR,Executive,2017-02-05,920716,5,No,Bachelor,Single,5,Yes,2,Ahmedabad
3321,Employee 3321,Male,25,Marketing,Associate,2020-02-04,673495,4,No,Bachelor,Married,5,Yes,3,Hyderabad
3322,Employee 3322,Female,29,IT,Manager,2020-03-08,1014117,2,No,Bachelor,Single,6,No,4,Mumbai
3323,Employee 3323,Male,38,Support,Analyst,2015-11-22,284699,4,No,Bachelor,Married,10,No,1,Delhi
3324,Employee 3324,Male,41,Marketing,Analyst,2015-01-16,554020,3,No,Master,Single,11,Yes,5,Bengaluru
3325,Employee 3325,Male,36,Sales,Specialist,2016-02-13,1346362,2,No,Diploma,Single,10,No,4,Ahmedabad
3326,Employee 3326,Female,24,HR,Associate,2020-01-03,1007430,3,No,Master,Single,4,Yes,4,Chennai
3327,Employee 3327,Female,57,Marketing,Manager,2020-09-17,477939,1,No,Master,Married,5,No,1,Mumbai
3328,Employee 3328,Male,35,Finance,Associate,2025-05-31,906331,3,No,Master,Single,1,Yes,5,Mumbai
3329,Employee 3329,Male,39,HR,Executive,2022-12-01,720863,3,No,Bachelor,Married,3,Yes,5,Delhi
3330,Employee 3330,Male,23,Operations,Engineer,2022-12-24,1383517,1,No,Diploma,Married,3,Yes,1,Mumbai
3331,Employee 3331,Female,24,Marketing,Manager,2015-07-19,372182,3,No,Master,Married,4,Yes,3,Pune
3332,Employee 3332,Male,35,IT,Engineer,2023-09-08,282838,1,No,Bachelor,Single,2,No,3,Chennai
3333,Employee 3333,Female,35,Marketing,Associate,2015-10-15,1477858,1,No,Bachelor,Married,10,No,5,Pune
3334,Employee 3334,Male,26,Support,Specialist,2023-05-24,1066194,3,No,Bachelor,Single,3,Yes,1,Ahmedabad
3335,Employee 3335,Female,37,Marketing,Executive,2021-04-25,953591,5,No,Master,Single,5,No,1,Hyderabad
3336,Employee 3336,Male,25,Operations,Associate,2018-09-08,366335,4,No,Master,Single,5,No,3,Ahmedabad
3337,Employee 3337,Female,50,Operations,Manager,2022-02-03,1015526,4,Yes,Diploma,Married,4,Yes,5,Mumbai
3338,Employee 3338,Male,31,Support,Engineer,2022-02-20,974844,2,No,Diploma,Single,4,No,3,Chennai
3339,Employee 3339,Female,42,Operations,Associate,2022-09-25,752392,3,No,Master,Single,3,Yes,3,Mumbai
3340,Employee 3340,Male,54,HR,Specialist,2016-06-07,1690682,2,No,Bachelor,Married,10,No,5,Bengaluru
3341,Employee 3341,Female,37,HR,Engineer,2022-01-17,1423929,4,No,Master,Married,4,Yes,3,Pune
3342,Employee 3342,Male,25,Sales,Specialist,2016-05-04,561086,4,No,Diploma,Single,5,Yes,5,Chennai
3343,Employee 3343,Female,52,Operations,Specialist,2017-09-03,1758813,2,No,Bachelor,Single,8,Yes,4,Ahmedabad
3344,Employee 3344,Female,56,Sales,Executive,2019-10-08,522770,5,No,Diploma,Single,6,No,1,Pune
3345,Employee 3345,Female,40,Operations,Engineer,2019-12-13,817618,2,No,Diploma,Married,6,Yes,5,Ahmedabad
3346,Employee 3346,Male,30,Operations,Engineer,2021-08-12,1659651,2,No,Bachelor,Single,4,Yes,2,Chennai
3347,Employee 3347,Female,41,Support,Engineer,2021-10-31,498283,3,No,Master,Single,4,No,4,Hyderabad
3348,Employee 3348,Male,29,Marketing,Engineer,2015-11-16,1262610,1,Yes,Bachelor,Married,9,No,2,Hyderabad
3349,Employee 3349,Female,53,Support,Specialist,2018-01-05,664188,1,No,Diploma,Married,8,No,4,Ahmedabad
3350,Employee 3350,Female,56,Marketing,Executive,2016-11-01,1004969,4,Yes,Diploma,Single,9,Yes,3,Chennai
3351,Employee 3351,Female,56,IT,Manager,2016-03-09,359674,5,No,Bachelor,Married,10,No,1,Ahmedabad
3352,Employee 3352,Female,47,HR,Executive,2018-07-23,1493899,4,No,Bachelor,Single,7,Yes,2,Hyderabad
3353,Employee 3353,Male,30,Finance,Executive,2017-05-30,372217,2,No,Diploma,Single,9,Yes,3,Mumbai
3354,Employee 3354,Female,24,Sales,Associate,2023-08-14,1178784,1,No,Diploma,Single,2,Yes,4,Hyderabad
3355,Employee 3355,Male,60,IT,Analyst,2022-01-26,1344819,2,No,Bachelor,Married,4,Yes,3,Hyderabad
3356,Employee 3356,Male,59,HR,Analyst,2020-07-09,1168177,1,No,Master,Single,5,No,1,Delhi
3357,Employee 3357,Male,32,Finance,Associate,2020-09-21,1694240,1,No,Bachelor,Single,5,No,3,Ahmedabad
3358,Employee 3358,Male,58,IT,Analyst,2017-02-07,1173192,3,No,Bachelor,Single,9,Yes,5,Mumbai
3359,Employee 3359,Male,45,Sales,Associate,2023-11-08,434867,3,No,Bachelor,Married,2,No,5,Delhi
3360,Employee 3360,Male,45,Operations,Executive,2018-08-18,551733,3,No,Master,Married,7,Yes,1,Mumbai
3361,Employee 3361,Female,37,Operations,Executive,2019-11-20,259839,3,No,Master,Married,6,No,5,Pune
3362,Employee 3362,Female,34,HR,Associate,2015-07-30,871851,3,Yes,Diploma,Married,10,Yes,4,Chennai
3363,Employee 3363,Female,27,Operations,Executive,2023-10-21,1375562,5,No,Master,Married,2,Yes,3,Chennai
3364,Employee 3364,Female,39,Marketing,Associate,2025-08-27,1247230,4,No,Diploma,Married,0,No,5,Bengaluru
3365,Employee 3365,Male,54,Support,Specialist,2018-05-31,777807,3,No,Diploma,Single,8,No,3,Mumbai
3366,Employee 3366,Male,50,Support,Specialist,2018-04-13,1010274,2,No,Diploma,Married,8,No,4,Chennai
3367,Employee 3367,Male,21,HR,Specialist,2016-09-19,1776308,4,No,Bachelor,Single,1,Yes,5,Chennai
3368,Employee 3368,Male,53,Support,Analyst,2017-12-25,979244,4,No,Bachelor,Single,8,Yes,1,Chennai
3369,Employee 3369,Female,45,Operations,Associate,2021-03-30,1036489,3,No,Master,Single,5,No,2,Ahmedabad
3370,Employee 3370,Male,43,Sales,Executive,2023-03-19,1230691,5,Yes,Bachelor,Single,3,Yes,5,Chennai
3371,Employee 3371,Female,26,HR,Engineer,2025-12-19,1556438,3,No,Master,Single,0,No,1,Ahmedabad
3372,Employee 3372,Male,29,Finance,Manager,2025-11-14,1533192,4,No,Diploma,Single,0,No,2,Ahmedabad
3373,Employee 3373,Female,42,Support,Associate,2018-11-24,1707471,3,No,Bachelor,Single,7,No,5,Chennai
3374,Employee 3374,Male,41,Marketing,Associate,2019-04-25,1114354,5,Yes,Diploma,Single,7,Yes,1,Ahmedabad
3375,Employee 3375,Female,40,Finance,Associate,2019-12-23,556755,4,Yes,Diploma,Married,6,Yes,3,Pune
3376,Employee 3376,Male,28,IT,Analyst,2026-05-15,1714976,5,No,Bachelor,Single,0,Yes,4,Hyderabad
3377,Employee 3377,Female,32,Finance,Manager,2021-01-16,266890,3,No,Bachelor,Single,5,No,3,Mumbai
3378,Employee 3378,Male,60,Support,Manager,2026-02-16,1305150,1,No,Bachelor,Married,0,No,1,Pune
3379,Employee 3379,Male,43,HR,Manager,2017-03-31,1295362,4,No,Bachelor,Single,9,Yes,1,Delhi
3380,Employee 3380,Male,53,Marketing,Specialist,2026-04-28,1047181,2,No,Master,Married,0,No,1,Hyderabad
3381,Employee 3381,Female,48,Operations,Executive,2024-01-06,1333213,1,No,Master,Married,2,Yes,4,Hyderabad
3382,Employee 3382,Female,22,IT,Manager,2015-08-30,1085166,4,No,Master,Single,2,Yes,1,Bengaluru
3383,Employee 3383,Male,42,Operations,Executive,2020-10-09,488602,1,No,Diploma,Married,5,Yes,1,Ahmedabad
3384,Employee 3384,Female,54,HR,Engineer,2016-10-15,1730054,1,No,Diploma,Single,9,Yes,4,Bengaluru
3385,Employee 3385,Female,28,Support,Specialist,2024-03-26,1129585,5,No,Diploma,Married,2,No,3,Bengaluru
3386,Employee 3386,Male,55,Operations,Executive,2016-05-02,1403185,1,No,Bachelor,Single,10,No,1,Mumbai
3387,Employee 3387,Male,22,Support,Manager,2025-03-12,1506751,2,No,Diploma,Single,1,No,1,Bengaluru
3388,Employee 3388,Female,41,Sales,Engineer,2016-03-31,856634,2,No,Diploma,Single,10,Yes,3,Chennai
3389,Employee 3389,Female,49,IT,Specialist,2020-12-12,1565217,1,No,Master,Single,5,Yes,3,Pune
3390,Employee 3390,Female,50,Finance,Engineer,2017-12-21,1159032,1,Yes,Master,Single,8,No,2,Pune
3391,Employee 3391,Female,38,Finance,Specialist,2024-11-19,311266,4,No,Diploma,Married,1,Yes,2,Mumbai
3392,Employee 3392,Female,46,Sales,Associate,2015-06-07,573225,4,No,Diploma,Single,11,No,5,Hyderabad
3393,Employee 3393,Female,49,Sales,Associate,2018-12-14,972866,4,Yes,Master,Married,7,Yes,3,Chennai
3394,Employee 3394,Male,44,Finance,Manager,2023-01-08,1438400,5,No,Master,Single,3,Yes,3,Mumbai
3395,Employee 3395,Male,43,Sales,Engineer,2015-05-10,1748193,5,No,Master,Married,11,No,2,Pune
3396,Employee 3396,Male,25,HR,Executive,2015-07-26,1523962,4,No,Master,Single,5,No,5,Bengaluru
3397,Employee 3397,Female,43,Marketing,Engineer,2022-03-21,737241,4,No,Diploma,Married,4,No,4,Pune
3398,Employee 3398,Male,47,HR,Manager,2017-05-14,1247989,4,No,Bachelor,Married,9,Yes,4,Chennai
3399,Employee 3399,Male,37,Sales,Specialist,2018-01-18,642973,4,No,Diploma,Single,8,No,2,Ahmedabad
3400,Employee 3400,Male,36,Operations,Executive,2018-05-27,986169,4,No,Bachelor,Married,8,No,1,Delhi
3401,Employee 3401,Female,41,Finance,Associate,2022-05-21,898317,4,No,Diploma,Married,4,Yes,2,Hyderabad
3402,Employee 3402,Male,36,IT,Specialist,2023-10-10,549900,5,No,Bachelor,Married,2,No,3,Mumbai
3403,Employee 3403,Female,58,HR,Engineer,2023-08-27,456239,4,No,Master,Single,2,No,4,Ahmedabad
3404,Employee 3404,Male,58,Marketing,Associate,2024-11-05,494896,2,No,Bachelor,Married,1,No,3,Pune
3405,Employee 3405,Female,41,Operations,Manager,2017-02-06,1351262,5,No,Master,Married,9,No,5,Chennai
3406,Employee 3406,Female,34,IT,Engineer,2026-02-24,1674233,2,No,Diploma,Single,0,Yes,3,Mumbai
3407,Employee 3407,Female,28,Marketing,Manager,2017-09-17,1370649,4,No,Diploma,Single,8,No,4,Hyderabad
3408,Employee 3408,Female,23,Sales,Manager,2020-11-04,367952,4,No,Diploma,Married,3,No,3,Bengaluru
3409,Employee 3409,Female,30,Marketing,Executive,2020-07-20,694000,1,No,Bachelor,Single,5,Yes,1,Pune
3410,Employee 3410,Female,34,Marketing,Specialist,2024-12-21,1190193,5,No,Diploma,Single,1,Yes,5,Chennai
3411,Employee 3411,Female,48,Operations,Analyst,2026-04-30,800306,2,No,Diploma,Married,0,Yes,3,Ahmedabad
3412,Employee 3412,Male,45,Operations,Manager,2023-09-06,1158882,5,Yes,Master,Married,2,Yes,5,Bengaluru
3413,Employee 3413,Female,53,Sales,Analyst,2025-01-08,1629523,3,Yes,Diploma,Single,1,No,2,Bengaluru
3414,Employee 3414,Female,57,Support,Executive,2017-03-05,1651577,5,No,Bachelor,Married,9,Yes,5,Pune
3415,Employee 3415,Female,23,Sales,Associate,2017-07-11,1099308,2,No,Bachelor,Single,3,No,1,Mumbai
3416,Employee 3416,Female,41,HR,Analyst,2016-04-08,1533396,1,No,Diploma,Single,10,Yes,2,Mumbai
3417,Employee 3417,Male,21,Finance,Associate,2017-07-17,665605,3,No,Master,Single,1,No,2,Bengaluru
3418,Employee 3418,Male,52,IT,Manager,2026-04-26,361257,2,No,Diploma,Single,0,Yes,3,Bengaluru
3419,Employee 3419,Male,45,Finance,Specialist,2019-06-08,590738,5,Yes,Bachelor,Married,7,No,2,Pune
3420,Employee 3420,Male,46,Operations,Specialist,2018-08-08,1649380,3,No,Bachelor,Married,7,No,3,Delhi
3421,Employee 3421,Male,60,HR,Engineer,2025-05-08,487381,2,No,Bachelor,Married,1,Yes,2,Chennai
3422,Employee 3422,Male,50,Support,Analyst,2025-09-22,1077002,1,No,Master,Single,0,Yes,4,Hyderabad
3423,Employee 3423,Male,45,Marketing,Engineer,2018-01-17,1573845,1,No,Bachelor,Married,8,No,2,Delhi
3424,Employee 3424,Male,27,HR,Manager,2020-04-06,864035,2,No,Master,Married,6,Yes,5,Hyderabad
3425,Employee 3425,Female,21,IT,Associate,2020-08-22,1414391,4,No,Bachelor,Married,1,No,3,Pune
3426,Employee 3426,Male,53,Sales,Associate,2020-11-30,1130522,5,No,Diploma,Married,5,No,4,Bengaluru
3427,Employee 3427,Female,32,HR,Associate,2018-02-04,894984,5,No,Master,Married,8,Yes,1,Bengaluru
3428,Employee 3428,Female,34,HR,Associate,2019-11-06,680847,4,Yes,Diploma,Married,6,Yes,5,Chennai
3429,Employee 3429,Female,32,Operations,Executive,2016-06-10,1642654,3,Yes,Master,Single,10,Yes,1,Hyderabad
3430,Employee 3430,Male,41,HR,Engineer,2025-10-18,396013,1,No,Diploma,Single,0,Yes,2,Delhi
3431,Employee 3431,Female,46,Support,Executive,2016-05-27,683266,3,Yes,Diploma,Married,10,Yes,2,Pune
3432,Employee 3432,Female,38,Finance,Executive,2018-01-17,531145,5,Yes,Master,Married,8,Yes,3,Pune
3433,Employee 3433,Male,37,Sales,Specialist,2020-03-25,653241,3,No,Diploma,Married,6,No,2,Ahmedabad
3434,Employee 3434,Male,22,Finance,Specialist,2025-05-12,1299724,5,No,Master,Married,1,No,1,Bengaluru
3435,Employee 3435,Male,59,IT,Engineer,2025-05-12,1538376,3,No,Diploma,Married,1,Yes,1,Delhi
3436,Employee 3436,Male,43,Support,Analyst,2025-02-07,925726,4,No,Bachelor,Married,1,No,4,Bengaluru
3437,Employee 3437,Female,58,Operations,Associate,2025-01-29,1184732,5,No,Diploma,Single,1,No,1,Bengaluru
3438,Employee 3438,Male,59,Finance,Associate,2020-07-17,863982,1,No,Master,Married,5,No,2,Pune
3439,Employee 3439,Female,31,HR,Manager,2017-10-11,1318611,3,No,Master,Single,8,No,4,Pune
3440,Employee 3440,Female,23,IT,Engineer,2019-08-31,305749,5,Yes,Master,Single,3,No,3,Pune
3441,Employee 3441,Female,23,Marketing,Associate,2026-06-12,306379,2,Yes,Bachelor,Single,0,No,5,Bengaluru
3442,Employee 3442,Male,49,Sales,Analyst,2017-10-26,1206501,3,No,Bachelor,Married,8,Yes,3,Ahmedabad
3443,Employee 3443,Male,25,Sales,Executive,2022-02-11,778294,2,No,Diploma,Married,4,No,2,Hyderabad
3444,Employee 3444,Male,22,Sales,Manager,2019-08-18,973271,1,No,Master,Single,2,No,4,Pune
3445,Employee 3445,Male,21,HR,Specialist,2017-10-31,913924,1,No,Diploma,Single,1,Yes,5,Chennai
3446,Employee 3446,Male,47,IT,Engineer,2020-01-26,645316,4,Yes,Master,Single,6,No,1,Mumbai
3447,Employee 3447,Male,28,Operations,Executive,2020-03-24,564191,4,No,Diploma,Married,6,No,4,Pune
3448,Employee 3448,Female,52,HR,Executive,2025-11-06,793746,2,No,Bachelor,Single,0,Yes,1,Pune
3449,Employee 3449,Female,40,HR,Associate,2019-05-01,1218853,5,No,Master,Married,7,No,1,Mumbai
3450,Employee 3450,Female,44,Support,Executive,2023-06-17,350060,2,No,Bachelor,Single,3,Yes,4,Pune
3451,Employee 3451,Male,42,Sales,Manager,2022-09-21,1000638,5,No,Master,Single,3,Yes,1,Hyderabad
3452,Employee 3452,Male,32,Operations,Manager,2023-10-07,1004968,4,No,Bachelor,Married,2,Yes,1,Ahmedabad
3453,Employee 3453,Male,25,Support,Engineer,2022-08-19,438802,2,No,Diploma,Single,3,No,3,Ahmedabad
3454,Employee 3454,Female,43,Support,Engineer,2023-12-23,946111,4,No,Diploma,Single,2,Yes,3,Hyderabad
3455,Employee 3455,Male,42,Marketing,Executive,2018-11-28,1263178,4,No,Diploma,Single,7,Yes,5,Chennai
3456,Employee 3456,Female,32,HR,Analyst,2022-08-20,795012,2,No,Bachelor,Single,3,No,3,Pune
3457,Employee 3457,Male,47,Operations,Analyst,2020-07-07,1584527,2,No,Master,Married,5,No,2,Bengaluru
3458,Employee 3458,Male,41,HR,Executive,2015-03-05,1321151,2,No,Master,Married,11,No,5,Ahmedabad
3459,Employee 3459,Male,53,IT,Associate,2016-10-17,1229109,3,Yes,Diploma,Single,9,Yes,3,Delhi
3460,Employee 3460,Female,21,Marketing,Manager,2025-05-23,967153,3,No,Master,Married,1,No,2,Hyderabad
3461,Employee 3461,Female,57,Finance,Executive,2023-11-01,1550018,2,No,Bachelor,Single,2,No,3,Chennai
3462,Employee 3462,Male,38,Sales,Specialist,2022-04-05,489603,5,No,Diploma,Married,4,Yes,2,Mumbai
3463,Employee 3463,Male,27,IT,Associate,2016-11-16,1534750,1,Yes,Master,Married,7,Yes,4,Ahmedabad
3464,Employee 3464,Male,23,Finance,Associate,2025-01-04,488871,1,No,Bachelor,Single,1,No,1,Delhi
3465,Employee 3465,Female,30,Operations,Manager,2023-02-05,1636066,3,No,Diploma,Married,3,Yes,4,Bengaluru
3466,Employee 3466,Female,52,Sales,Manager,2019-06-19,1780967,1,No,Master,Single,7,Yes,5,Bengaluru
3467,Employee 3467,Female,59,Support,Engineer,2018-10-21,1146951,2,Yes,Bachelor,Married,7,Yes,4,Bengaluru
3468,Employee 3468,Male,25,Operations,Executive,2017-08-26,1191414,4,No,Master,Single,5,No,5,Chennai
3469,Employee 3469,Female,30,Finance,Executive,2020-06-28,1238593,4,No,Master,Married,6,Yes,2,Bengaluru
3470,Employee 3470,Female,47,Sales,Manager,2018-03-25,1516324,3,No,Diploma,Single,8,No,1,Chennai
3471,Employee 3471,Male,49,Finance,Associate,2019-10-26,571948,3,No,Diploma,Single,6,Yes,1,Delhi
3472,Employee 3472,Female,39,Sales,Executive,2022-11-23,469867,5,No,Bachelor,Single,3,No,1,Bengaluru
3473,Employee 3473,Male,51,Operations,Executive,2020-07-18,362033,1,No,Diploma,Married,5,No,1,Ahmedabad
3474,Employee 3474,Female,46,Sales,Specialist,2023-12-26,506702,5,No,Bachelor,Married,2,No,5,Pune
3475,Employee 3475,Male,27,Marketing,Specialist,2019-10-14,1063614,4,No,Master,Single,6,No,1,Delhi
3476,Employee 3476,Male,29,Marketing,Analyst,2023-07-15,277568,5,Yes,Bachelor,Married,2,Yes,4,Ahmedabad
3477,Employee 3477,Male,42,Support,Analyst,2018-06-30,1202838,4,No,Master,Single,8,No,4,Delhi
3478,Employee 3478,Female,26,Finance,Engineer,2023-04-24,359069,1,Yes,Master,Single,3,No,1,Ahmedabad
3479,Employee 3479,Male,59,HR,Analyst,2020-10-31,1081477,3,No,Bachelor,Single,5,No,2,Mumbai
3480,Employee 3480,Female,56,Marketing,Engineer,2018-07-25,986259,5,No,Bachelor,Married,7,Yes,2,Chennai
3481,Employee 3481,Female,39,HR,Engineer,2015-04-26,1542055,1,No,Diploma,Single,11,No,4,Mumbai
3482,Employee 3482,Male,57,HR,Analyst,2019-03-01,401021,5,No,Bachelor,Single,7,Yes,1,Delhi
3483,Employee 3483,Male,37,IT,Associate,2021-02-08,666859,3,Yes,Master,Married,5,Yes,4,Chennai
3484,Employee 3484,Female,23,IT,Executive,2020-12-05,1367768,2,Yes,Bachelor,Married,3,Yes,2,Hyderabad
3485,Employee 3485,Female,36,Sales,Manager,2020-02-14,1471659,5,No,Bachelor,Single,6,Yes,1,Delhi
3486,Employee 3486,Male,38,Operations,Specialist,2015-03-31,771625,2,No,Master,Married,11,Yes,5,Hyderabad
3487,Employee 3487,Male,46,Finance,Associate,2017-08-17,1112706,4,No,Bachelor,Single,8,No,2,Pune
3488,Employee 3488,Female,56,Marketing,Engineer,2022-07-21,1319036,2,No,Master,Married,3,No,3,Mumbai
3489,Employee 3489,Male,56,Operations,Manager,2020-12-13,867460,2,No,Diploma,Married,5,Yes,4,Chennai
3490,Employee 3490,Female,58,Support,Specialist,2023-03-16,1133410,3,No,Diploma,Married,3,Yes,3,Ahmedabad
3491,Employee 3491,Male,50,Marketing,Analyst,2021-02-13,1715282,4,Yes,Bachelor,Married,5,No,4,Hyderabad
3492,Employee 3492,Female,42,Marketing,Specialist,2024-11-08,1708692,1,No,Master,Single,1,No,3,Delhi
3493,Employee 3493,Male,44,HR,Executive,2022-09-04,1737533,4,No,Diploma,Married,3,No,5,Delhi
3494,Employee 3494,Male,57,IT,Manager,2022-12-30,371705,1,No,Bachelor,Single,3,No,3,Hyderabad
3495,Employee 3495,Female,40,Operations,Analyst,2018-07-06,275460,5,No,Bachelor,Married,7,No,4,Chennai
3496,Employee 3496,Male,39,Finance,Manager,2022-07-02,1426165,1,No,Master,Single,4,No,5,Ahmedabad
3497,Employee 3497,Female,26,IT,Associate,2020-01-06,1453568,5,No,Diploma,Single,6,No,1,Bengaluru
3498,Employee 3498,Female,41,IT,Engineer,2023-08-26,1263143,2,No,Diploma,Married,2,No,1,Hyderabad
3499,Employee 3499,Female,48,Finance,Engineer,2026-04-12,1493168,1,No,Diploma,Single,0,No,5,Pune
3500,Employee 3500,Female,58,Support,Analyst,2016-03-24,1509343,5,No,Diploma,Single,10,No,1,Ahmedabad
3501,Employee 3501,Male,49,Operations,Executive,2017-03-30,1605648,4,Yes,Bachelor,Married,9,Yes,4,Delhi
3502,Employee 3502,Male,44,Support,Engineer,2020-10-25,1751066,2,Yes,Master,Single,5,No,4,Chennai
3503,Employee 3503,Female,30,Finance,Engineer,2019-01-26,1303478,1,No,Bachelor,Married,7,No,3,Ahmedabad
3504,Employee 3504,Female,23,Finance,Manager,2017-03-13,1258478,4,No,Diploma,Single,3,Yes,4,Delhi
3505,Employee 3505,Male,58,HR,Engineer,2016-08-17,468898,1,No,Diploma,Married,9,No,4,Chennai
3506,Employee 3506,Female,32,IT,Specialist,2020-06-17,916167,5,No,Master,Single,6,Yes,4,Ahmedabad
3507,Employee 3507,Female,60,IT,Manager,2018-08-23,939035,3,No,Master,Married,7,Yes,2,Ahmedabad
3508,Employee 3508,Female,56,Sales,Specialist,2023-08-26,528592,4,No,Master,Married,2,No,2,Bengaluru
3509,Employee 3509,Female,31,IT,Manager,2015-05-25,1304848,3,No,Bachelor,Married,11,No,1,Hyderabad
3510,Employee 3510,Male,46,Support,Analyst,2025-05-06,997274,3,Yes,Bachelor,Married,1,Yes,2,Delhi
3511,Employee 3511,Male,49,Marketing,Specialist,2024-03-10,1716525,1,No,Bachelor,Single,2,No,5,Mumbai
3512,Employee 3512,Male,22,Operations,Analyst,2022-09-03,1504870,2,Yes,Diploma,Married,2,No,5,Bengaluru
3513,Employee 3513,Female,59,Marketing,Manager,2025-08-17,1554949,2,No,Master,Married,0,No,2,Ahmedabad
3514,Employee 3514,Male,53,Sales,Specialist,2018-10-19,997554,2,No,Master,Single,7,No,4,Pune
3515,Employee 3515,Female,40,Support,Executive,2022-09-07,1797240,3,No,Master,Married,3,No,4,Delhi
3516,Employee 3516,Male,53,Sales,Engineer,2021-01-31,545647,5,No,Diploma,Married,5,Yes,2,Bengaluru
3517,Employee 3517,Male,37,Marketing,Associate,2019-12-17,1580782,5,No,Master,Single,6,Yes,1,Mumbai
3518,Employee 3518,Male,34,HR,Analyst,2017-02-24,820062,3,No,Bachelor,Single,9,No,4,Bengaluru
3519,Employee 3519,Male,47,HR,Associate,2018-09-27,1340237,3,No,Master,Married,7,No,4,Mumbai
3520,Employee 3520,Male,27,IT,Executive,2021-07-21,1532038,5,No,Diploma,Single,4,Yes,4,Hyderabad
3521,Employee 3521,Female,56,Marketing,Engineer,2023-06-14,1746298,3,No,Bachelor,Single,3,No,2,Hyderabad
3522,Employee 3522,Female,41,Finance,Analyst,2016-01-09,644537,5,Yes,Diploma,Married,10,Yes,3,Mumbai
3523,Employee 3523,Male,51,Sales,Specialist,2021-11-20,1381701,1,No,Bachelor,Married,4,Yes,3,Ahmedabad
3524,Employee 3524,Male,52,Sales,Associate,2024-09-30,970442,3,No,Bachelor,Married,1,No,1,Pune
3525,Employee 3525,Male,43,Sales,Engineer,2016-10-19,1717190,5,No,Diploma,Married,9,Yes,4,Bengaluru
3526,Employee 3526,Male,27,Marketing,Engineer,2025-01-04,680653,4,No,Master,Married,1,Yes,3,Mumbai
3527,Employee 3527,Female,22,IT,Engineer,2022-11-06,1346122,2,Yes,Bachelor,Married,2,Yes,2,Chennai
3528,Employee 3528,Male,35,Sales,Analyst,2015-09-13,1108952,1,No,Master,Married,10,No,4,Pune
3529,Employee 3529,Female,28,HR,Manager,2025-01-19,310920,4,No,Master,Married,1,Yes,5,Mumbai
3530,Employee 3530,Male,26,Sales,Manager,2023-03-08,1569781,2,No,Master,Single,3,No,5,Mumbai
3531,Employee 3531,Male,39,HR,Executive,2018-06-22,1435740,4,No,Bachelor,Single,8,No,1,Hyderabad
3532,Employee 3532,Female,50,IT,Specialist,2019-06-14,1034654,4,No,Diploma,Married,7,Yes,5,Delhi
3533,Employee 3533,Male,43,Finance,Specialist,2016-10-29,843923,3,No,Diploma,Married,9,Yes,4,Chennai
3534,Employee 3534,Female,36,IT,Manager,2015-10-16,1236246,3,No,Master,Married,10,No,3,Mumbai
3535,Employee 3535,Female,41,IT,Specialist,2025-03-25,1116381,1,Yes,Diploma,Single,1,Yes,5,Bengaluru
3536,Employee 3536,Male,38,HR,Associate,2021-04-07,1620410,4,No,Master,Single,5,No,4,Hyderabad
3537,Employee 3537,Female,39,Finance,Manager,2025-01-06,1325624,3,No,Bachelor,Single,1,No,2,Pune
3538,Employee 3538,Female,56,IT,Analyst,2022-08-19,437637,2,No,Bachelor,Single,3,Yes,1,Ahmedabad
3539,Employee 3539,Female,49,HR,Analyst,2020-10-14,1451937,5,No,Master,Single,5,Yes,5,Bengaluru
3540,Employee 3540,Male,36,Finance,Analyst,2015-10-27,1043276,5,No,Diploma,Married,10,No,3,Ahmedabad
3541,Employee 3541,Male,51,Finance,Specialist,2020-03-13,831779,2,No,Bachelor,Married,6,Yes,1,Bengaluru
3542,Employee 3542,Male,22,HR,Engineer,2023-02-02,1201743,3,No,Diploma,Single,2,Yes,1,Hyderabad
3543,Employee 3543,Female,30,Support,Engineer,2016-05-09,576626,4,No,Bachelor,Married,10,Yes,3,Mumbai
3544,Employee 3544,Female,28,Finance,Engineer,2016-10-10,926128,2,No,Diploma,Single,8,Yes,4,Delhi
3545,Employee 3545,Male,55,IT,Manager,2025-09-01,1602863,4,No,Bachelor,Married,0,No,3,Pune
3546,Employee 3546,Male,37,HR,Engineer,2021-07-02,334383,1,No,Bachelor,Married,5,No,4,Mumbai
3547,Employee 3547,Female,38,IT,Associate,2021-09-24,1164748,1,Yes,Master,Single,4,Yes,1,Bengaluru
3548,Employee 3548,Male,50,Sales,Specialist,2025-10-13,1520501,5,No,Master,Married,0,No,3,Mumbai
3549,Employee 3549,Female,33,Marketing,Associate,2022-08-30,711328,1,No,Master,Married,3,No,4,Delhi
3550,Employee 3550,Male,48,Support,Engineer,2019-01-10,1388507,2,No,Diploma,Single,7,No,3,Mumbai
3551,Employee 3551,Male,49,HR,Associate,2015-03-27,1077727,1,No,Bachelor,Single,11,No,5,Ahmedabad
3552,Employee 3552,Female,56,Operations,Associate,2016-12-21,1686728,3,No,Master,Married,9,No,1,Mumbai
3553,Employee 3553,Male,40,Marketing,Analyst,2023-04-29,1509375,2,No,Diploma,Single,3,No,5,Bengaluru
3554,Employee 3554,Male,33,Finance,Specialist,2023-06-26,1018165,2,No,Bachelor,Single,3,No,4,Delhi
3555,Employee 3555,Male,23,Operations,Manager,2025-11-17,1750984,4,No,Bachelor,Married,0,Yes,1,Mumbai
3556,Employee 3556,Male,30,Sales,Associate,2023-10-29,1360152,1,Yes,Master,Single,2,Yes,4,Pune
3557,Employee 3557,Male,27,Support,Associate,2025-11-17,868213,3,No,Diploma,Single,0,Yes,1,Delhi
3558,Employee 3558,Male,21,Marketing,Associate,2025-09-04,504712,2,Yes,Bachelor,Single,0,Yes,2,Mumbai
3559,Employee 3559,Female,41,Finance,Manager,2025-12-03,578757,5,No,Master,Married,0,No,3,Bengaluru
3560,Employee 3560,Male,44,Finance,Analyst,2022-06-10,436916,4,No,Diploma,Single,4,Yes,3,Pune
3561,Employee 3561,Male,53,Finance,Analyst,2024-09-10,1139753,2,No,Bachelor,Single,1,No,3,Mumbai
3562,Employee 3562,Female,31,Finance,Executive,2020-07-04,386313,1,No,Bachelor,Single,5,Yes,5,Ahmedabad
3563,Employee 3563,Male,25,Support,Manager,2023-10-18,605464,4,Yes,Master,Married,2,No,1,Chennai
3564,Employee 3564,Female,50,IT,Associate,2024-12-30,389740,5,No,Master,Single,1,Yes,2,Ahmedabad
3565,Employee 3565,Female,40,IT,Executive,2017-11-08,1155324,5,Yes,Bachelor,Married,8,Yes,5,Bengaluru
3566,Employee 3566,Male,44,Sales,Analyst,2015-12-19,1571711,4,No,Master,Married,10,Yes,2,Hyderabad
3567,Employee 3567,Male,24,Sales,Associate,2021-07-18,1505039,3,No,Master,Single,4,No,4,Mumbai
3568,Employee 3568,Female,25,Support,Executive,2022-02-19,1354646,4,No,Bachelor,Married,4,Yes,5,Hyderabad
3569,Employee 3569,Male,56,IT,Specialist,2020-08-24,1736617,5,No,Master,Married,5,No,4,Pune
3570,Employee 3570,Female,34,HR,Engineer,2021-10-15,1798662,1,No,Diploma,Married,4,Yes,1,Delhi
3571,Employee 3571,Male,57,Operations,Specialist,2019-09-27,325710,4,No,Bachelor,Single,6,No,1,Delhi
3572,Employee 3572,Female,44,Sales,Executive,2018-01-29,1660818,3,No,Diploma,Married,8,Yes,4,Mumbai
3573,Employee 3573,Female,51,IT,Executive,2015-10-18,1374285,4,No,Bachelor,Single,10,Yes,5,Mumbai
3574,Employee 3574,Male,31,Finance,Analyst,2019-10-26,648070,4,No,Master,Married,6,No,3,Mumbai
3575,Employee 3575,Female,29,HR,Specialist,2022-07-02,1551981,5,No,Bachelor,Single,4,No,5,Bengaluru
3576,Employee 3576,Male,27,Operations,Manager,2021-01-29,755914,2,No,Master,Single,5,Yes,5,Hyderabad
3577,Employee 3577,Male,58,Sales,Associate,2017-06-09,285684,3,No,Diploma,Married,9,Yes,3,Pune
3578,Employee 3578,Female,57,HR,Manager,2015-04-05,417989,5,No,Bachelor,Single,11,No,2,Ahmedabad
3579,Employee 3579,Male,57,Marketing,Associate,2023-11-18,880376,4,No,Master,Single,2,No,4,Mumbai
3580,Employee 3580,Female,53,IT,Manager,2017-12-09,265817,2,No,Master,Single,8,No,1,Pune
3581,Employee 3581,Female,53,HR,Specialist,2022-09-22,1700349,5,Yes,Diploma,Married,3,Yes,4,Pune
3582,Employee 3582,Female,52,Marketing,Executive,2017-11-12,437535,4,No,Master,Married,8,Yes,3,Ahmedabad
3583,Employee 3583,Male,29,IT,Manager,2016-09-30,319437,1,No,Bachelor,Single,9,No,1,Hyderabad
3584,Employee 3584,Female,21,IT,Manager,2018-05-30,900006,1,No,Bachelor,Single,1,Yes,4,Mumbai
3585,Employee 3585,Female,60,HR,Executive,2017-03-07,293541,3,No,Bachelor,Single,9,No,4,Pune
3586,Employee 3586,Male,35,Sales,Engineer,2020-07-24,1541742,2,Yes,Master,Married,5,No,3,Chennai
3587,Employee 3587,Male,32,Finance,Manager,2024-08-10,1338863,1,No,Bachelor,Single,1,Yes,3,Chennai
3588,Employee 3588,Female,44,Support,Executive,2020-06-12,519540,5,No,Master,Married,6,No,4,Ahmedabad
3589,Employee 3589,Female,22,Sales,Analyst,2023-01-23,954810,3,No,Bachelor,Single,2,No,4,Bengaluru
3590,Employee 3590,Male,38,Marketing,Analyst,2021-04-25,844415,3,No,Master,Married,5,Yes,2,Hyderabad
3591,Employee 3591,Male,53,Operations,Manager,2019-08-25,295285,1,No,Diploma,Single,6,No,5,Bengaluru
3592,Employee 3592,Male,31,Finance,Executive,2025-01-19,1188506,2,No,Master,Married,1,No,2,Chennai
3593,Employee 3593,Male,27,Operations,Associate,2017-01-21,810773,4,No,Bachelor,Married,7,No,2,Chennai
3594,Employee 3594,Male,56,HR,Analyst,2017-01-10,1739780,4,No,Diploma,Single,9,Yes,5,Bengaluru
3595,Employee 3595,Female,29,IT,Engineer,2016-10-26,734451,5,No,Bachelor,Married,9,Yes,4,Mumbai
3596,Employee 3596,Female,60,Operations,Specialist,2017-05-22,1775352,3,No,Master,Single,9,Yes,4,Mumbai
3597,Employee 3597,Male,53,Support,Executive,2024-03-29,827830,3,No,Master,Married,2,No,3,Ahmedabad
3598,Employee 3598,Male,50,Finance,Associate,2020-02-12,1198135,3,No,Bachelor,Single,6,No,1,Chennai
3599,Employee 3599,Female,56,Operations,Analyst,2015-05-20,1175825,2,No,Diploma,Single,11,No,2,Delhi
3600,Employee 3600,Female,33,HR,Specialist,2015-10-15,1575428,3,No,Master,Single,10,No,2,Delhi
3601,Employee 3601,Male,28,IT,Associate,2022-11-29,1753289,5,No,Bachelor,Married,3,Yes,2,Bengaluru
3602,Employee 3602,Male,54,Marketing,Executive,2021-01-13,1740112,2,No,Bachelor,Single,5,Yes,4,Bengaluru
3603,Employee 3603,Female,25,Sales,Executive,2021-03-10,1361824,1,No,Diploma,Married,5,Yes,1,Bengaluru
3604,Employee 3604,Male,32,IT,Associate,2019-09-02,1431162,4,Yes,Bachelor,Married,6,No,3,Mumbai
3605,Employee 3605,Female,51,IT,Specialist,2017-09-29,1575938,1,No,Master,Married,8,No,3,Chennai
3606,Employee 3606,Male,41,Finance,Executive,2023-01-12,457630,5,No,Master,Married,3,No,1,Mumbai
3607,Employee 3607,Male,57,Finance,Manager,2024-10-19,301932,2,No,Diploma,Single,1,Yes,3,Ahmedabad
3608,Employee 3608,Female,54,Sales,Analyst,2017-04-06,1209044,5,No,Bachelor,Married,9,Yes,3,Mumbai
3609,Employee 3609,Female,26,HR,Executive,2025-06-17,1751844,1,Yes,Master,Single,1,Yes,1,Delhi
3610,Employee 3610,Male,27,HR,Analyst,2026-02-11,1444034,5,No,Bachelor,Married,0,No,5,Delhi
3611,Employee 3611,Female,24,Support,Executive,2022-05-07,1089587,1,No,Bachelor,Married,4,Yes,1,Hyderabad
3612,Employee 3612,Male,45,Sales,Associate,2022-04-14,1284196,5,No,Diploma,Single,4,No,4,Chennai
3613,Employee 3613,Male,45,HR,Specialist,2020-04-16,1610686,3,No,Diploma,Married,6,Yes,4,Delhi
3614,Employee 3614,Female,54,Marketing,Associate,2017-05-02,1237264,3,No,Diploma,Married,9,No,3,Pune
3615,Employee 3615,Female,45,IT,Engineer,2019-01-05,890217,1,No,Master,Married,7,Yes,5,Mumbai
3616,Employee 3616,Female,35,Support,Engineer,2021-04-21,812462,5,Yes,Bachelor,Single,5,Yes,2,Pune
3617,Employee 3617,Female,59,Support,Manager,2021-12-02,1219599,5,Yes,Bachelor,Single,4,Yes,3,Pune
3618,Employee 3618,Male,40,Finance,Manager,2024-09-24,1115679,4,No,Master,Single,1,No,3,Pune
3619,Employee 3619,Male,39,Finance,Analyst,2016-06-14,461806,2,No,Master,Single,10,No,2,Bengaluru
3620,Employee 3620,Male,45,Sales,Engineer,2020-03-18,1000205,5,No,Diploma,Single,6,No,5,Hyderabad
3621,Employee 3621,Male,37,Finance,Executive,2025-09-17,977532,1,No,Diploma,Single,0,Yes,5,Pune
3622,Employee 3622,Male,36,Finance,Engineer,2020-06-29,1351132,3,Yes,Diploma,Married,6,No,2,Mumbai
3623,Employee 3623,Female,30,Finance,Executive,2025-04-14,521795,3,Yes,Diploma,Single,1,No,5,Bengaluru
3624,Employee 3624,Male,22,Operations,Manager,2021-06-17,1143491,2,No,Diploma,Married,2,No,3,Mumbai
3625,Employee 3625,Male,30,HR,Executive,2023-08-18,1754208,4,No,Bachelor,Single,2,No,3,Chennai
3626,Employee 3626,Male,28,Support,Associate,2020-01-11,1394108,5,No,Bachelor,Single,6,No,2,Ahmedabad
3627,Employee 3627,Male,25,Support,Executive,2019-01-30,257476,1,No,Master,Single,5,No,2,Mumbai
3628,Employee 3628,Female,36,Finance,Associate,2016-07-01,1645026,2,Yes,Diploma,Married,10,No,2,Bengaluru
3629,Employee 3629,Male,46,Operations,Executive,2025-09-01,1614610,3,No,Master,Single,0,Yes,1,Delhi
3630,Employee 3630,Female,58,Sales,Specialist,2017-04-21,1460833,3,No,Master,Married,9,No,2,Bengaluru
3631,Employee 3631,Male,28,Marketing,Specialist,2019-05-28,656178,3,No,Master,Single,7,No,1,Bengaluru
3632,Employee 3632,Female,45,Operations,Analyst,2015-03-19,1553860,1,No,Bachelor,Single,11,No,2,Chennai
3633,Employee 3633,Male,58,IT,Analyst,2023-03-27,704775,3,Yes,Bachelor,Married,3,Yes,4,Mumbai
3634,Employee 3634,Male,28,IT,Executive,2020-06-01,874813,2,Yes,Diploma,Married,6,Yes,3,Pune
3635,Employee 3635,Male,25,Operations,Engineer,2019-12-24,462764,1,No,Bachelor,Single,5,Yes,2,Chennai
3636,Employee 3636,Male,25,IT,Manager,2015-08-13,911890,2,No,Diploma,Married,5,No,1,Bengaluru
3637,Employee 3637,Male,52,IT,Analyst,2018-07-16,1759680,5,No,Bachelor,Married,7,No,1,Mumbai
3638,Employee 3638,Male,29,HR,Analyst,2016-06-05,545319,4,No,Diploma,Single,9,Yes,1,Chennai
3639,Employee 3639,Male,24,HR,Engineer,2023-04-28,1615937,2,No,Master,Married,3,No,1,Delhi
3640,Employee 3640,Male,42,Sales,Executive,2023-11-19,1414229,1,No,Bachelor,Married,2,No,4,Chennai
3641,Employee 3641,Male,40,IT,Executive,2015-07-27,1729060,5,No,Bachelor,Single,10,No,3,Mumbai
3642,Employee 3642,Female,43,Finance,Manager,2021-08-01,415668,2,No,Diploma,Single,4,No,5,Ahmedabad
3643,Employee 3643,Female,45,Support,Associate,2015-10-22,277280,3,No,Diploma,Married,10,Yes,2,Hyderabad
3644,Employee 3644,Female,56,Support,Engineer,2023-01-26,917493,4,No,Master,Single,3,No,2,Pune
3645,Employee 3645,Female,32,Operations,Manager,2026-06-14,1405436,5,Yes,Diploma,Married,0,No,5,Hyderabad
3646,Employee 3646,Male,38,Support,Analyst,2019-07-03,519925,3,No,Diploma,Single,7,Yes,2,Bengaluru
3647,Employee 3647,Female,31,IT,Executive,2025-08-23,920720,2,Yes,Bachelor,Single,0,Yes,1,Bengaluru
3648,Employee 3648,Female,43,IT,Manager,2024-03-31,265731,1,Yes,Diploma,Married,2,Yes,5,Hyderabad
3649,Employee 3649,Male,53,IT,Manager,2025-05-03,1287700,3,No,Diploma,Married,1,No,2,Bengaluru
3650,Employee 3650,Female,50,Operations,Associate,2025-06-20,380103,1,Yes,Diploma,Single,1,Yes,3,Chennai
3651,Employee 3651,Female,42,IT,Manager,2024-08-25,1611897,1,No,Diploma,Married,1,Yes,1,Ahmedabad
3652,Employee 3652,Female,60,Sales,Manager,2015-09-04,720389,3,No,Master,Married,10,Yes,4,Bengaluru
3653,Employee 3653,Female,49,Support,Associate,2021-07-03,1644392,2,Yes,Bachelor,Married,5,Yes,4,Chennai
3654,Employee 3654,Male,51,IT,Executive,2025-11-29,803220,1,Yes,Diploma,Married,0,No,4,Bengaluru
3655,Employee 3655,Female,30,Operations,Executive,2022-04-29,1765048,3,No,Master,Married,4,Yes,2,Hyderabad
3656,Employee 3656,Female,53,Support,Executive,2015-09-27,1273159,3,No,Diploma,Single,10,No,5,Hyderabad
3657,Employee 3657,Female,23,Sales,Specialist,2023-07-03,1668210,4,No,Diploma,Married,3,No,3,Ahmedabad
3658,Employee 3658,Female,52,Sales,Executive,2024-09-12,605946,4,Yes,Diploma,Single,1,Yes,2,Bengaluru
3659,Employee 3659,Male,59,Sales,Manager,2023-03-18,253593,5,Yes,Master,Married,3,Yes,4,Delhi
3660,Employee 3660,Male,42,Sales,Executive,2021-12-26,1646704,3,No,Bachelor,Single,4,No,5,Bengaluru
3661,Employee 3661,Female,38,HR,Engineer,2020-01-21,265403,1,No,Master,Single,6,No,3,Bengaluru
3662,Employee 3662,Male,55,HR,Analyst,2023-12-18,1619199,1,No,Bachelor,Single,2,No,2,Chennai
3663,Employee 3663,Female,33,Marketing,Executive,2018-06-24,321051,3,Yes,Bachelor,Single,8,Yes,4,Mumbai
3664,Employee 3664,Male,43,Sales,Manager,2022-07-19,738900,5,No,Bachelor,Married,3,No,5,Mumbai
3665,Employee 3665,Female,40,Sales,Executive,2019-09-09,853885,3,No,Bachelor,Married,6,Yes,2,Ahmedabad
3666,Employee 3666,Female,41,Sales,Manager,2020-11-08,431009,2,No,Bachelor,Married,5,Yes,3,Bengaluru
3667,Employee 3667,Female,21,Finance,Executive,2024-02-01,1243294,3,No,Bachelor,Married,1,Yes,3,Ahmedabad
3668,Employee 3668,Male,29,IT,Analyst,2022-11-28,1625512,4,No,Diploma,Single,3,Yes,5,Mumbai
3669,Employee 3669,Male,37,Finance,Executive,2017-03-24,928819,3,Yes,Master,Married,9,No,4,Chennai
3670,Employee 3670,Male,34,Operations,Associate,2025-11-10,1357854,3,No,Diploma,Single,0,No,2,Bengaluru
3671,Employee 3671,Female,59,Marketing,Associate,2016-07-26,424683,1,No,Master,Single,9,Yes,5,Delhi
3672,Employee 3672,Male,54,HR,Executive,2025-08-02,1098086,3,No,Bachelor,Married,0,Yes,1,Chennai
3673,Employee 3673,Male,40,Sales,Executive,2015-08-14,744920,1,Yes,Bachelor,Single,10,No,4,Pune
3674,Employee 3674,Female,38,IT,Analyst,2018-08-02,1707248,5,No,Master,Married,7,No,3,Hyderabad
3675,Employee 3675,Female,48,Operations,Analyst,2025-11-13,793455,4,Yes,Bachelor,Single,0,Yes,5,Delhi
3676,Employee 3676,Male,31,Finance,Analyst,2023-12-23,712730,3,Yes,Bachelor,Single,2,Yes,4,Chennai
3677,Employee 3677,Female,36,IT,Manager,2021-01-11,513393,5,No,Diploma,Married,5,No,4,Pune
3678,Employee 3678,Male,36,Finance,Associate,2024-04-13,1771265,5,Yes,Diploma,Single,2,Yes,3,Chennai
3679,Employee 3679,Female,45,Finance,Analyst,2024-08-03,1493568,1,No,Diploma,Single,1,No,4,Mumbai
3680,Employee 3680,Male,28,Sales,Analyst,2020-11-07,1625175,3,No,Diploma,Single,5,No,5,Bengaluru
3681,Employee 3681,Female,46,IT,Engineer,2024-11-27,427723,5,No,Diploma,Married,1,No,1,Ahmedabad
3682,Employee 3682,Female,40,Sales,Associate,2025-04-12,1610959,2,No,Diploma,Married,1,No,3,Ahmedabad
3683,Employee 3683,Female,25,HR,Engineer,2021-08-16,1392524,3,No,Bachelor,Single,4,Yes,2,Mumbai
3684,Employee 3684,Male,39,Finance,Executive,2026-06-17,488137,1,No,Diploma,Single,0,No,2,Chennai
3685,Employee 3685,Female,53,Support,Associate,2025-03-09,616229,1,No,Bachelor,Married,1,No,2,Chennai
3686,Employee 3686,Female,35,Finance,Manager,2023-05-30,1750445,5,No,Bachelor,Married,3,No,3,Chennai
3687,Employee 3687,Female,58,Support,Specialist,2018-06-25,1778559,2,No,Master,Single,8,Yes,4,Chennai
3688,Employee 3688,Male,34,Operations,Specialist,2019-12-05,1729327,4,No,Master,Single,6,No,1,Bengaluru
3689,Employee 3689,Female,29,Finance,Specialist,2024-05-08,1112193,2,No,Diploma,Married,2,Yes,2,Hyderabad
3690,Employee 3690,Female,29,IT,Analyst,2015-06-16,734572,3,No,Master,Married,9,No,4,Chennai
3691,Employee 3691,Female,44,Operations,Analyst,2025-10-29,1018465,1,No,Diploma,Married,0,No,2,Ahmedabad
3692,Employee 3692,Female,40,IT,Engineer,2020-05-30,1463020,4,No,Bachelor,Married,6,No,4,Pune
3693,Employee 3693,Female,50,IT,Manager,2022-12-10,1439074,2,No,Master,Single,3,No,4,Pune
3694,Employee 3694,Female,43,Sales,Analyst,2016-02-17,1057115,3,No,Diploma,Married,10,Yes,2,Delhi
3695,Employee 3695,Male,31,Sales,Manager,2017-12-12,433471,5,No,Diploma,Married,8,Yes,1,Chennai
3696,Employee 3696,Female,27,Operations,Associate,2024-10-28,1626189,1,No,Diploma,Single,1,Yes,4,Hyderabad
3697,Employee 3697,Female,21,HR,Executive,2015-01-24,708339,3,No,Bachelor,Married,1,No,5,Pune
3698,Employee 3698,Male,60,Support,Analyst,2020-06-06,1353332,3,Yes,Diploma,Married,6,No,2,Mumbai
3699,Employee 3699,Female,42,IT,Analyst,2016-07-08,1068801,1,No,Master,Married,9,Yes,1,Chennai
3700,Employee 3700,Female,31,Sales,Associate,2020-10-12,1784099,1,Yes,Master,Married,5,Yes,4,Delhi
3701,Employee 3701,Male,21,Sales,Executive,2026-06-23,629677,3,Yes,Bachelor,Married,0,Yes,3,Hyderabad
3702,Employee 3702,Female,39,Operations,Executive,2016-09-16,1283444,5,No,Master,Single,9,Yes,4,Mumbai
3703,Employee 3703,Female,49,Operations,Engineer,2024-02-20,486490,3,No,Bachelor,Single,2,No,4,Pune
3704,Employee 3704,Male,40,IT,Manager,2017-09-24,974920,2,No,Master,Married,8,Yes,3,Pune
3705,Employee 3705,Male,34,HR,Manager,2021-05-15,980260,2,No,Master,Married,5,No,2,Mumbai
3706,Employee 3706,Female,28,Finance,Analyst,2019-10-22,1069512,3,No,Diploma,Single,6,No,3,Delhi
3707,Employee 3707,Female,59,Finance,Manager,2017-01-23,1787757,2,No,Diploma,Married,9,Yes,4,Chennai
3708,Employee 3708,Female,25,Operations,Manager,2026-05-12,1547734,2,No,Bachelor,Single,0,Yes,1,Chennai
3709,Employee 3709,Female,55,IT,Executive,2017-04-25,701954,2,No,Diploma,Single,9,Yes,5,Chennai
3710,Employee 3710,Female,27,Finance,Specialist,2018-04-22,1363142,1,No,Master,Single,7,No,2,Delhi
3711,Employee 3711,Female,60,HR,Engineer,2025-03-07,683618,4,No,Master,Single,1,Yes,2,Ahmedabad
3712,Employee 3712,Female,53,HR,Manager,2023-05-25,472821,2,No,Bachelor,Married,3,Yes,4,Mumbai
3713,Employee 3713,Male,45,IT,Specialist,2018-07-14,1217122,5,Yes,Master,Single,7,No,2,Pune
3714,Employee 3714,Male,59,Marketing,Executive,2020-10-15,318284,3,No,Master,Married,5,No,2,Hyderabad
3715,Employee 3715,Male,52,Marketing,Specialist,2016-12-18,1355275,5,No,Bachelor,Single,9,No,3,Pune
3716,Employee 3716,Female,43,Finance,Manager,2015-07-01,689606,5,No,Master,Married,11,No,3,Ahmedabad
3717,Employee 3717,Male,22,Finance,Specialist,2016-04-22,1029109,4,Yes,Master,Single,2,No,5,Delhi
3718,Employee 3718,Male,51,Marketing,Associate,2023-10-01,1568010,5,No,Bachelor,Single,2,Yes,5,Bengaluru
3719,Employee 3719,Male,59,Finance,Engineer,2022-04-20,343981,2,No,Master,Single,4,No,3,Mumbai
3720,Employee 3720,Male,27,IT,Executive,2019-04-24,1133252,4,No,Master,Married,7,Yes,4,Bengaluru
3721,Employee 3721,Female,51,HR,Executive,2026-03-24,1140934,5,No,Master,Married,0,No,3,Mumbai
3722,Employee 3722,Female,41,Operations,Analyst,2020-09-26,1715883,5,No,Master,Married,5,Yes,3,Chennai
3723,Employee 3723,Female,46,Marketing,Manager,2015-03-04,912395,3,No,Bachelor,Single,11,Yes,2,Bengaluru
3724,Employee 3724,Female,37,Support,Engineer,2025-07-14,847275,4,No,Diploma,Married,0,Yes,2,Chennai
3725,Employee 3725,Female,23,Marketing,Engineer,2017-07-20,421321,1,No,Master,Married,3,No,5,Bengaluru
3726,Employee 3726,Male,28,Finance,Engineer,2024-01-05,636718,2,No,Diploma,Married,2,Yes,5,Chennai
3727,Employee 3727,Male,34,Finance,Analyst,2022-03-18,1737401,3,No,Bachelor,Single,4,No,1,Chennai
3728,Employee 3728,Male,36,Operations,Specialist,2019-05-22,380330,1,No,Diploma,Married,7,No,4,Ahmedabad
3729,Employee 3729,Male,52,HR,Manager,2020-01-21,1102552,2,No,Diploma,Single,6,Yes,1,Ahmedabad
3730,Employee 3730,Female,45,Finance,Specialist,2025-01-07,1652991,5,No,Master,Married,1,No,4,Pune
3731,Employee 3731,Male,52,Finance,Manager,2018-12-06,739081,1,No,Master,Married,7,No,3,Chennai
3732,Employee 3732,Male,47,Operations,Analyst,2015-03-23,1552828,5,No,Bachelor,Single,11,No,5,Delhi
3733,Employee 3733,Male,56,Support,Engineer,2019-04-06,262604,3,Yes,Master,Single,7,No,2,Pune
3734,Employee 3734,Female,36,HR,Analyst,2016-04-11,1036125,4,No,Diploma,Single,10,Yes,4,Delhi
3735,Employee 3735,Male,34,Support,Analyst,2024-05-26,928493,5,No,Diploma,Married,2,No,2,Chennai
3736,Employee 3736,Female,52,Finance,Specialist,2021-07-26,1355545,2,No,Bachelor,Single,4,Yes,2,Delhi
3737,Employee 3737,Female,32,IT,Associate,2017-04-14,1359432,2,No,Diploma,Single,9,No,2,Pune
3738,Employee 3738,Male,59,Support,Executive,2015-02-24,292764,4,No,Diploma,Single,11,Yes,1,Hyderabad
3739,Employee 3739,Female,53,Sales,Analyst,2015-07-28,1283977,5,No,Master,Married,10,No,4,Chennai
3740,Employee 3740,Male,31,IT,Engineer,2017-04-29,1504323,2,No,Bachelor,Married,9,Yes,1,Hyderabad
3741,Employee 3741,Male,29,HR,Executive,2021-11-27,951334,3,No,Bachelor,Single,4,No,5,Bengaluru
3742,Employee 3742,Female,21,Marketing,Associate,2015-03-19,484717,4,Yes,Bachelor,Single,1,No,3,Mumbai
3743,Employee 3743,Female,42,IT,Executive,2017-07-30,1598138,1,No,Master,Single,8,No,1,Mumbai
3744,Employee 3744,Female,45,Operations,Specialist,2026-01-20,1047977,3,No,Bachelor,Single,0,Yes,2,Mumbai
3745,Employee 3745,Male,51,Sales,Manager,2025-09-22,474563,1,No,Diploma,Married,0,Yes,4,Mumbai
3746,Employee 3746,Female,38,Sales,Manager,2015-02-20,1247769,5,Yes,Master,Single,11,Yes,4,Hyderabad
3747,Employee 3747,Female,35,Marketing,Analyst,2017-04-25,301695,4,No,Bachelor,Single,9,No,2,Mumbai
3748,Employee 3748,Male,53,HR,Executive,2017-06-21,656246,4,No,Diploma,Single,9,Yes,5,Chennai
3749,Employee 3749,Female,36,IT,Associate,2022-06-06,1462176,3,No,Bachelor,Married,4,Yes,2,Bengaluru
3750,Employee 3750,Female,51,Sales,Associate,2025-06-19,743020,3,No,Master,Single,1,No,3,Ahmedabad
3751,Employee 3751,Female,38,Marketing,Specialist,2022-08-25,295729,4,No,Diploma,Single,3,No,2,Pune
3752,Employee 3752,Male,52,Marketing,Analyst,2020-12-11,1276623,3,Yes,Bachelor,Single,5,No,5,Delhi
3753,Employee 3753,Male,57,Operations,Engineer,2024-01-17,996515,5,No,Diploma,Single,2,No,5,Delhi
3754,Employee 3754,Female,53,Finance,Executive,2026-04-26,727597,2,No,Bachelor,Single,0,No,1,Chennai
3755,Employee 3755,Male,21,Support,Engineer,2024-06-11,1686162,4,No,Bachelor,Married,1,Yes,1,Mumbai
3756,Employee 3756,Female,26,Support,Executive,2018-01-20,1614678,1,No,Diploma,Married,6,Yes,5,Chennai
3757,Employee 3757,Male,31,Support,Engineer,2021-11-09,691268,5,Yes,Diploma,Married,4,No,2,Chennai
3758,Employee 3758,Male,36,Marketing,Analyst,2026-05-18,1317667,5,No,Master,Married,0,No,2,Ahmedabad
3759,Employee 3759,Female,56,IT,Manager,2015-05-11,1256923,1,No,Master,Single,11,Yes,1,Hyderabad
3760,Employee 3760,Female,34,IT,Executive,2016-06-14,493674,5,No,Diploma,Married,10,No,1,Ahmedabad
3761,Employee 3761,Male,29,HR,Executive,2020-05-03,957456,3,No,Master,Single,6,No,1,Hyderabad
3762,Employee 3762,Male,23,Operations,Manager,2016-02-07,1356389,1,No,Master,Married,3,No,1,Ahmedabad
3763,Employee 3763,Male,58,IT,Manager,2024-07-14,1167238,4,No,Diploma,Single,1,Yes,5,Hyderabad
3764,Employee 3764,Female,29,HR,Analyst,2020-06-19,1082280,2,No,Master,Single,6,Yes,3,Chennai
3765,Employee 3765,Female,39,HR,Manager,2019-06-08,718253,3,Yes,Master,Married,7,Yes,2,Bengaluru
3766,Employee 3766,Male,41,Sales,Associate,2025-11-01,510820,3,Yes,Bachelor,Single,0,No,3,Ahmedabad
3767,Employee 3767,Female,60,Support,Associate,2017-02-17,1379529,5,No,Bachelor,Single,9,Yes,5,Delhi
3768,Employee 3768,Male,34,Marketing,Executive,2015-06-27,1579665,3,No,Bachelor,Married,11,Yes,2,Mumbai
3769,Employee 3769,Female,22,Marketing,Executive,2023-11-10,566251,3,No,Bachelor,Married,2,Yes,4,Delhi
3770,Employee 3770,Male,59,Marketing,Analyst,2017-03-29,848818,2,No,Master,Single,9,Yes,4,Hyderabad
3771,Employee 3771,Female,51,HR,Specialist,2016-07-11,1365915,2,No,Bachelor,Married,9,Yes,4,Chennai
3772,Employee 3772,Male,38,Marketing,Engineer,2015-01-22,1229608,2,Yes,Diploma,Single,11,No,5,Bengaluru
3773,Employee 3773,Male,42,IT,Associate,2016-03-03,260311,5,No,Bachelor,Married,10,No,4,Ahmedabad
3774,Employee 3774,Male,36,Finance,Specialist,2022-05-05,1423153,5,No,Bachelor,Married,4,Yes,5,Bengaluru
3775,Employee 3775,Male,23,IT,Manager,2020-04-15,576355,5,No,Bachelor,Married,3,Yes,3,Delhi
3776,Employee 3776,Female,49,IT,Engineer,2019-06-25,1448253,1,Yes,Master,Single,7,Yes,2,Mumbai
3777,Employee 3777,Male,32,IT,Analyst,2019-05-26,602044,1,No,Diploma,Married,7,No,2,Ahmedabad
3778,Employee 3778,Male,46,Marketing,Engineer,2016-03-12,1006444,1,No,Bachelor,Married,10,No,3,Hyderabad
3779,Employee 3779,Male,38,Finance,Manager,2022-08-06,947150,2,No,Master,Married,3,Yes,1,Chennai
3780,Employee 3780,Female,45,HR,Analyst,2015-12-21,1404136,4,No,Diploma,Single,10,No,3,Pune
3781,Employee 3781,Male,58,Finance,Executive,2025-08-08,1507994,1,Yes,Master,Single,0,Yes,5,Ahmedabad
3782,Employee 3782,Male,29,Sales,Associate,2015-12-22,1209929,4,No,Bachelor,Single,9,Yes,3,Pune
3783,Employee 3783,Male,25,IT,Analyst,2025-03-15,1083471,1,No,Bachelor,Single,1,Yes,2,Ahmedabad
3784,Employee 3784,Male,53,Marketing,Engineer,2015-12-10,1487157,2,No,Bachelor,Single,10,No,4,Chennai
3785,Employee 3785,Female,54,Sales,Specialist,2023-01-03,250481,5,No,Bachelor,Married,3,No,3,Bengaluru
3786,Employee 3786,Female,49,Operations,Executive,2026-03-28,1569306,5,No,Bachelor,Married,0,No,2,Ahmedabad
3787,Employee 3787,Female,36,Support,Engineer,2016-12-12,325638,3,No,Diploma,Single,9,No,3,Bengaluru
3788,Employee 3788,Male,43,Marketing,Manager,2017-04-10,661905,3,No,Bachelor,Married,9,Yes,4,Chennai
3789,Employee 3789,Female,37,HR,Engineer,2022-07-06,706766,2,No,Master,Single,3,No,4,Delhi
3790,Employee 3790,Female,57,HR,Associate,2025-10-14,404532,1,No,Master,Single,0,Yes,5,Delhi
3791,Employee 3791,Male,43,IT,Executive,2021-08-21,1730188,1,No,Diploma,Single,4,No,3,Mumbai
3792,Employee 3792,Female,25,Finance,Executive,2025-10-07,909715,1,No,Master,Single,0,Yes,4,Delhi
3793,Employee 3793,Female,34,Sales,Manager,2016-02-18,273859,5,No,Bachelor,Married,10,Yes,2,Chennai
3794,Employee 3794,Male,56,IT,Specialist,2017-03-13,665295,4,No,Diploma,Single,9,No,4,Pune
3795,Employee 3795,Male,33,Marketing,Executive,2023-01-24,1048790,4,Yes,Diploma,Single,3,Yes,4,Mumbai
3796,Employee 3796,Female,34,Sales,Analyst,2018-06-04,251141,1,No,Diploma,Single,8,Yes,3,Bengaluru
3797,Employee 3797,Male,56,Support,Associate,2024-06-05,548683,4,No,Master,Single,2,Yes,2,Ahmedabad
3798,Employee 3798,Male,56,Support,Associate,2016-10-27,1278531,4,No,Bachelor,Married,9,No,1,Hyderabad
3799,Employee 3799,Female,49,Operations,Associate,2015-10-20,1408456,3,No,Master,Married,10,No,1,Delhi
3800,Employee 3800,Male,22,Finance,Manager,2022-09-10,936459,4,No,Diploma,Single,2,No,1,Delhi
3801,Employee 3801,Male,55,Operations,Engineer,2020-01-09,1162999,1,No,Master,Married,6,No,5,Ahmedabad
3802,Employee 3802,Male,24,Sales,Associate,2020-08-06,410038,5,No,Bachelor,Married,4,Yes,2,Delhi
3803,Employee 3803,Female,24,HR,Engineer,2025-05-29,926682,2,No,Master,Single,1,No,2,Hyderabad
3804,Employee 3804,Female,22,Sales,Analyst,2015-01-07,321257,1,No,Bachelor,Married,2,No,2,Pune
3805,Employee 3805,Male,21,Operations,Executive,2018-03-23,1598981,1,No,Bachelor,Married,1,Yes,3,Bengaluru
3806,Employee 3806,Female,59,IT,Analyst,2023-06-26,1766095,5,No,Diploma,Single,3,Yes,2,Chennai
3807,Employee 3807,Male,39,Operations,Manager,2023-07-24,1409231,4,No,Bachelor,Married,2,No,2,Chennai
3808,Employee 3808,Female,27,Marketing,Engineer,2025-03-26,1498154,1,Yes,Master,Married,1,No,4,Hyderabad
3809,Employee 3809,Male,22,Support,Executive,2017-05-30,277504,2,Yes,Master,Single,2,Yes,1,Ahmedabad
3810,Employee 3810,Female,48,Operations,Manager,2017-11-15,577804,1,No,Diploma,Single,8,Yes,5,Mumbai
3811,Employee 3811,Female,55,Marketing,Engineer,2023-09-24,1669112,4,No,Bachelor,Married,2,Yes,2,Hyderabad
3812,Employee 3812,Female,32,Operations,Analyst,2019-10-08,446689,3,No,Diploma,Married,6,No,3,Bengaluru
3813,Employee 3813,Female,41,IT,Analyst,2025-10-16,880969,3,No,Master,Single,0,Yes,5,Pune
3814,Employee 3814,Male,42,Finance,Engineer,2025-08-11,1558077,3,No,Bachelor,Single,0,Yes,3,Ahmedabad
3815,Employee 3815,Male,59,HR,Analyst,2025-05-23,1565495,4,No,Master,Married,1,No,5,Mumbai
3816,Employee 3816,Male,35,HR,Analyst,2017-08-24,789560,1,No,Diploma,Single,8,Yes,2,Hyderabad
3817,Employee 3817,Female,52,IT,Executive,2021-05-01,1454140,5,No,Bachelor,Married,5,No,2,Pune
3818,Employee 3818,Male,30,Operations,Specialist,2020-07-11,952164,4,Yes,Master,Single,5,Yes,5,Hyderabad
3819,Employee 3819,Female,54,Finance,Specialist,2026-03-11,826932,1,No,Master,Married,0,Yes,5,Ahmedabad
3820,Employee 3820,Male,45,Finance,Associate,2026-05-19,1231292,1,No,Bachelor,Single,0,Yes,4,Mumbai
3821,Employee 3821,Female,46,IT,Engineer,2017-05-18,1735630,5,Yes,Diploma,Married,9,No,4,Ahmedabad
3822,Employee 3822,Female,30,Finance,Analyst,2015-05-16,1777174,4,No,Master,Single,10,No,5,Pune
3823,Employee 3823,Male,25,Finance,Executive,2022-12-19,271405,4,No,Diploma,Single,3,Yes,4,Ahmedabad
3824,Employee 3824,Male,44,Operations,Engineer,2024-12-31,640753,3,No,Bachelor,Married,1,No,4,Pune
3825,Employee 3825,Female,21,HR,Manager,2015-10-30,713560,5,No,Diploma,Single,1,Yes,3,Pune
3826,Employee 3826,Female,23,Operations,Specialist,2021-03-16,497936,5,No,Diploma,Married,3,Yes,4,Chennai
3827,Employee 3827,Male,56,Operations,Associate,2016-10-13,972902,4,No,Bachelor,Married,9,Yes,4,Chennai
3828,Employee 3828,Female,26,Operations,Associate,2024-08-28,1098179,2,No,Bachelor,Single,1,No,3,Pune
3829,Employee 3829,Male,37,IT,Engineer,2026-02-04,1037767,1,No,Master,Single,0,Yes,3,Hyderabad
3830,Employee 3830,Female,24,Sales,Engineer,2015-05-03,924154,5,No,Diploma,Married,4,Yes,3,Delhi
3831,Employee 3831,Male,50,Operations,Associate,2015-08-16,983093,4,No,Diploma,Married,10,No,2,Pune
3832,Employee 3832,Male,34,IT,Manager,2018-09-18,1276273,1,No,Bachelor,Single,7,Yes,5,Ahmedabad
3833,Employee 3833,Male,36,IT,Manager,2015-09-07,1591216,3,No,Bachelor,Married,10,No,2,Bengaluru
3834,Employee 3834,Female,25,Operations,Associate,2016-03-18,1165435,4,No,Bachelor,Married,5,No,5,Bengaluru
3835,Employee 3835,Female,43,Support,Engineer,2025-01-16,1586920,1,No,Master,Married,1,No,3,Mumbai
3836,Employee 3836,Female,43,Finance,Analyst,2019-09-01,1358202,2,No,Master,Married,6,Yes,1,Delhi
3837,Employee 3837,Female,23,Sales,Executive,2017-04-14,1317642,5,Yes,Bachelor,Single,3,No,5,Hyderabad
3838,Employee 3838,Female,55,Marketing,Executive,2025-05-23,1477936,3,Yes,Master,Single,1,No,1,Bengaluru
3839,Employee 3839,Female,23,HR,Engineer,2016-08-30,833928,5,No,Diploma,Single,3,Yes,5,Mumbai
3840,Employee 3840,Female,53,Marketing,Analyst,2023-10-19,691998,1,No,Diploma,Single,2,No,5,Delhi
3841,Employee 3841,Female,44,Sales,Analyst,2025-06-02,1140973,3,Yes,Master,Married,1,No,4,Bengaluru
3842,Employee 3842,Female,47,Support,Manager,2015-12-12,1208091,4,No,Bachelor,Married,10,Yes,3,Mumbai
3843,Employee 3843,Female,48,Finance,Manager,2018-03-02,549462,2,No,Bachelor,Married,8,No,2,Chennai
3844,Employee 3844,Female,21,Operations,Manager,2025-06-20,769684,2,No,Diploma,Single,1,Yes,3,Chennai
3845,Employee 3845,Female,50,HR,Specialist,2022-08-24,525263,4,No,Master,Single,3,No,1,Pune
3846,Employee 3846,Male,27,HR,Associate,2016-08-13,1163732,1,No,Bachelor,Married,7,Yes,3,Mumbai
3847,Employee 3847,Female,37,Sales,Executive,2022-10-21,504815,2,Yes,Master,Married,3,No,1,Delhi
3848,Employee 3848,Male,33,Operations,Executive,2022-04-26,1500867,2,No,Diploma,Married,4,No,4,Ahmedabad
3849,Employee 3849,Female,22,HR,Associate,2025-05-08,1779724,5,No,Master,Single,1,Yes,4,Bengaluru
3850,Employee 3850,Male,45,HR,Engineer,2025-11-23,1716414,2,No,Bachelor,Single,0,Yes,4,Mumbai
3851,Employee 3851,Male,29,HR,Specialist,2019-06-06,1473995,5,No,Bachelor,Married,7,No,3,Delhi
3852,Employee 3852,Female,38,Sales,Specialist,2021-02-08,1632801,2,No,Bachelor,Married,5,No,5,Chennai
3853,Employee 3853,Male,41,Finance,Specialist,2021-03-04,967572,1,No,Bachelor,Single,5,Yes,4,Delhi
3854,Employee 3854,Male,59,HR,Specialist,2018-10-15,273541,4,No,Master,Married,7,Yes,5,Delhi
3855,Employee 3855,Female,29,IT,Executive,2016-09-19,999212,1,No,Master,Married,9,No,1,Delhi
3856,Employee 3856,Female,34,Marketing,Associate,2020-11-22,558913,1,No,Bachelor,Single,5,Yes,1,Chennai
3857,Employee 3857,Male,36,Marketing,Associate,2022-04-17,739021,2,No,Bachelor,Married,4,Yes,1,Chennai
3858,Employee 3858,Female,53,Finance,Associate,2017-08-08,488975,1,Yes,Diploma,Married,8,Yes,1,Pune
3859,Employee 3859,Female,50,Sales,Analyst,2018-12-23,1073605,3,No,Bachelor,Married,7,Yes,3,Delhi
3860,Employee 3860,Male,24,Marketing,Analyst,2019-12-18,253270,3,No,Bachelor,Married,4,Yes,3,Bengaluru
3861,Employee 3861,Female,23,Support,Associate,2015-02-05,662740,2,Yes,Master,Single,3,No,4,Hyderabad
3862,Employee 3862,Female,60,IT,Manager,2023-08-30,1098591,4,No,Bachelor,Married,2,No,2,Bengaluru
3863,Employee 3863,Male,60,IT,Specialist,2017-02-05,487307,3,No,Bachelor,Married,9,Yes,3,Hyderabad
3864,Employee 3864,Male,33,Support,Specialist,2022-09-16,1425506,3,No,Bachelor,Single,3,No,1,Chennai
3865,Employee 3865,Female,39,Operations,Executive,2019-04-11,1612488,1,No,Diploma,Married,7,Yes,5,Chennai
3866,Employee 3866,Female,53,Sales,Manager,2017-06-30,1139596,2,No,Master,Single,9,Yes,2,Mumbai
3867,Employee 3867,Male,23,IT,Associate,2023-05-03,687074,1,No,Diploma,Single,3,Yes,1,Chennai
3868,Employee 3868,Male,59,IT,Engineer,2016-03-26,1008795,4,No,Diploma,Single,10,Yes,2,Hyderabad
3869,Employee 3869,Female,27,Operations,Executive,2024-08-26,1370853,1,No,Master,Single,1,No,3,Chennai
3870,Employee 3870,Male,31,Finance,Associate,2020-01-10,865620,2,Yes,Master,Single,6,No,3,Delhi
3871,Employee 3871,Female,48,Sales,Executive,2021-01-27,961854,1,No,Master,Single,5,Yes,4,Bengaluru
3872,Employee 3872,Male,31,IT,Analyst,2018-08-02,704954,4,No,Diploma,Married,7,Yes,2,Pune
3873,Employee 3873,Female,44,IT,Analyst,2017-09-06,889464,3,No,Master,Married,8,No,2,Mumbai
3874,Employee 3874,Female,59,Support,Manager,2024-05-09,1571934,4,No,Diploma,Single,2,No,2,Chennai
3875,Employee 3875,Female,22,HR,Engineer,2022-08-06,1514761,1,No,Master,Married,2,No,1,Delhi
3876,Employee 3876,Male,42,Finance,Manager,2022-09-02,996461,4,No,Master,Married,3,Yes,4,Delhi
3877,Employee 3877,Male,58,Sales,Executive,2022-08-06,988130,2,No,Master,Single,3,Yes,4,Ahmedabad
3878,Employee 3878,Male,35,Sales,Executive,2015-12-08,1707551,4,No,Bachelor,Married,10,No,2,Hyderabad
3879,Employee 3879,Male,22,Support,Associate,2017-11-28,746273,5,No,Master,Single,2,Yes,4,Hyderabad
3880,Employee 3880,Male,36,Sales,Executive,2015-09-15,1459728,4,No,Master,Single,10,Yes,1,Pune
3881,Employee 3881,Female,45,Support,Associate,2023-11-26,1396030,5,No,Master,Married,2,Yes,3,Hyderabad
3882,Employee 3882,Male,28,Sales,Executive,2017-07-04,1099765,3,No,Diploma,Single,8,No,4,Hyderabad
3883,Employee 3883,Male,48,IT,Manager,2020-05-29,1724820,3,No,Master,Single,6,Yes,4,Hyderabad
3884,Employee 3884,Male,36,Marketing,Specialist,2020-06-28,1534100,3,No,Bachelor,Single,6,Yes,3,Ahmedabad
3885,Employee 3885,Male,27,Sales,Specialist,2018-08-12,1584589,4,No,Bachelor,Married,7,Yes,3,Mumbai
3886,Employee 3886,Female,46,Sales,Associate,2025-04-11,1762104,1,No,Diploma,Married,1,Yes,4,Delhi
3887,Employee 3887,Female,29,Operations,Analyst,2018-04-18,338443,5,No,Master,Married,8,Yes,4,Pune
3888,Employee 3888,Male,29,IT,Analyst,2022-08-10,1468988,5,No,Master,Married,3,Yes,4,Bengaluru
3889,Employee 3889,Male,23,Support,Specialist,2017-10-11,1262686,2,No,Diploma,Single,3,Yes,2,Ahmedabad
3890,Employee 3890,Female,52,Operations,Associate,2022-08-15,347180,5,No,Master,Single,3,Yes,3,Hyderabad
3891,Employee 3891,Female,37,Finance,Associate,2021-11-06,1086091,3,No,Diploma,Married,4,Yes,4,Hyderabad
3892,Employee 3892,Female,42,Support,Analyst,2024-02-04,1223087,2,Yes,Bachelor,Married,2,Yes,3,Pune
3893,Employee 3893,Female,38,Support,Analyst,2016-03-13,1048070,2,No,Diploma,Single,10,Yes,1,Delhi
3894,Employee 3894,Male,28,IT,Executive,2015-01-29,962378,4,Yes,Bachelor,Single,8,Yes,4,Pune
3895,Employee 3895,Male,56,HR,Associate,2020-04-21,490223,4,No,Diploma,Single,6,Yes,4,Bengaluru
3896,Employee 3896,Male,38,Finance,Manager,2024-11-19,1004273,4,No,Master,Single,1,Yes,1,Hyderabad
3897,Employee 3897,Male,35,IT,Analyst,2017-04-30,820826,5,No,Bachelor,Married,9,No,2,Mumbai
3898,Employee 3898,Female,25,Operations,Engineer,2016-01-21,367132,1,Yes,Bachelor,Single,5,Yes,1,Pune
3899,Employee 3899,Female,30,Support,Manager,2015-05-09,775972,1,No,Diploma,Married,10,No,3,Delhi
3900,Employee 3900,Female,48,Support,Specialist,2021-06-22,1690463,1,Yes,Master,Married,5,Yes,1,Bengaluru
3901,Employee 3901,Male,38,Support,Analyst,2020-04-30,279601,3,No,Diploma,Single,6,Yes,2,Pune
3902,Employee 3902,Female,37,Marketing,Analyst,2016-11-25,1387760,5,No,Diploma,Single,9,No,1,Pune
3903,Employee 3903,Female,27,Operations,Specialist,2015-07-27,387533,2,No,Diploma,Married,7,No,2,Hyderabad
3904,Employee 3904,Female,31,Operations,Engineer,2015-10-15,1456740,4,No,Diploma,Single,10,Yes,2,Ahmedabad
3905,Employee 3905,Female,60,Marketing,Engineer,2020-08-15,1063171,1,No,Bachelor,Single,5,No,2,Delhi
3906,Employee 3906,Male,23,IT,Executive,2025-09-07,1057105,1,No,Bachelor,Married,0,No,2,Mumbai
3907,Employee 3907,Male,21,Operations,Specialist,2021-12-21,1050848,4,No,Diploma,Married,1,No,3,Hyderabad
3908,Employee 3908,Male,33,Marketing,Analyst,2015-04-15,769657,5,No,Master,Married,11,Yes,4,Ahmedabad
3909,Employee 3909,Male,52,Marketing,Executive,2016-04-21,1300996,4,No,Diploma,Single,10,No,4,Delhi
3910,Employee 3910,Male,45,Support,Executive,2026-03-05,963234,3,No,Diploma,Married,0,Yes,2,Ahmedabad
3911,Employee 3911,Male,44,Support,Analyst,2018-01-21,1738932,5,No,Master,Married,8,No,5,Delhi
3912,Employee 3912,Male,58,Support,Engineer,2020-06-30,890752,5,No,Master,Married,6,No,5,Pune
3913,Employee 3913,Female,44,Operations,Specialist,2025-02-09,406188,2,No,Master,Married,1,No,5,Hyderabad
3914,Employee 3914,Female,57,IT,Manager,2024-06-29,1778718,2,Yes,Diploma,Single,2,Yes,4,Bengaluru
3915,Employee 3915,Female,35,Sales,Analyst,2020-11-24,1297115,2,Yes,Diploma,Married,5,Yes,3,Ahmedabad
3916,Employee 3916,Female,49,Operations,Executive,2020-01-05,1749187,5,No,Diploma,Married,6,No,4,Hyderabad
3917,Employee 3917,Female,54,IT,Executive,2021-11-27,1560488,2,No,Master,Single,4,Yes,4,Pune
3918,Employee 3918,Female,47,Support,Manager,2021-09-20,763074,1,No,Master,Married,4,No,3,Chennai
3919,Employee 3919,Female,51,Support,Specialist,2017-04-23,1215527,4,No,Diploma,Married,9,No,3,Ahmedabad
3920,Employee 3920,Male,44,Marketing,Associate,2017-06-09,1706159,5,No,Master,Single,9,Yes,3,Hyderabad
3921,Employee 3921,Female,41,Sales,Specialist,2021-03-03,558526,1,No,Diploma,Single,5,Yes,2,Pune
3922,Employee 3922,Female,32,Operations,Specialist,2024-08-07,1711369,5,No,Diploma,Single,1,No,1,Delhi
3923,Employee 3923,Male,58,Marketing,Engineer,2019-12-21,295361,1,No,Bachelor,Single,6,Yes,3,Pune
3924,Employee 3924,Male,44,Support,Executive,2025-05-02,1751884,3,No,Diploma,Married,1,No,1,Pune
3925,Employee 3925,Female,39,Marketing,Specialist,2019-10-22,1703438,5,No,Diploma,Married,6,No,3,Ahmedabad
3926,Employee 3926,Female,28,Sales,Specialist,2020-08-26,1093632,3,Yes,Bachelor,Single,5,No,3,Ahmedabad
3927,Employee 3927,Male,23,Sales,Specialist,2016-04-23,457733,4,No,Diploma,Single,3,No,4,Mumbai
3928,Employee 3928,Female,24,IT,Associate,2017-08-25,1042009,4,No,Master,Married,4,Yes,4,Chennai
3929,Employee 3929,Female,27,Support,Manager,2019-11-16,292907,1,No,Diploma,Married,6,Yes,2,Ahmedabad
3930,Employee 3930,Female,58,Sales,Specialist,2017-07-20,1303811,5,No,Bachelor,Single,8,No,4,Delhi
3931,Employee 3931,Male,46,HR,Manager,2026-06-06,474595,4,No,Diploma,Single,0,No,1,Hyderabad
3932,Employee 3932,Female,22,HR,Manager,2022-10-02,500608,5,Yes,Bachelor,Married,2,No,4,Ahmedabad
3933,Employee 3933,Male,60,HR,Engineer,2016-07-20,817757,3,No,Master,Married,9,Yes,4,Hyderabad
3934,Employee 3934,Male,30,HR,Executive,2023-06-19,1364977,3,No,Master,Single,3,No,2,Bengaluru
3935,Employee 3935,Female,60,Finance,Associate,2015-05-22,1640545,4,No,Diploma,Married,11,No,1,Bengaluru
3936,Employee 3936,Female,32,HR,Specialist,2018-10-29,962274,2,No,Master,Married,7,No,4,Hyderabad
3937,Employee 3937,Female,39,Marketing,Executive,2016-02-17,801944,1,Yes,Bachelor,Married,10,Yes,5,Bengaluru
3938,Employee 3938,Female,22,HR,Associate,2022-03-05,1434566,2,No,Bachelor,Married,2,No,5,Mumbai
3939,Employee 3939,Male,31,Marketing,Executive,2025-05-09,417930,2,No,Master,Married,1,Yes,2,Ahmedabad
3940,Employee 3940,Female,25,HR,Analyst,2022-08-19,579319,4,No,Master,Single,3,No,5,Mumbai
3941,Employee 3941,Female,36,Support,Manager,2022-05-09,1216183,4,No,Diploma,Single,4,Yes,5,Hyderabad
3942,Employee 3942,Female,21,Sales,Associate,2023-09-14,560919,4,No,Diploma,Single,1,Yes,3,Chennai
3943,Employee 3943,Female,37,Sales,Engineer,2024-05-10,1649980,1,No,Diploma,Married,2,Yes,1,Ahmedabad
3944,Employee 3944,Female,29,Sales,Executive,2025-12-24,1041729,3,No,Diploma,Married,0,No,3,Hyderabad
3945,Employee 3945,Male,59,Sales,Associate,2019-01-18,1358958,5,No,Diploma,Single,7,Yes,1,Chennai
3946,Employee 3946,Female,37,Finance,Specialist,2023-07-25,901153,3,No,Master,Single,2,Yes,5,Mumbai
3947,Employee 3947,Female,40,Sales,Manager,2016-07-27,829969,1,No,Master,Single,9,Yes,1,Mumbai
3948,Employee 3948,Male,59,Sales,Executive,2019-06-07,440761,3,No,Diploma,Single,7,Yes,5,Delhi
3949,Employee 3949,Male,22,IT,Executive,2019-04-28,771168,3,No,Master,Single,2,No,4,Delhi
3950,Employee 3950,Male,31,Marketing,Specialist,2019-05-31,1229343,5,Yes,Master,Married,7,No,5,Hyderabad
3951,Employee 3951,Female,30,Finance,Associate,2019-09-09,1663870,5,No,Bachelor,Married,6,No,3,Hyderabad
3952,Employee 3952,Female,52,IT,Associate,2017-12-20,483262,2,No,Master,Married,8,No,1,Chennai
3953,Employee 3953,Male,34,Marketing,Executive,2015-02-02,1367749,3,Yes,Diploma,Married,11,No,2,Chennai
3954,Employee 3954,Male,59,Finance,Specialist,2017-12-19,1785245,4,No,Master,Married,8,Yes,4,Delhi
3955,Employee 3955,Female,49,Marketing,Associate,2017-11-27,1303227,3,No,Diploma,Single,8,No,4,Mumbai
3956,Employee 3956,Male,27,Support,Analyst,2017-11-06,1720675,2,No,Bachelor,Married,7,Yes,4,Bengaluru
3957,Employee 3957,Male,24,Marketing,Specialist,2024-07-06,822882,1,No,Diploma,Single,1,Yes,4,Hyderabad
3958,Employee 3958,Male,54,HR,Engineer,2016-08-12,1623638,4,No,Master,Single,9,Yes,3,Bengaluru
3959,Employee 3959,Female,44,Operations,Associate,2023-03-20,978236,2,No,Bachelor,Married,3,No,5,Delhi
3960,Employee 3960,Male,38,Operations,Executive,2026-06-17,450021,3,No,Bachelor,Single,0,Yes,4,Delhi
3961,Employee 3961,Male,32,Finance,Engineer,2022-10-02,1713247,1,No,Diploma,Single,3,Yes,4,Ahmedabad
3962,Employee 3962,Male,41,Finance,Associate,2022-04-03,993496,1,No,Bachelor,Married,4,No,3,Delhi
3963,Employee 3963,Female,34,Finance,Engineer,2019-11-17,770443,2,Yes,Master,Single,6,Yes,2,Chennai
3964,Employee 3964,Female,25,Sales,Executive,2021-07-09,652271,2,No,Diploma,Married,4,Yes,1,Chennai
3965,Employee 3965,Male,27,Operations,Associate,2022-06-09,1428817,4,No,Diploma,Married,4,No,1,Bengaluru
3966,Employee 3966,Male,60,HR,Engineer,2018-04-17,499324,1,No,Master,Single,8,No,1,Chennai
3967,Employee 3967,Female,38,IT,Associate,2022-05-30,1492553,2,No,Master,Single,4,Yes,4,Bengaluru
3968,Employee 3968,Female,38,Operations,Associate,2021-04-22,817011,1,No,Bachelor,Single,5,No,2,Pune
3969,Employee 3969,Female,22,Finance,Associate,2024-12-21,1386807,3,No,Bachelor,Single,1,Yes,3,Bengaluru
3970,Employee 3970,Male,57,IT,Associate,2018-06-19,1617510,2,No,Bachelor,Single,8,No,1,Ahmedabad
3971,Employee 3971,Male,31,Finance,Engineer,2021-08-11,484516,5,No,Bachelor,Married,4,Yes,2,Mumbai
3972,Employee 3972,Male,42,Marketing,Specialist,2015-08-22,858544,4,No,Master,Married,10,Yes,2,Hyderabad
3973,Employee 3973,Male,26,IT,Specialist,2017-08-31,1342301,2,Yes,Diploma,Married,6,Yes,4,Pune
3974,Employee 3974,Female,26,Support,Executive,2025-03-29,712343,1,No,Diploma,Married,1,Yes,4,Hyderabad
3975,Employee 3975,Female,41,HR,Specialist,2019-05-08,1330838,4,No,Master,Single,7,No,2,Bengaluru
3976,Employee 3976,Female,42,Support,Manager,2020-04-24,1497303,4,No,Bachelor,Married,6,Yes,4,Chennai
3977,Employee 3977,Female,30,HR,Specialist,2024-07-06,1059801,2,Yes,Master,Married,1,No,3,Hyderabad
3978,Employee 3978,Female,29,IT,Specialist,2022-08-11,1174635,5,No,Bachelor,Single,3,No,3,Mumbai
3979,Employee 3979,Male,48,Finance,Specialist,2023-03-14,1174291,4,No,Diploma,Single,3,No,3,Pune
3980,Employee 3980,Male,25,IT,Analyst,2022-10-14,1349294,1,No,Diploma,Married,3,Yes,4,Hyderabad
3981,Employee 3981,Female,49,HR,Manager,2024-07-17,1700272,4,Yes,Bachelor,Married,1,Yes,3,Delhi
3982,Employee 3982,Female,30,Finance,Analyst,2026-03-06,305787,4,Yes,Bachelor,Married,0,Yes,1,Chennai
3983,Employee 3983,Female,23,HR,Executive,2017-10-05,1489604,2,No,Bachelor,Married,3,Yes,4,Chennai
3984,Employee 3984,Male,37,HR,Engineer,2016-11-04,1018091,2,Yes,Diploma,Single,9,Yes,3,Mumbai
3985,Employee 3985,Male,50,Operations,Analyst,2022-07-18,496321,1,Yes,Diploma,Married,3,Yes,1,Delhi
3986,Employee 3986,Male,29,Marketing,Executive,2016-11-14,985001,5,No,Diploma,Single,9,Yes,3,Ahmedabad
3987,Employee 3987,Male,21,Marketing,Manager,2026-05-10,1200083,1,No,Master,Single,0,Yes,4,Delhi
3988,Employee 3988,Male,48,Marketing,Associate,2018-10-12,1254151,3,No,Bachelor,Single,7,Yes,1,Chennai
3989,Employee 3989,Male,43,HR,Analyst,2024-04-20,1016525,4,No,Bachelor,Single,2,Yes,2,Mumbai
3990,Employee 3990,Female,32,Sales,Analyst,2015-08-26,1445156,1,No,Bachelor,Married,10,No,2,Hyderabad
3991,Employee 3991,Male,29,HR,Engineer,2020-07-30,1264593,2,No,Diploma,Married,5,No,5,Pune
3992,Employee 3992,Male,51,Support,Specialist,2015-12-26,1425223,4,No,Bachelor,Married,10,Yes,1,Delhi
3993,Employee 3993,Female,48,HR,Manager,2024-01-26,1189180,3,Yes,Master,Married,2,No,5,Pune
3994,Employee 3994,Male,32,IT,Executive,2018-11-25,674519,4,Yes,Bachelor,Married,7,No,1,Mumbai
3995,Employee 3995,Male,24,HR,Specialist,2017-11-01,623234,1,No,Master,Single,4,No,5,Mumbai
3996,Employee 3996,Female,42,HR,Associate,2024-06-22,1659867,4,No,Bachelor,Married,2,No,5,Pune
3997,Employee 3997,Female,46,HR,Executive,2017-02-23,436361,2,No,Diploma,Single,9,No,5,Delhi
3998,Employee 3998,Male,49,Operations,Executive,2026-06-30,1792022,4,No,Master,Married,0,Yes,1,Ahmedabad
3999,Employee 3999,Female,41,Finance,Analyst,2023-07-05,908743,5,No,Diploma,Single,2,Yes,3,Delhi
4000,Employee 4000,Female,30,Operations,Engineer,2019-03-22,1187214,1,No,Diploma,Single,7,Yes,1,Delhi
4001,Employee 4001,Female,35,Operations,Analyst,2016-12-06,879760,2,No,Diploma,Single,9,Yes,4,Ahmedabad
4002,Employee 4002,Male,38,Marketing,Engineer,2019-08-29,1658867,1,Yes,Diploma,Single,6,Yes,4,Bengaluru
4003,Employee 4003,Female,48,Marketing,Specialist,2017-06-17,1077435,3,No,Diploma,Married,9,No,2,Hyderabad
4004,Employee 4004,Female,52,Finance,Specialist,2015-07-18,1491277,4,No,Master,Single,10,Yes,2,Pune
4005,Employee 4005,Male,57,HR,Engineer,2015-12-02,840207,4,No,Diploma,Single,10,Yes,5,Hyderabad
4006,Employee 4006,Male,28,Marketing,Engineer,2021-10-15,1690662,5,No,Bachelor,Single,4,Yes,5,Hyderabad
4007,Employee 4007,Male,54,Support,Specialist,2016-06-02,315904,1,No,Bachelor,Single,10,Yes,3,Hyderabad
4008,Employee 4008,Male,50,Operations,Analyst,2021-06-18,1083263,2,No,Bachelor,Single,5,No,3,Chennai
4009,Employee 4009,Male,24,Operations,Manager,2019-04-25,440630,2,No,Diploma,Single,4,No,5,Pune
4010,Employee 4010,Female,41,Marketing,Manager,2016-07-16,1539437,3,Yes,Master,Single,9,No,1,Delhi
4011,Employee 4011,Male,45,Sales,Manager,2015-09-21,948965,2,No,Master,Married,10,Yes,3,Delhi
4012,Employee 4012,Male,42,Support,Executive,2018-04-30,583179,3,No,Diploma,Married,8,Yes,3,Pune
4013,Employee 4013,Female,56,Finance,Associate,2018-09-05,1035131,5,No,Master,Single,7,No,1,Hyderabad
4014,Employee 4014,Male,35,Sales,Specialist,2020-12-02,355620,3,No,Bachelor,Married,5,No,1,Mumbai
4015,Employee 4015,Female,21,Operations,Engineer,2020-08-19,1216369,5,No,Master,Single,1,Yes,5,Bengaluru
4016,Employee 4016,Female,22,HR,Executive,2020-11-06,1340085,5,Yes,Diploma,Single,2,Yes,5,Ahmedabad
4017,Employee 4017,Female,23,IT,Engineer,2020-01-31,1408850,4,No,Master,Single,3,No,2,Delhi
4018,Employee 4018,Male,50,Operations,Executive,2017-03-14,268379,2,No,Diploma,Married,9,No,1,Pune
4019,Employee 4019,Female,36,Sales,Associate,2022-06-24,580412,1,No,Bachelor,Married,4,No,2,Hyderabad
4020,Employee 4020,Female,28,IT,Specialist,2018-03-04,499765,1,No,Master,Married,8,No,1,Bengaluru
4021,Employee 4021,Male,46,Finance,Associate,2025-06-22,1774471,2,No,Master,Married,1,No,5,Mumbai
4022,Employee 4022,Male,60,Finance,Associate,2016-09-11,305820,2,No,Bachelor,Single,9,No,5,Chennai
4023,Employee 4023,Male,42,IT,Manager,2015-05-12,1588974,2,No,Bachelor,Married,11,Yes,4,Bengaluru
4024,Employee 4024,Female,26,Sales,Engineer,2024-02-12,666186,1,No,Master,Married,2,Yes,4,Ahmedabad
4025,Employee 4025,Male,48,Marketing,Specialist,2016-07-05,1479095,5,No,Diploma,Married,9,Yes,1,Delhi
4026,Employee 4026,Male,21,Finance,Engineer,2021-07-12,392336,2,No,Bachelor,Single,1,Yes,1,Ahmedabad
4027,Employee 4027,Female,43,Marketing,Engineer,2025-10-26,959253,2,No,Master,Single,0,Yes,3,Hyderabad
4028,Employee 4028,Male,24,Support,Specialist,2025-07-03,1698989,1,No,Diploma,Married,0,No,4,Ahmedabad
4029,Employee 4029,Female,43,Support,Specialist,2023-03-18,1683346,4,Yes,Diploma,Married,3,Yes,4,Hyderabad
4030,Employee 4030,Female,40,Marketing,Analyst,2018-05-05,1750042,2,No,Diploma,Married,8,No,5,Mumbai
4031,Employee 4031,Male,53,Finance,Engineer,2017-08-21,1382100,2,No,Diploma,Single,8,Yes,4,Pune
4032,Employee 4032,Female,37,HR,Analyst,2015-05-11,806186,2,No,Bachelor,Married,11,Yes,5,Hyderabad
4033,Employee 4033,Male,40,HR,Engineer,2016-06-11,1120894,1,No,Bachelor,Single,10,No,5,Ahmedabad
4034,Employee 4034,Female,24,IT,Manager,2021-09-08,1428441,2,Yes,Bachelor,Married,4,No,1,Mumbai
4035,Employee 4035,Male,32,Operations,Manager,2017-01-21,1302286,5,No,Bachelor,Married,9,Yes,2,Hyderabad
4036,Employee 4036,Male,56,Marketing,Executive,2021-03-18,1304015,2,No,Diploma,Married,5,No,3,Hyderabad
4037,Employee 4037,Male,59,Operations,Manager,2022-02-02,879291,4,No,Master,Married,4,No,5,Chennai
4038,Employee 4038,Male,54,Operations,Manager,2023-10-12,510432,2,No,Bachelor,Married,2,Yes,4,Pune
4039,Employee 4039,Female,46,Operations,Engineer,2026-04-17,811149,3,No,Bachelor,Single,0,No,5,Ahmedabad
4040,Employee 4040,Female,25,Marketing,Associate,2020-06-08,414362,4,No,Master,Single,5,Yes,5,Delhi
4041,Employee 4041,Male,26,Sales,Manager,2017-06-29,434767,3,No,Bachelor,Single,6,No,1,Ahmedabad
4042,Employee 4042,Male,27,Operations,Manager,2020-10-29,978500,3,No,Diploma,Single,5,Yes,5,Mumbai
4043,Employee 4043,Female,52,Finance,Engineer,2023-10-08,1614675,4,No,Bachelor,Single,2,No,3,Hyderabad
4044,Employee 4044,Male,27,Support,Manager,2015-04-27,1168085,2,No,Bachelor,Single,7,Yes,4,Bengaluru
4045,Employee 4045,Male,22,Marketing,Engineer,2019-09-23,993603,1,No,Diploma,Single,2,Yes,1,Delhi
4046,Employee 4046,Female,49,Support,Manager,2020-11-15,1207651,3,No,Bachelor,Married,5,No,3,Mumbai
4047,Employee 4047,Male,53,Operations,Analyst,2026-01-18,1512566,1,No,Bachelor,Married,0,No,4,Mumbai
4048,Employee 4048,Female,53,Finance,Manager,2026-05-15,1437422,5,No,Bachelor,Married,0,No,3,Hyderabad
4049,Employee 4049,Male,36,Sales,Analyst,2016-03-23,289414,3,No,Bachelor,Single,10,Yes,1,Delhi
4050,Employee 4050,Female,52,Operations,Associate,2022-11-22,373328,4,No,Bachelor,Single,3,Yes,1,Chennai
4051,Employee 4051,Male,44,Support,Analyst,2018-10-23,1203649,3,No,Bachelor,Single,7,Yes,1,Bengaluru
4052,Employee 4052,Male,31,HR,Analyst,2021-05-20,1625246,5,No,Master,Married,5,No,3,Hyderabad
4053,Employee 4053,Male,41,Support,Analyst,2018-01-04,572576,3,Yes,Master,Married,8,No,3,Ahmedabad
4054,Employee 4054,Female,55,HR,Associate,2015-08-07,814732,5,No,Bachelor,Single,10,Yes,4,Bengaluru
4055,Employee 4055,Male,45,Sales,Manager,2020-01-11,1732946,3,No,Diploma,Married,6,Yes,4,Pune
4056,Employee 4056,Female,46,Sales,Analyst,2024-06-06,1638026,1,No,Diploma,Married,2,Yes,4,Chennai
4057,Employee 4057,Male,48,IT,Manager,2018-02-13,819886,5,No,Diploma,Married,8,No,3,Mumbai
4058,Employee 4058,Female,27,Sales,Engineer,2016-06-08,377531,2,No,Bachelor,Single,7,No,5,Chennai
4059,Employee 4059,Male,38,Operations,Engineer,2025-11-28,708674,1,No,Diploma,Married,0,No,5,Chennai
4060,Employee 4060,Female,23,Sales,Executive,2025-09-19,1527058,1,Yes,Master,Single,0,No,2,Chennai
4061,Employee 4061,Male,37,Support,Manager,2021-07-26,366042,2,No,Diploma,Married,4,No,5,Hyderabad
4062,Employee 4062,Male,59,Finance,Specialist,2020-08-13,775423,4,No,Bachelor,Married,5,Yes,2,Bengaluru
4063,Employee 4063,Female,43,IT,Manager,2018-04-12,1778945,4,No,Bachelor,Single,8,Yes,1,Pune
4064,Employee 4064,Male,58,IT,Associate,2017-05-11,1708624,4,No,Master,Married,9,No,4,Hyderabad
4065,Employee 4065,Male,32,Sales,Associate,2020-01-23,456169,5,No,Master,Married,6,Yes,1,Pune
4066,Employee 4066,Female,60,Finance,Specialist,2025-06-27,1667025,5,No,Diploma,Single,1,No,2,Bengaluru
4067,Employee 4067,Female,31,HR,Manager,2018-10-11,407243,4,No,Master,Single,7,No,1,Mumbai
4068,Employee 4068,Male,24,IT,Analyst,2019-05-25,1565320,4,No,Bachelor,Married,4,Yes,5,Mumbai
4069,Employee 4069,Male,23,Finance,Engineer,2017-08-21,1795571,2,No,Diploma,Married,3,No,2,Chennai
4070,Employee 4070,Female,42,Support,Manager,2020-10-03,1783650,5,No,Bachelor,Married,5,No,2,Bengaluru
4071,Employee 4071,Male,39,Marketing,Specialist,2017-09-29,1683985,4,No,Diploma,Single,8,Yes,4,Hyderabad
4072,Employee 4072,Male,25,Support,Manager,2019-11-02,606667,3,No,Bachelor,Married,5,No,1,Ahmedabad
4073,Employee 4073,Male,21,Support,Manager,2022-12-29,1093935,2,No,Diploma,Married,1,No,5,Ahmedabad
4074,Employee 4074,Female,60,Sales,Analyst,2025-07-04,1183165,4,Yes,Master,Single,0,Yes,2,Chennai
4075,Employee 4075,Male,31,Support,Manager,2024-01-24,481888,5,No,Master,Married,2,Yes,1,Bengaluru
4076,Employee 4076,Male,42,Sales,Executive,2021-11-15,1116592,1,No,Master,Married,4,No,5,Delhi
4077,Employee 4077,Female,52,Marketing,Analyst,2021-11-03,678417,5,No,Master,Married,4,No,1,Pune
4078,Employee 4078,Female,22,IT,Associate,2021-01-03,321007,3,No,Master,Married,2,No,1,Bengaluru
4079,Employee 4079,Male,48,Sales,Manager,2021-01-24,989288,3,No,Master,Married,5,No,2,Hyderabad
4080,Employee 4080,Female,49,Finance,Manager,2024-02-18,1089626,3,Yes,Master,Single,2,Yes,1,Hyderabad
4081,Employee 4081,Female,30,IT,Engineer,2018-07-28,1419159,4,No,Diploma,Single,7,Yes,5,Mumbai
4082,Employee 4082,Male,46,Operations,Specialist,2017-12-23,452786,2,No,Diploma,Single,8,Yes,2,Mumbai
4083,Employee 4083,Male,35,Sales,Specialist,2016-01-23,1505560,2,No,Diploma,Single,10,Yes,3,Delhi
4084,Employee 4084,Male,52,IT,Manager,2022-10-07,1186745,4,No,Master,Single,3,Yes,3,Bengaluru
4085,Employee 4085,Female,28,Operations,Manager,2018-09-09,520207,1,No,Bachelor,Single,7,No,3,Chennai
4086,Employee 4086,Male,23,Operations,Manager,2024-12-06,1606430,4,No,Master,Married,1,Yes,1,Hyderabad
4087,Employee 4087,Male,45,Finance,Engineer,2020-07-06,363198,3,No,Diploma,Married,5,Yes,2,Bengaluru
4088,Employee 4088,Female,54,Marketing,Specialist,2017-10-26,603594,4,No,Bachelor,Married,8,No,2,Pune
4089,Employee 4089,Female,51,Support,Executive,2022-10-17,1706614,3,No,Master,Married,3,No,5,Bengaluru
4090,Employee 4090,Male,60,Support,Executive,2023-01-21,849623,4,Yes,Diploma,Married,3,No,4,Hyderabad
4091,Employee 4091,Male,30,Sales,Specialist,2021-03-28,826734,5,No,Master,Single,5,No,4,Delhi
4092,Employee 4092,Male,59,Finance,Manager,2019-06-12,298524,1,No,Diploma,Single,7,No,2,Delhi
4093,Employee 4093,Male,33,IT,Executive,2022-02-18,488663,3,No,Master,Married,4,No,3,Pune
4094,Employee 4094,Male,24,Support,Associate,2016-05-14,582515,1,No,Diploma,Married,4,Yes,5,Pune
4095,Employee 4095,Female,50,Support,Analyst,2022-01-23,936798,2,Yes,Master,Single,4,Yes,5,Mumbai
4096,Employee 4096,Male,48,Sales,Manager,2021-02-25,1712919,5,No,Diploma,Single,5,No,3,Bengaluru
4097,Employee 4097,Male,48,Sales,Engineer,2020-12-29,1002561,1,Yes,Diploma,Single,5,Yes,5,Delhi
4098,Employee 4098,Male,23,Sales,Specialist,2017-02-13,586759,2,No,Diploma,Married,3,Yes,2,Hyderabad
4099,Employee 4099,Male,47,Marketing,Specialist,2023-04-03,1096983,4,No,Bachelor,Married,3,Yes,4,Ahmedabad
4100,Employee 4100,Female,25,IT,Analyst,2023-07-04,1628408,3,No,Diploma,Married,2,Yes,3,Chennai
4101,Employee 4101,Male,44,Marketing,Analyst,2020-01-29,709018,1,No,Diploma,Single,6,No,1,Bengaluru
4102,Employee 4102,Female,51,HR,Manager,2018-09-10,542718,1,No,Master,Married,7,No,4,Mumbai
4103,Employee 4103,Female,39,HR,Manager,2022-01-01,652050,1,No,Diploma,Single,4,Yes,3,Chennai
4104,Employee 4104,Male,43,Finance,Associate,2021-08-20,719694,2,No,Master,Married,4,Yes,3,Bengaluru
4105,Employee 4105,Male,56,IT,Executive,2020-11-26,667035,4,No,Master,Single,5,No,2,Pune
4106,Employee 4106,Female,46,HR,Executive,2018-12-25,1107659,2,Yes,Master,Married,7,No,5,Ahmedabad
4107,Employee 4107,Female,43,Marketing,Associate,2021-01-31,1722756,2,Yes,Bachelor,Single,5,No,1,Pune
4108,Employee 4108,Female,28,Sales,Analyst,2016-05-16,255844,1,No,Bachelor,Single,8,Yes,1,Bengaluru
4109,Employee 4109,Female,42,HR,Engineer,2022-05-06,1273834,3,No,Diploma,Married,4,No,2,Delhi
4110,Employee 4110,Female,59,HR,Associate,2022-02-28,1206796,5,No,Diploma,Married,4,No,3,Mumbai
4111,Employee 4111,Female,26,Finance,Executive,2023-06-25,1039074,4,No,Diploma,Married,3,Yes,3,Mumbai
4112,Employee 4112,Male,25,IT,Associate,2021-07-25,1128620,2,No,Diploma,Married,4,No,1,Pune
4113,Employee 4113,Male,21,Operations,Analyst,2020-04-13,471404,1,No,Bachelor,Married,1,Yes,5,Ahmedabad
4114,Employee 4114,Female,44,IT,Executive,2016-06-28,572748,5,No,Bachelor,Married,10,Yes,1,Pune
4115,Employee 4115,Male,54,Operations,Specialist,2017-04-30,907933,2,No,Bachelor,Married,9,Yes,5,Ahmedabad
4116,Employee 4116,Male,22,HR,Specialist,2016-12-14,1272012,3,Yes,Master,Single,2,No,4,Chennai
4117,Employee 4117,Female,53,HR,Analyst,2016-02-27,691109,1,No,Diploma,Single,10,No,3,Chennai
4118,Employee 4118,Male,37,Finance,Specialist,2025-02-07,548762,5,Yes,Bachelor,Married,1,Yes,3,Ahmedabad
4119,Employee 4119,Male,26,Operations,Associate,2024-12-08,1132429,5,No,Bachelor,Married,1,No,3,Bengaluru
4120,Employee 4120,Female,57,Operations,Analyst,2024-12-25,1451111,2,No,Diploma,Married,1,No,5,Ahmedabad
4121,Employee 4121,Female,46,Support,Specialist,2022-08-09,550192,3,Yes,Diploma,Married,3,No,2,Pune
4122,Employee 4122,Male,42,Marketing,Executive,2022-12-13,987755,3,No,Master,Married,3,No,3,Hyderabad
4123,Employee 4123,Female,59,IT,Specialist,2023-05-13,907912,2,No,Diploma,Single,3,Yes,3,Bengaluru
4124,Employee 4124,Male,28,Finance,Analyst,2021-07-13,561182,1,No,Diploma,Single,4,Yes,1,Pune
4125,Employee 4125,Female,50,Marketing,Analyst,2026-01-21,536512,4,No,Master,Single,0,No,2,Chennai
4126,Employee 4126,Female,54,Marketing,Manager,2020-06-05,829457,3,No,Master,Single,6,No,5,Bengaluru
4127,Employee 4127,Male,49,Marketing,Associate,2021-03-05,457994,4,No,Master,Married,5,Yes,4,Delhi
4128,Employee 4128,Male,57,Marketing,Associate,2019-03-18,837594,5,No,Diploma,Single,7,No,4,Bengaluru
4129,Employee 4129,Male,33,Sales,Executive,2017-03-18,1352025,4,No,Bachelor,Married,9,No,4,Pune
4130,Employee 4130,Female,25,Marketing,Engineer,2025-03-19,539675,5,No,Master,Married,1,No,4,Bengaluru
4131,Employee 4131,Male,58,HR,Engineer,2019-04-30,1768216,3,No,Master,Married,7,Yes,4,Delhi
4132,Employee 4132,Male,32,Finance,Analyst,2018-06-28,1706497,2,No,Bachelor,Married,8,Yes,4,Mumbai
4133,Employee 4133,Female,40,Finance,Specialist,2015-07-29,1001071,5,No,Diploma,Single,10,Yes,3,Hyderabad
4134,Employee 4134,Female,32,Operations,Specialist,2020-04-01,1602192,3,No,Master,Single,6,Yes,1,Pune
4135,Employee 4135,Male,59,IT,Specialist,2015-02-17,1087504,4,No,Master,Single,11,Yes,1,Delhi
4136,Employee 4136,Female,48,Operations,Executive,2015-02-22,1357466,2,No,Bachelor,Single,11,Yes,2,Pune
4137,Employee 4137,Male,36,HR,Executive,2015-07-19,394996,2,No,Master,Single,10,Yes,4,Bengaluru
4138,Employee 4138,Female,38,Sales,Specialist,2023-06-21,1717128,2,No,Diploma,Married,3,Yes,5,Hyderabad
4139,Employee 4139,Male,29,Finance,Engineer,2025-06-03,1339178,5,No,Diploma,Single,1,No,5,Chennai
4140,Employee 4140,Male,49,HR,Executive,2018-09-13,966120,5,No,Master,Married,7,No,2,Hyderabad
4141,Employee 4141,Male,52,Operations,Specialist,2018-05-12,1157253,3,No,Diploma,Single,8,Yes,3,Hyderabad
4142,Employee 4142,Male,59,Operations,Manager,2025-07-22,1344448,1,No,Master,Married,0,No,1,Delhi
4143,Employee 4143,Male,25,Support,Specialist,2019-06-27,1570313,5,No,Bachelor,Married,5,No,1,Delhi
4144,Employee 4144,Female,39,Sales,Specialist,2015-09-17,1683582,1,No,Bachelor,Married,10,Yes,3,Hyderabad
4145,Employee 4145,Female,26,Marketing,Associate,2015-03-02,714598,3,Yes,Bachelor,Married,6,Yes,1,Pune
4146,Employee 4146,Female,36,IT,Executive,2021-07-18,442342,3,No,Master,Married,4,Yes,5,Hyderabad
4147,Employee 4147,Female,25,Support,Executive,2020-01-31,311631,5,No,Bachelor,Single,5,Yes,2,Ahmedabad
4148,Employee 4148,Male,31,Operations,Manager,2022-06-27,1339722,2,No,Diploma,Married,4,No,3,Mumbai
4149,Employee 4149,Female,37,Finance,Engineer,2015-12-15,1380206,1,No,Master,Single,10,No,3,Bengaluru
4150,Employee 4150,Male,34,Finance,Analyst,2025-03-27,475444,3,No,Diploma,Married,1,Yes,5,Delhi
4151,Employee 4151,Male,33,HR,Engineer,2022-10-19,315392,4,No,Diploma,Married,3,No,2,Hyderabad
4152,Employee 4152,Female,39,IT,Associate,2024-09-12,349785,4,No,Master,Married,1,No,2,Chennai
4153,Employee 4153,Male,53,Sales,Executive,2018-07-16,1060173,4,No,Bachelor,Married,7,No,2,Bengaluru
4154,Employee 4154,Female,51,Support,Specialist,2018-01-27,628908,4,No,Bachelor,Single,8,Yes,2,Chennai
4155,Employee 4155,Female,45,Sales,Engineer,2025-09-08,1574308,4,No,Bachelor,Single,0,Yes,2,Pune
4156,Employee 4156,Male,29,Sales,Associate,2023-09-26,482431,4,No,Diploma,Married,2,Yes,5,Ahmedabad
4157,Employee 4157,Male,33,Support,Specialist,2019-01-07,1321330,4,No,Master,Married,7,No,4,Ahmedabad
4158,Employee 4158,Female,21,Support,Associate,2023-03-26,578191,3,No,Bachelor,Single,1,Yes,3,Hyderabad
4159,Employee 4159,Female,41,Sales,Executive,2020-02-11,937577,4,Yes,Diploma,Single,6,Yes,1,Delhi
4160,Employee 4160,Male,38,Operations,Manager,2026-01-08,1196640,4,Yes,Diploma,Single,0,Yes,2,Chennai
4161,Employee 4161,Female,35,IT,Executive,2021-06-26,338518,3,No,Master,Single,5,Yes,1,Chennai
4162,Employee 4162,Female,52,Support,Executive,2019-11-08,446782,5,No,Diploma,Single,6,Yes,3,Delhi
4163,Employee 4163,Male,52,Support,Executive,2019-09-30,1140520,2,Yes,Diploma,Married,6,No,4,Ahmedabad
4164,Employee 4164,Male,58,Support,Engineer,2026-01-28,1700392,3,No,Bachelor,Married,0,Yes,2,Mumbai
4165,Employee 4165,Female,23,Sales,Manager,2017-05-05,735577,2,Yes,Diploma,Married,3,No,4,Hyderabad
4166,Employee 4166,Female,27,Finance,Specialist,2019-08-14,552389,5,No,Bachelor,Married,6,Yes,1,Ahmedabad
4167,Employee 4167,Male,43,HR,Analyst,2017-04-20,463623,2,No,Master,Single,9,No,3,Pune
4168,Employee 4168,Male,38,Operations,Specialist,2021-08-29,1221348,5,No,Master,Married,4,No,4,Ahmedabad
4169,Employee 4169,Female,52,HR,Specialist,2021-02-16,1548283,5,No,Bachelor,Single,5,Yes,5,Hyderabad
4170,Employee 4170,Male,39,Support,Executive,2019-06-20,814976,5,No,Diploma,Married,7,Yes,3,Bengaluru
4171,Employee 4171,Female,35,Sales,Specialist,2022-10-01,473342,4,No,Bachelor,Single,3,No,2,Delhi
4172,Employee 4172,Male,45,Finance,Specialist,2016-06-01,1316656,4,No,Bachelor,Single,10,No,1,Delhi
4173,Employee 4173,Female,60,Finance,Specialist,2015-04-21,1768787,1,No,Master,Single,11,Yes,3,Ahmedabad
4174,Employee 4174,Male,23,Support,Analyst,2024-02-14,570068,2,Yes,Bachelor,Single,2,Yes,5,Bengaluru
4175,Employee 4175,Female,57,Sales,Associate,2019-02-06,809198,4,Yes,Bachelor,Married,7,No,1,Delhi
4176,Employee 4176,Male,49,Finance,Analyst,2023-03-04,1063993,3,Yes,Master,Single,3,Yes,2,Bengaluru
4177,Employee 4177,Female,28,IT,Executive,2025-03-09,522196,4,No,Bachelor,Married,1,No,5,Chennai
4178,Employee 4178,Male,57,Marketing,Analyst,2023-06-29,434653,3,Yes,Bachelor,Married,3,Yes,3,Hyderabad
4179,Employee 4179,Male,27,Finance,Associate,2016-04-21,456325,1,No,Diploma,Married,7,No,2,Hyderabad
4180,Employee 4180,Male,49,Operations,Specialist,2022-07-27,601087,2,No,Diploma,Married,3,No,5,Bengaluru
4181,Employee 4181,Female,25,HR,Analyst,2019-06-10,1057771,1,No,Bachelor,Married,5,No,4,Mumbai
4182,Employee 4182,Female,52,Support,Manager,2020-09-15,1295393,1,No,Diploma,Married,5,No,3,Hyderabad
4183,Employee 4183,Female,50,IT,Specialist,2023-02-27,1054469,5,No,Diploma,Single,3,Yes,3,Chennai
4184,Employee 4184,Female,55,Support,Associate,2017-08-20,888762,2,No,Bachelor,Married,8,Yes,2,Bengaluru
4185,Employee 4185,Female,49,Sales,Executive,2024-06-25,1733510,1,No,Master,Single,2,Yes,3,Hyderabad
4186,Employee 4186,Male,41,HR,Analyst,2016-08-21,1556676,5,No,Master,Single,9,Yes,4,Delhi
4187,Employee 4187,Male,35,IT,Manager,2023-08-05,858287,3,No,Master,Single,2,No,4,Chennai
4188,Employee 4188,Female,25,Finance,Associate,2016-09-19,1271971,4,Yes,Diploma,Married,5,No,4,Mumbai
4189,Employee 4189,Female,32,Support,Specialist,2024-05-30,1351584,2,No,Diploma,Single,2,No,4,Mumbai
4190,Employee 4190,Male,60,Finance,Specialist,2016-07-17,1219499,2,No,Bachelor,Single,9,No,4,Bengaluru
4191,Employee 4191,Female,45,Marketing,Executive,2020-12-11,570027,3,No,Diploma,Single,5,Yes,2,Mumbai
4192,Employee 4192,Male,48,Marketing,Engineer,2016-02-21,1660334,3,Yes,Diploma,Married,10,No,3,Ahmedabad
4193,Employee 4193,Male,59,Operations,Associate,2016-05-13,1138170,2,No,Diploma,Single,10,Yes,1,Chennai
4194,Employee 4194,Male,21,Finance,Associate,2025-05-06,548275,1,No,Diploma,Married,1,Yes,1,Delhi
4195,Employee 4195,Female,26,Support,Executive,2022-10-12,804521,3,No,Master,Married,3,Yes,3,Pune
4196,Employee 4196,Female,22,HR,Associate,2024-12-06,472860,2,No,Master,Single,1,Yes,1,Mumbai
4197,Employee 4197,Male,36,Operations,Specialist,2018-04-07,858720,1,No,Master,Married,8,Yes,2,Chennai
4198,Employee 4198,Female,22,Marketing,Analyst,2021-11-04,1148343,5,No,Bachelor,Single,2,No,1,Hyderabad
4199,Employee 4199,Female,44,Finance,Executive,2020-05-11,1313338,4,No,Diploma,Married,6,Yes,2,Mumbai
4200,Employee 4200,Male,53,Finance,Analyst,2019-06-29,405444,1,Yes,Diploma,Single,7,Yes,4,Mumbai
4201,Employee 4201,Female,28,IT,Specialist,2015-04-06,1144802,1,No,Master,Single,8,No,4,Bengaluru
4202,Employee 4202,Male,38,IT,Associate,2022-06-04,1622858,3,Yes,Bachelor,Single,4,No,5,Chennai
4203,Employee 4203,Female,52,Marketing,Executive,2016-06-18,380690,2,No,Bachelor,Single,10,No,5,Pune
4204,Employee 4204,Male,36,Support,Analyst,2023-02-11,1710558,4,Yes,Master,Single,3,Yes,2,Pune
4205,Employee 4205,Male,30,Marketing,Analyst,2020-12-27,1410630,5,No,Bachelor,Single,5,Yes,5,Chennai
4206,Employee 4206,Female,60,Sales,Engineer,2015-01-08,911666,1,No,Master,Married,11,No,4,Delhi
4207,Employee 4207,Female,23,HR,Manager,2025-04-26,615242,1,No,Bachelor,Single,1,No,2,Pune
4208,Employee 4208,Female,24,Finance,Manager,2026-04-03,1457990,1,No,Master,Single,0,Yes,1,Bengaluru
4209,Employee 4209,Male,41,IT,Associate,2021-02-24,1373623,5,No,Master,Single,5,Yes,2,Delhi
4210,Employee 4210,Male,29,Support,Engineer,2015-09-19,955049,4,No,Master,Married,9,No,1,Hyderabad
4211,Employee 4211,Male,56,Operations,Associate,2025-05-01,1555249,4,No,Diploma,Married,1,Yes,1,Ahmedabad
4212,Employee 4212,Female,56,Sales,Engineer,2016-07-19,1673549,5,No,Bachelor,Single,9,Yes,4,Bengaluru
4213,Employee 4213,Female,35,Sales,Manager,2016-06-21,723944,5,No,Bachelor,Single,10,Yes,3,Delhi
4214,Employee 4214,Male,56,Support,Associate,2021-08-18,891047,4,No,Diploma,Married,4,No,5,Chennai
4215,Employee 4215,Male,48,Finance,Manager,2025-04-22,1589898,5,Yes,Master,Married,1,Yes,2,Ahmedabad
4216,Employee 4216,Female,56,IT,Analyst,2025-09-02,1257059,1,Yes,Master,Married,0,No,1,Mumbai
4217,Employee 4217,Male,34,Support,Associate,2021-08-03,357296,2,No,Diploma,Single,4,Yes,3,Delhi
4218,Employee 4218,Male,52,Operations,Associate,2015-11-14,1391841,4,No,Master,Single,10,No,4,Bengaluru
4219,Employee 4219,Female,48,Sales,Associate,2021-12-11,357987,4,Yes,Bachelor,Single,4,Yes,3,Ahmedabad
4220,Employee 4220,Female,28,Support,Executive,2021-11-18,328129,5,No,Diploma,Single,4,No,3,Delhi
4221,Employee 4221,Male,26,IT,Specialist,2026-01-29,1237038,1,No,Master,Single,0,No,4,Delhi
4222,Employee 4222,Female,49,IT,Specialist,2025-04-21,987135,4,No,Bachelor,Single,1,No,5,Bengaluru
4223,Employee 4223,Female,36,Finance,Executive,2017-08-23,911075,1,No,Master,Married,8,Yes,5,Ahmedabad
4224,Employee 4224,Female,35,Operations,Manager,2018-11-06,1621866,2,No,Bachelor,Single,7,Yes,2,Bengaluru
4225,Employee 4225,Female,22,Operations,Associate,2022-08-17,1537675,1,Yes,Diploma,Single,2,Yes,5,Mumbai
4226,Employee 4226,Male,38,Sales,Engineer,2017-05-24,735178,3,No,Bachelor,Married,9,No,2,Hyderabad
4227,Employee 4227,Male,43,Finance,Engineer,2025-02-09,1570140,1,No,Diploma,Married,1,Yes,5,Hyderabad
4228,Employee 4228,Female,23,Sales,Specialist,2020-11-02,1522417,3,No,Master,Married,3,No,1,Hyderabad
4229,Employee 4229,Female,39,IT,Engineer,2021-11-25,1523013,3,No,Diploma,Married,4,No,4,Chennai
4230,Employee 4230,Male,29,Sales,Analyst,2025-08-24,741876,3,No,Master,Married,0,Yes,1,Delhi
4231,Employee 4231,Male,53,Finance,Manager,2022-03-02,541749,3,No,Diploma,Single,4,Yes,3,Ahmedabad
4232,Employee 4232,Female,23,Support,Specialist,2024-05-24,603421,5,No,Diploma,Single,2,No,1,Ahmedabad
4233,Employee 4233,Male,60,Finance,Associate,2024-10-06,831565,5,No,Diploma,Single,1,Yes,1,Mumbai
4234,Employee 4234,Male,54,HR,Manager,2018-06-14,1542852,4,No,Bachelor,Married,8,Yes,4,Ahmedabad
4235,Employee 4235,Female,28,Finance,Manager,2019-08-25,1606518,5,No,Bachelor,Married,6,No,1,Bengaluru
4236,Employee 4236,Female,26,HR,Specialist,2026-05-20,1229522,1,Yes,Bachelor,Single,0,No,2,Bengaluru
4237,Employee 4237,Female,42,Finance,Engineer,2017-09-20,742658,5,No,Diploma,Married,8,Yes,4,Ahmedabad
4238,Employee 4238,Female,39,Finance,Manager,2024-12-27,1415134,2,No,Master,Single,1,Yes,4,Pune
4239,Employee 4239,Female,50,Support,Engineer,2025-08-11,1731783,5,No,Diploma,Single,0,No,4,Bengaluru
4240,Employee 4240,Female,22,Finance,Engineer,2019-08-21,1294722,2,No,Bachelor,Married,2,Yes,2,Hyderabad
4241,Employee 4241,Male,40,Finance,Engineer,2015-01-20,1111138,2,No,Diploma,Single,11,Yes,5,Hyderabad
4242,Employee 4242,Female,45,Operations,Analyst,2018-03-11,373118,5,No,Diploma,Single,8,No,4,Pune
4243,Employee 4243,Male,58,Support,Analyst,2023-05-19,924545,4,No,Diploma,Single,3,Yes,3,Pune
4244,Employee 4244,Male,27,IT,Associate,2026-04-27,1658604,2,No,Master,Single,0,No,3,Hyderabad
4245,Employee 4245,Female,41,Operations,Specialist,2015-01-11,1673262,2,Yes,Diploma,Single,11,Yes,4,Ahmedabad
4246,Employee 4246,Male,33,Sales,Specialist,2018-06-15,809548,4,No,Bachelor,Married,8,Yes,3,Pune
4247,Employee 4247,Male,58,Sales,Engineer,2016-08-19,1588604,3,No,Diploma,Single,9,Yes,4,Bengaluru
4248,Employee 4248,Male,22,Support,Associate,2025-09-19,911488,4,No,Bachelor,Married,0,Yes,5,Delhi
4249,Employee 4249,Male,38,Support,Manager,2025-12-18,1576960,4,Yes,Diploma,Married,0,Yes,3,Chennai
4250,Employee 4250,Female,21,Operations,Manager,2017-08-16,438949,5,No,Bachelor,Single,1,No,2,Pune
4251,Employee 4251,Male,32,Operations,Executive,2018-06-23,1157389,4,No,Bachelor,Single,8,Yes,4,Pune
4252,Employee 4252,Male,33,IT,Manager,2022-05-18,308614,4,Yes,Master,Single,4,Yes,2,Chennai
4253,Employee 4253,Male,42,HR,Specialist,2021-04-06,333956,5,Yes,Diploma,Single,5,Yes,4,Bengaluru
4254,Employee 4254,Male,35,Support,Analyst,2016-07-14,797425,2,No,Master,Married,9,No,1,Chennai
4255,Employee 4255,Female,43,Sales,Manager,2025-06-16,1597943,2,No,Diploma,Married,1,Yes,1,Pune
4256,Employee 4256,Female,28,Support,Executive,2024-01-21,734767,1,No,Diploma,Single,2,Yes,5,Delhi
4257,Employee 4257,Female,26,Sales,Engineer,2018-01-09,1790504,3,No,Diploma,Married,6,No,5,Mumbai
4258,Employee 4258,Female,37,HR,Manager,2024-05-22,778127,3,No,Diploma,Single,2,Yes,5,Chennai
4259,Employee 4259,Female,42,HR,Associate,2025-02-27,1272605,4,No,Bachelor,Single,1,No,1,Chennai
4260,Employee 4260,Female,40,Support,Specialist,2024-12-26,948333,3,No,Master,Single,1,Yes,2,Mumbai
4261,Employee 4261,Female,57,HR,Specialist,2023-01-04,1099322,1,No,Master,Single,3,No,5,Chennai
4262,Employee 4262,Male,50,Sales,Executive,2022-01-11,1382099,1,Yes,Diploma,Married,4,Yes,2,Chennai
4263,Employee 4263,Female,23,HR,Specialist,2017-08-01,1014238,5,No,Bachelor,Married,3,No,5,Ahmedabad
4264,Employee 4264,Male,32,Operations,Executive,2026-05-05,812601,1,No,Bachelor,Married,0,No,3,Bengaluru
4265,Employee 4265,Male,34,Support,Engineer,2018-09-30,1075211,2,No,Master,Single,7,No,4,Chennai
4266,Employee 4266,Male,31,Marketing,Specialist,2021-08-20,880105,2,No,Master,Single,4,Yes,1,Mumbai
4267,Employee 4267,Male,27,Sales,Executive,2023-12-05,693957,3,No,Master,Married,2,Yes,1,Ahmedabad
4268,Employee 4268,Male,34,Support,Analyst,2023-09-06,489934,1,No,Bachelor,Married,2,No,4,Bengaluru
4269,Employee 4269,Male,24,Operations,Manager,2017-12-15,986968,4,No,Bachelor,Married,4,No,2,Mumbai
4270,Employee 4270,Female,25,Operations,Executive,2025-10-05,1428906,4,Yes,Diploma,Married,0,Yes,2,Hyderabad
4271,Employee 4271,Male,59,Finance,Specialist,2019-03-27,1090831,4,Yes,Master,Single,7,No,5,Ahmedabad
4272,Employee 4272,Male,39,Marketing,Engineer,2019-08-23,644849,1,No,Diploma,Single,6,No,1,Delhi
4273,Employee 4273,Male,59,Marketing,Specialist,2021-05-17,920823,2,No,Master,Single,5,No,1,Pune
4274,Employee 4274,Female,42,Finance,Engineer,2016-08-31,1455744,4,No,Diploma,Married,9,Yes,3,Bengaluru
4275,Employee 4275,Female,47,Sales,Executive,2017-11-13,1332574,3,No,Master,Single,8,No,3,Pune
4276,Employee 4276,Female,41,Operations,Analyst,2018-09-24,284511,3,No,Diploma,Married,7,Yes,5,Bengaluru
4277,Employee 4277,Male,22,Support,Executive,2024-01-05,1531028,1,No,Bachelor,Married,2,Yes,4,Hyderabad
4278,Employee 4278,Female,60,Operations,Analyst,2024-03-29,1491031,5,No,Master,Single,2,No,5,Mumbai
4279,Employee 4279,Female,54,IT,Executive,2017-02-03,1789223,4,No,Bachelor,Married,9,No,1,Chennai
4280,Employee 4280,Male,26,HR,Analyst,2025-06-28,424936,2,No,Diploma,Single,1,Yes,4,Chennai
4281,Employee 4281,Male,54,Support,Analyst,2025-07-13,1068440,3,No,Master,Single,0,Yes,5,Hyderabad
4282,Employee 4282,Female,26,Sales,Engineer,2024-11-09,741650,4,No,Master,Single,1,Yes,5,Mumbai
4283,Employee 4283,Male,22,Finance,Manager,2018-09-29,351220,2,No,Master,Single,2,No,5,Mumbai
4284,Employee 4284,Female,56,Operations,Associate,2022-05-29,1784446,5,No,Bachelor,Married,4,No,1,Hyderabad
4285,Employee 4285,Male,34,Operations,Associate,2018-05-05,1004345,2,Yes,Bachelor,Married,8,Yes,1,Bengaluru
4286,Employee 4286,Male,27,HR,Manager,2017-02-23,297975,5,No,Master,Single,7,No,5,Delhi
4287,Employee 4287,Male,30,IT,Manager,2017-05-25,625844,1,No,Diploma,Single,9,No,5,Ahmedabad
4288,Employee 4288,Female,48,Finance,Executive,2021-06-22,1292488,4,No,Diploma,Married,5,Yes,4,Ahmedabad
4289,Employee 4289,Female,52,HR,Manager,2020-06-11,1655846,1,No,Master,Single,6,Yes,1,Hyderabad
4290,Employee 4290,Male,27,HR,Engineer,2018-04-01,436231,2,No,Bachelor,Married,7,No,5,Pune
4291,Employee 4291,Female,36,Sales,Associate,2024-07-09,268751,3,No,Master,Single,1,No,3,Bengaluru
4292,Employee 4292,Female,34,Finance,Engineer,2025-10-01,1048601,5,No,Diploma,Single,0,Yes,3,Mumbai
4293,Employee 4293,Male,52,Finance,Associate,2025-05-10,1677272,2,No,Bachelor,Married,1,No,4,Chennai
4294,Employee 4294,Female,58,Operations,Specialist,2016-07-05,1734037,1,Yes,Master,Married,9,No,3,Mumbai
4295,Employee 4295,Female,49,HR,Specialist,2019-10-03,1719531,5,No,Bachelor,Single,6,No,1,Hyderabad
4296,Employee 4296,Female,21,Support,Executive,2024-02-28,300232,1,No,Diploma,Single,1,No,1,Delhi
4297,Employee 4297,Male,55,Operations,Engineer,2020-10-15,1476656,3,No,Master,Single,5,Yes,5,Mumbai
4298,Employee 4298,Male,33,Finance,Specialist,2026-04-13,308095,4,No,Master,Single,0,No,2,Chennai
4299,Employee 4299,Male,53,Support,Analyst,2022-08-05,534037,2,No,Diploma,Married,3,No,1,Bengaluru
4300,Employee 4300,Male,57,Marketing,Manager,2025-03-18,799510,5,No,Diploma,Single,1,No,3,Pune
4301,Employee 4301,Female,39,HR,Manager,2023-05-25,1332576,5,No,Diploma,Single,3,No,4,Hyderabad
4302,Employee 4302,Male,46,Finance,Executive,2015-01-16,1077096,5,No,Diploma,Married,11,No,3,Chennai
4303,Employee 4303,Male,40,Support,Specialist,2026-06-27,1609321,2,Yes,Diploma,Single,0,Yes,3,Delhi
4304,Employee 4304,Female,57,Marketing,Specialist,2025-09-08,1017618,3,No,Diploma,Single,0,Yes,1,Ahmedabad
4305,Employee 4305,Male,28,Operations,Engineer,2025-04-03,393847,5,No,Master,Married,1,No,1,Mumbai
4306,Employee 4306,Male,39,Marketing,Analyst,2021-02-10,1119963,3,No,Bachelor,Single,5,No,1,Chennai
4307,Employee 4307,Female,59,Marketing,Analyst,2021-12-17,1526027,2,No,Bachelor,Married,4,Yes,1,Delhi
4308,Employee 4308,Male,39,Operations,Associate,2024-04-12,424212,1,No,Bachelor,Married,2,Yes,2,Delhi
4309,Employee 4309,Male,29,Operations,Specialist,2026-02-04,1175440,3,No,Bachelor,Married,0,No,1,Delhi
4310,Employee 4310,Male,29,Sales,Engineer,2021-11-01,1388992,2,No,Bachelor,Married,4,No,2,Chennai
4311,Employee 4311,Female,27,Operations,Associate,2020-05-17,1238200,2,No,Master,Single,6,No,3,Mumbai
4312,Employee 4312,Male,35,Operations,Analyst,2020-06-08,377381,2,No,Bachelor,Married,6,No,2,Chennai
4313,Employee 4313,Female,37,Finance,Executive,2017-02-20,290106,1,No,Bachelor,Single,9,Yes,3,Pune
4314,Employee 4314,Female,40,Operations,Analyst,2023-01-10,466543,2,No,Diploma,Married,3,Yes,1,Pune
4315,Employee 4315,Male,34,Operations,Analyst,2025-04-25,1753521,4,No,Master,Single,1,Yes,4,Hyderabad
4316,Employee 4316,Female,33,Operations,Manager,2020-04-29,1068095,1,No,Diploma,Married,6,No,2,Ahmedabad
4317,Employee 4317,Female,29,Sales,Engineer,2023-11-21,1300606,5,No,Diploma,Married,2,No,4,Chennai
4318,Employee 4318,Female,50,Sales,Specialist,2022-03-03,960153,3,No,Master,Single,4,Yes,2,Delhi
4319,Employee 4319,Male,49,HR,Executive,2018-07-25,1374597,2,No,Diploma,Single,7,Yes,2,Pune
4320,Employee 4320,Female,53,IT,Associate,2026-03-02,650660,5,No,Master,Single,0,Yes,5,Chennai
4321,Employee 4321,Male,59,Sales,Analyst,2016-04-15,259247,1,No,Diploma,Single,10,No,1,Chennai
4322,Employee 4322,Female,54,Operations,Specialist,2016-02-04,1468305,5,No,Diploma,Married,10,Yes,2,Hyderabad
4323,Employee 4323,Female,51,Operations,Engineer,2020-12-03,1468296,3,No,Master,Married,5,Yes,2,Hyderabad
4324,Employee 4324,Female,44,HR,Engineer,2025-12-01,1495369,1,Yes,Bachelor,Single,0,No,5,Chennai
4325,Employee 4325,Female,28,Sales,Analyst,2025-05-31,943813,4,No,Master,Single,1,No,4,Mumbai
4326,Employee 4326,Female,56,Support,Analyst,2016-01-13,1299404,4,No,Diploma,Single,10,No,4,Hyderabad
4327,Employee 4327,Male,26,Finance,Engineer,2021-07-08,940629,3,No,Diploma,Married,4,No,1,Delhi
4328,Employee 4328,Female,54,HR,Manager,2016-02-08,318392,3,No,Master,Single,10,No,5,Mumbai
4329,Employee 4329,Female,41,HR,Engineer,2023-02-23,983970,3,No,Diploma,Married,3,Yes,3,Ahmedabad
4330,Employee 4330,Female,50,Finance,Engineer,2023-10-30,520474,1,No,Diploma,Married,2,Yes,2,Hyderabad
4331,Employee 4331,Male,54,IT,Specialist,2017-12-09,283088,1,No,Diploma,Married,8,No,1,Hyderabad
4332,Employee 4332,Male,42,IT,Associate,2020-01-03,1509859,4,No,Diploma,Married,6,Yes,4,Ahmedabad
4333,Employee 4333,Female,53,IT,Manager,2018-03-15,716428,3,No,Bachelor,Single,8,Yes,2,Mumbai
4334,Employee 4334,Male,45,HR,Executive,2021-01-29,1516567,3,Yes,Diploma,Single,5,Yes,4,Delhi
4335,Employee 4335,Female,39,Sales,Executive,2022-07-04,624454,1,No,Bachelor,Single,3,No,5,Pune
4336,Employee 4336,Female,30,IT,Analyst,2017-08-26,1507004,4,No,Diploma,Single,8,No,3,Ahmedabad
4337,Employee 4337,Female,35,Marketing,Associate,2019-04-23,1161437,1,No,Master,Married,7,Yes,5,Pune
4338,Employee 4338,Female,59,Marketing,Engineer,2024-12-15,530244,1,No,Master,Single,1,Yes,1,Delhi
4339,Employee 4339,Female,23,Operations,Associate,2020-11-22,1096042,4,No,Diploma,Single,3,No,2,Pune
4340,Employee 4340,Male,43,Marketing,Manager,2016-07-22,556585,3,No,Master,Single,9,No,1,Chennai
4341,Employee 4341,Female,37,Operations,Engineer,2021-03-07,594814,2,No,Master,Single,5,No,4,Hyderabad
4342,Employee 4342,Female,60,Support,Analyst,2021-05-20,576063,5,No,Diploma,Single,5,Yes,4,Chennai
4343,Employee 4343,Male,31,IT,Executive,2021-12-12,1275064,5,No,Bachelor,Single,4,No,2,Chennai
4344,Employee 4344,Female,43,Sales,Analyst,2021-11-01,410349,1,No,Bachelor,Single,4,No,4,Delhi
4345,Employee 4345,Female,24,Sales,Manager,2025-03-24,1792046,3,No,Diploma,Married,1,No,5,Ahmedabad
4346,Employee 4346,Female,31,Marketing,Engineer,2020-03-30,295345,5,No,Diploma,Single,6,No,2,Pune
4347,Employee 4347,Female,55,Marketing,Manager,2019-12-04,678713,5,No,Master,Single,6,Yes,4,Mumbai
4348,Employee 4348,Female,55,HR,Engineer,2022-04-24,305023,1,No,Master,Single,4,Yes,5,Pune
4349,Employee 4349,Male,50,IT,Engineer,2019-08-17,691303,5,No,Master,Married,6,No,4,Ahmedabad
4350,Employee 4350,Female,50,Sales,Engineer,2022-03-15,474473,3,Yes,Diploma,Single,4,No,1,Delhi
4351,Employee 4351,Male,29,Operations,Associate,2016-12-10,1250827,4,No,Bachelor,Single,9,No,1,Bengaluru
4352,Employee 4352,Male,25,IT,Analyst,2020-07-06,852505,2,No,Diploma,Married,5,No,1,Hyderabad
4353,Employee 4353,Male,32,HR,Manager,2023-08-21,1278968,3,No,Bachelor,Married,2,No,1,Ahmedabad
4354,Employee 4354,Male,26,Support,Executive,2018-12-03,511891,5,No,Diploma,Married,6,No,3,Chennai
4355,Employee 4355,Female,43,Marketing,Associate,2024-08-28,1427784,5,No,Master,Single,1,No,5,Pune
4356,Employee 4356,Male,57,HR,Engineer,2022-12-17,906204,1,No,Bachelor,Married,3,Yes,5,Delhi
4357,Employee 4357,Female,58,HR,Manager,2019-04-25,926182,4,No,Master,Single,7,No,4,Pune
4358,Employee 4358,Male,30,Operations,Specialist,2015-04-11,1610193,2,No,Diploma,Married,10,Yes,1,Delhi
4359,Employee 4359,Male,47,Operations,Manager,2024-07-09,1595801,5,No,Bachelor,Married,1,No,1,Ahmedabad
4360,Employee 4360,Male,41,Finance,Specialist,2021-01-16,1549762,5,No,Master,Married,5,Yes,4,Chennai
4361,Employee 4361,Female,28,Finance,Manager,2020-02-21,1235162,1,No,Master,Married,6,No,4,Mumbai
4362,Employee 4362,Female,42,Operations,Specialist,2017-10-27,812926,5,Yes,Master,Single,8,No,4,Ahmedabad
4363,Employee 4363,Female,60,Support,Manager,2020-12-27,1527799,5,No,Master,Married,5,No,2,Mumbai
4364,Employee 4364,Male,44,HR,Specialist,2023-06-12,1304208,5,No,Diploma,Married,3,No,4,Bengaluru
4365,Employee 4365,Female,57,Operations,Specialist,2016-12-03,1452069,5,No,Bachelor,Single,9,Yes,2,Chennai
4366,Employee 4366,Male,21,IT,Engineer,2024-04-06,1297692,1,No,Diploma,Married,1,No,5,Ahmedabad
4367,Employee 4367,Male,44,Operations,Manager,2019-02-23,619391,2,No,Master,Single,7,Yes,5,Chennai
4368,Employee 4368,Female,47,Marketing,Manager,2023-09-17,1663941,1,No,Master,Married,2,No,4,Ahmedabad
4369,Employee 4369,Male,21,Marketing,Manager,2016-11-10,1483415,1,No,Diploma,Single,1,No,1,Hyderabad
4370,Employee 4370,Male,31,HR,Associate,2017-11-02,1459558,2,Yes,Master,Married,8,No,2,Chennai
4371,Employee 4371,Female,54,HR,Executive,2017-09-12,1646945,2,No,Diploma,Married,8,No,4,Mumbai
4372,Employee 4372,Male,40,Finance,Executive,2015-04-24,576395,3,No,Master,Married,11,Yes,1,Bengaluru
4373,Employee 4373,Male,58,Support,Engineer,2023-03-09,1052055,3,No,Bachelor,Single,3,No,1,Pune
4374,Employee 4374,Female,56,HR,Executive,2019-10-10,495940,4,No,Bachelor,Married,6,Yes,3,Bengaluru
4375,Employee 4375,Male,40,Marketing,Specialist,2017-01-28,1546144,2,No,Master,Married,9,Yes,5,Hyderabad
4376,Employee 4376,Female,52,Operations,Associate,2017-05-31,782628,3,Yes,Bachelor,Married,9,No,4,Mumbai
4377,Employee 4377,Male,36,IT,Specialist,2018-01-19,1041591,4,No,Master,Married,8,No,3,Ahmedabad
4378,Employee 4378,Male,29,Sales,Executive,2020-01-13,1093601,5,Yes,Diploma,Married,6,Yes,4,Delhi
4379,Employee 4379,Male,28,Support,Associate,2019-05-12,1289338,1,No,Bachelor,Single,7,No,1,Pune
4380,Employee 4380,Female,58,Sales,Executive,2019-09-15,1371073,2,No,Bachelor,Single,6,Yes,3,Hyderabad
4381,Employee 4381,Male,46,HR,Analyst,2023-06-26,1243135,1,No,Diploma,Single,3,Yes,3,Pune
4382,Employee 4382,Female,49,Sales,Associate,2020-10-11,1725768,1,No,Diploma,Single,5,No,4,Bengaluru
4383,Employee 4383,Female,30,Sales,Executive,2024-12-25,390103,4,No,Diploma,Married,1,No,1,Hyderabad
4384,Employee 4384,Male,25,Operations,Specialist,2024-03-02,1053886,4,No,Bachelor,Single,2,Yes,3,Mumbai
4385,Employee 4385,Female,29,Support,Manager,2018-07-19,1708729,2,Yes,Bachelor,Married,7,No,2,Pune
4386,Employee 4386,Male,54,Sales,Associate,2019-02-02,1162042,1,Yes,Master,Single,7,No,3,Pune
4387,Employee 4387,Female,34,HR,Manager,2023-09-09,1180667,1,No,Diploma,Married,2,No,1,Delhi
4388,Employee 4388,Male,38,Marketing,Specialist,2022-09-15,902480,4,No,Master,Single,3,No,5,Delhi
4389,Employee 4389,Female,54,HR,Specialist,2022-06-07,1042192,4,Yes,Master,Single,4,No,3,Delhi
4390,Employee 4390,Male,33,Finance,Manager,2020-04-02,1155659,5,Yes,Bachelor,Married,6,No,5,Mumbai
4391,Employee 4391,Female,25,IT,Manager,2016-04-19,1081375,5,Yes,Bachelor,Single,5,No,3,Bengaluru
4392,Employee 4392,Female,30,IT,Associate,2025-12-06,1428038,5,No,Bachelor,Married,0,Yes,3,Ahmedabad
4393,Employee 4393,Female,21,Operations,Associate,2021-02-12,1669941,2,No,Bachelor,Single,1,No,1,Bengaluru
4394,Employee 4394,Female,27,Marketing,Specialist,2016-01-24,1050628,5,No,Bachelor,Married,7,No,5,Mumbai
4395,Employee 4395,Female,56,Support,Executive,2025-10-21,724631,5,No,Diploma,Single,0,No,5,Pune
4396,Employee 4396,Male,45,Finance,Manager,2023-05-14,1393242,3,No,Master,Married,3,No,4,Delhi
4397,Employee 4397,Female,34,Operations,Specialist,2017-11-28,994577,3,No,Master,Single,8,No,1,Ahmedabad
4398,Employee 4398,Female,60,IT,Executive,2020-04-01,1151651,5,No,Master,Single,6,Yes,3,Ahmedabad
4399,Employee 4399,Male,58,Sales,Analyst,2022-05-17,506760,5,No,Bachelor,Single,4,Yes,3,Ahmedabad
4400,Employee 4400,Male,24,HR,Specialist,2022-05-02,1616928,4,No,Diploma,Married,4,Yes,2,Bengaluru
4401,Employee 4401,Female,52,Operations,Engineer,2022-08-31,1302502,2,No,Bachelor,Single,3,Yes,4,Hyderabad
4402,Employee 4402,Female,30,Marketing,Manager,2024-12-08,448475,1,No,Master,Single,1,Yes,2,Delhi
4403,Employee 4403,Male,29,HR,Specialist,2026-05-01,752717,1,Yes,Master,Married,0,No,2,Chennai
4404,Employee 4404,Female,60,Sales,Manager,2019-12-05,1744646,3,Yes,Master,Married,6,No,1,Delhi
4405,Employee 4405,Male,23,HR,Associate,2023-10-15,1287248,4,Yes,Bachelor,Single,2,Yes,5,Hyderabad
4406,Employee 4406,Male,39,HR,Engineer,2017-08-11,256449,4,No,Bachelor,Single,8,No,5,Hyderabad
4407,Employee 4407,Male,42,Operations,Engineer,2025-06-13,1431022,2,Yes,Master,Single,1,Yes,5,Mumbai
4408,Employee 4408,Female,60,Marketing,Engineer,2016-06-17,1289135,2,No,Diploma,Married,10,Yes,2,Pune
4409,Employee 4409,Female,44,Marketing,Manager,2023-08-28,1785931,4,No,Master,Single,2,No,4,Chennai
4410,Employee 4410,Male,23,IT,Specialist,2024-08-22,1796196,3,No,Bachelor,Married,1,No,2,Mumbai
4411,Employee 4411,Male,58,Operations,Manager,2016-08-09,1724498,1,No,Master,Single,9,Yes,3,Pune
4412,Employee 4412,Male,52,HR,Analyst,2025-08-01,361339,1,No,Master,Single,0,No,3,Mumbai
4413,Employee 4413,Female,41,Operations,Manager,2022-05-23,1412457,5,No,Bachelor,Married,4,No,4,Delhi
4414,Employee 4414,Female,48,Support,Executive,2023-03-24,255161,5,No,Diploma,Married,3,Yes,2,Ahmedabad
4415,Employee 4415,Male,35,HR,Engineer,2018-08-04,429430,4,No,Bachelor,Married,7,No,3,Ahmedabad
4416,Employee 4416,Male,55,IT,Executive,2022-10-29,868287,4,No,Bachelor,Single,3,Yes,5,Ahmedabad
4417,Employee 4417,Female,51,HR,Engineer,2026-05-03,468480,1,No,Master,Married,0,Yes,3,Chennai
4418,Employee 4418,Female,36,HR,Specialist,2020-12-30,1101790,2,No,Master,Married,5,No,5,Chennai
4419,Employee 4419,Male,55,IT,Specialist,2020-10-31,274016,1,No,Master,Married,5,Yes,5,Chennai
4420,Employee 4420,Male,47,Operations,Engineer,2025-03-13,423428,5,No,Bachelor,Single,1,No,3,Ahmedabad
4421,Employee 4421,Male,35,Sales,Analyst,2017-11-12,942359,5,No,Diploma,Single,8,No,4,Pune
4422,Employee 4422,Male,56,Operations,Associate,2017-05-27,463526,4,No,Bachelor,Married,9,Yes,4,Hyderabad
4423,Employee 4423,Male,45,Finance,Analyst,2020-09-25,1312527,1,No,Master,Married,5,No,5,Pune
4424,Employee 4424,Female,43,Finance,Specialist,2022-06-20,1032720,5,No,Master,Married,4,Yes,1,Bengaluru
4425,Employee 4425,Female,22,Marketing,Analyst,2021-12-24,449376,3,No,Diploma,Married,2,No,5,Hyderabad
4426,Employee 4426,Male,40,Marketing,Associate,2016-12-25,1044016,4,No,Bachelor,Married,9,No,2,Pune
4427,Employee 4427,Male,38,Marketing,Engineer,2025-04-29,1250491,3,No,Master,Single,1,No,3,Chennai
4428,Employee 4428,Male,33,Sales,Analyst,2017-12-15,1042807,1,No,Bachelor,Married,8,No,3,Chennai
4429,Employee 4429,Male,22,Operations,Specialist,2025-01-02,1099308,4,No,Bachelor,Married,1,Yes,5,Bengaluru
4430,Employee 4430,Male,29,Support,Specialist,2025-04-22,805017,2,Yes,Diploma,Married,1,No,4,Ahmedabad
4431,Employee 4431,Male,21,Marketing,Associate,2019-04-08,1286697,1,No,Diploma,Married,1,No,4,Pune
4432,Employee 4432,Male,41,IT,Analyst,2021-10-03,1249488,4,Yes,Master,Single,4,No,5,Mumbai
4433,Employee 4433,Female,35,Sales,Specialist,2021-08-01,1740274,5,No,Bachelor,Married,4,No,1,Bengaluru
4434,Employee 4434,Male,48,Operations,Manager,2021-12-12,711992,5,Yes,Master,Single,4,Yes,2,Chennai
4435,Employee 4435,Male,52,HR,Analyst,2016-05-19,1359540,5,No,Master,Single,10,Yes,5,Ahmedabad
4436,Employee 4436,Male,53,Finance,Manager,2017-09-08,735864,3,No,Master,Single,8,No,2,Chennai
4437,Employee 4437,Female,22,Operations,Engineer,2021-10-29,385011,2,No,Master,Married,2,No,4,Delhi
4438,Employee 4438,Female,26,Operations,Engineer,2022-06-07,761424,2,No,Bachelor,Married,4,Yes,4,Pune
4439,Employee 4439,Female,39,Support,Specialist,2018-09-29,425101,4,Yes,Bachelor,Single,7,No,3,Chennai
4440,Employee 4440,Male,52,Support,Associate,2020-06-16,990737,3,No,Master,Single,6,No,3,Hyderabad
4441,Employee 4441,Female,35,Operations,Specialist,2015-10-16,597844,3,Yes,Bachelor,Married,10,Yes,1,Delhi
4442,Employee 4442,Male,48,IT,Analyst,2024-11-04,1713856,4,Yes,Diploma,Single,1,No,4,Hyderabad
4443,Employee 4443,Female,28,Support,Engineer,2015-05-18,648344,4,No,Diploma,Married,8,Yes,5,Bengaluru
4444,Employee 4444,Female,23,Sales,Specialist,2023-01-11,1231893,5,No,Bachelor,Married,3,No,2,Ahmedabad
4445,Employee 4445,Female,42,Marketing,Manager,2023-02-02,431199,3,Yes,Diploma,Single,3,No,1,Mumbai
4446,Employee 4446,Female,25,IT,Associate,2025-05-14,841740,1,No,Diploma,Single,1,Yes,2,Hyderabad
4447,Employee 4447,Male,56,Support,Associate,2019-04-23,1395758,3,No,Bachelor,Single,7,No,4,Mumbai
4448,Employee 4448,Female,50,Operations,Analyst,2019-12-12,1421741,5,No,Bachelor,Married,6,No,2,Pune
4449,Employee 4449,Female,24,Marketing,Analyst,2025-02-21,769563,1,No,Bachelor,Single,1,No,2,Bengaluru
4450,Employee 4450,Female,45,HR,Associate,2021-07-10,1266899,3,No,Master,Single,4,Yes,3,Pune
4451,Employee 4451,Male,36,Marketing,Engineer,2023-05-16,1641303,4,No,Master,Married,3,Yes,2,Chennai
4452,Employee 4452,Male,22,Sales,Specialist,2015-02-15,671108,4,No,Bachelor,Single,2,No,4,Pune
4453,Employee 4453,Male,59,Operations,Analyst,2026-01-16,980548,1,No,Bachelor,Married,0,No,2,Delhi
4454,Employee 4454,Male,25,Marketing,Specialist,2023-12-22,527760,5,No,Master,Married,2,Yes,1,Bengaluru
4455,Employee 4455,Female,26,IT,Engineer,2022-06-09,968479,5,No,Master,Married,4,No,4,Ahmedabad
4456,Employee 4456,Female,31,Operations,Manager,2024-05-28,1083586,5,Yes,Diploma,Single,2,Yes,3,Chennai
4457,Employee 4457,Male,57,IT,Specialist,2017-07-28,1416460,3,No,Bachelor,Married,8,No,2,Mumbai
4458,Employee 4458,Female,35,Support,Associate,2020-06-09,648636,5,No,Master,Married,6,Yes,1,Ahmedabad
4459,Employee 4459,Male,47,HR,Engineer,2022-10-24,935037,5,No,Diploma,Single,3,No,4,Mumbai
4460,Employee 4460,Male,60,Marketing,Manager,2022-01-11,755282,5,No,Diploma,Married,4,No,1,Ahmedabad
4461,Employee 4461,Male,31,Support,Manager,2025-06-22,567160,4,No,Master,Married,1,Yes,4,Delhi
4462,Employee 4462,Female,23,HR,Specialist,2021-09-19,617090,4,No,Diploma,Married,3,No,5,Delhi
4463,Employee 4463,Female,27,Sales,Specialist,2016-10-18,433677,3,No,Diploma,Single,7,No,5,Hyderabad
4464,Employee 4464,Female,59,Marketing,Analyst,2019-10-05,693713,2,No,Bachelor,Married,6,No,5,Chennai
4465,Employee 4465,Female,53,Sales,Associate,2023-01-21,1770484,5,No,Bachelor,Single,3,No,3,Delhi
4466,Employee 4466,Female,47,IT,Executive,2023-11-29,752511,1,No,Diploma,Single,2,No,5,Mumbai
4467,Employee 4467,Male,37,Support,Manager,2018-03-11,978041,1,No,Bachelor,Married,8,Yes,1,Pune
4468,Employee 4468,Male,27,HR,Associate,2021-04-03,1206371,1,No,Master,Single,5,No,2,Mumbai
4469,Employee 4469,Female,49,Marketing,Executive,2023-03-19,830982,3,No,Master,Single,3,Yes,2,Ahmedabad
4470,Employee 4470,Female,37,Operations,Associate,2019-09-18,301980,1,No,Diploma,Married,6,Yes,2,Delhi
4471,Employee 4471,Male,21,HR,Manager,2022-06-22,1332733,2,No,Bachelor,Married,1,No,5,Bengaluru
4472,Employee 4472,Male,48,Marketing,Associate,2021-07-20,834500,4,No,Bachelor,Married,4,Yes,1,Delhi
4473,Employee 4473,Female,33,HR,Specialist,2016-12-19,1428413,3,No,Diploma,Single,9,No,4,Hyderabad
4474,Employee 4474,Female,27,Marketing,Analyst,2021-01-11,1282174,1,No,Bachelor,Single,5,No,5,Pune
4475,Employee 4475,Male,22,Support,Manager,2025-01-20,473599,3,No,Master,Married,1,Yes,4,Mumbai
4476,Employee 4476,Female,50,Sales,Manager,2021-02-27,667977,5,No,Bachelor,Single,5,No,5,Chennai
4477,Employee 4477,Female,52,Operations,Manager,2024-06-19,1446448,1,Yes,Bachelor,Married,2,No,1,Bengaluru
4478,Employee 4478,Female,29,HR,Engineer,2016-02-03,1322666,5,No,Master,Married,9,Yes,3,Mumbai
4479,Employee 4479,Male,54,Operations,Engineer,2021-12-12,259928,5,No,Master,Married,4,Yes,2,Chennai
4480,Employee 4480,Female,40,Support,Associate,2019-02-19,1447106,3,No,Diploma,Married,7,Yes,5,Chennai
4481,Employee 4481,Female,49,Sales,Associate,2025-01-28,750866,5,No,Bachelor,Married,1,No,1,Pune
4482,Employee 4482,Male,55,HR,Associate,2022-09-21,1596021,3,No,Diploma,Single,3,No,5,Pune
4483,Employee 4483,Male,28,Support,Engineer,2022-02-26,550146,4,No,Diploma,Married,4,No,1,Hyderabad
4484,Employee 4484,Female,38,Marketing,Analyst,2017-02-23,1196470,5,No,Bachelor,Married,9,Yes,3,Delhi
4485,Employee 4485,Female,44,Support,Specialist,2019-02-10,1462991,4,No,Master,Single,7,No,2,Chennai
4486,Employee 4486,Female,23,IT,Executive,2024-04-05,1184897,2,Yes,Diploma,Married,2,No,5,Pune
4487,Employee 4487,Male,39,Sales,Manager,2017-03-02,740932,3,No,Bachelor,Single,9,Yes,3,Hyderabad
4488,Employee 4488,Female,22,Support,Associate,2015-03-31,630972,3,No,Diploma,Single,2,Yes,2,Mumbai
4489,Employee 4489,Male,23,Finance,Engineer,2019-09-14,716030,3,Yes,Diploma,Married,3,Yes,4,Ahmedabad
4490,Employee 4490,Male,30,Operations,Specialist,2015-08-01,579657,3,No,Master,Single,10,Yes,4,Delhi
4491,Employee 4491,Male,40,Sales,Manager,2021-08-23,1294908,2,Yes,Master,Single,4,Yes,1,Chennai
4492,Employee 4492,Female,28,IT,Associate,2016-10-31,1183981,3,No,Master,Married,8,No,1,Delhi
4493,Employee 4493,Male,59,Operations,Analyst,2019-09-22,613321,1,No,Bachelor,Single,6,No,3,Bengaluru
4494,Employee 4494,Male,38,HR,Executive,2024-12-17,1139658,1,No,Bachelor,Single,1,Yes,2,Mumbai
4495,Employee 4495,Male,42,HR,Specialist,2019-08-22,839123,3,No,Bachelor,Married,6,Yes,2,Pune
4496,Employee 4496,Female,23,HR,Analyst,2024-02-08,1640792,4,No,Master,Married,2,Yes,3,Delhi
4497,Employee 4497,Male,29,Operations,Engineer,2023-09-29,1380147,5,No,Diploma,Single,2,Yes,4,Hyderabad
4498,Employee 4498,Female,56,HR,Executive,2025-05-02,1018565,3,No,Diploma,Single,1,Yes,4,Pune
4499,Employee 4499,Male,43,IT,Associate,2015-06-22,419659,3,Yes,Master,Married,11,No,5,Delhi
4500,Employee 4500,Female,38,Support,Manager,2025-02-16,1074201,1,No,Master,Married,1,Yes,1,Delhi
4501,Employee 4501,Male,57,Support,Analyst,2016-11-28,1702601,3,No,Bachelor,Single,9,No,4,Delhi
4502,Employee 4502,Male,41,Marketing,Engineer,2017-01-29,437510,1,Yes,Diploma,Single,9,Yes,5,Delhi
4503,Employee 4503,Female,22,IT,Manager,2015-10-09,1390127,1,No,Bachelor,Single,2,Yes,3,Delhi
4504,Employee 4504,Female,25,IT,Specialist,2018-08-07,478884,3,No,Master,Married,5,Yes,3,Hyderabad
4505,Employee 4505,Female,30,Operations,Executive,2018-11-09,1584562,2,No,Bachelor,Married,7,Yes,1,Delhi
4506,Employee 4506,Male,56,Finance,Specialist,2020-06-01,331748,2,No,Bachelor,Married,6,No,4,Chennai
4507,Employee 4507,Male,54,Marketing,Executive,2019-01-27,626051,3,No,Diploma,Single,7,No,1,Mumbai
4508,Employee 4508,Male,25,Operations,Executive,2016-07-10,263308,4,Yes,Bachelor,Single,5,No,2,Hyderabad
4509,Employee 4509,Female,23,IT,Associate,2024-10-19,872225,3,No,Bachelor,Married,1,No,3,Pune
4510,Employee 4510,Female,25,Operations,Engineer,2020-09-19,1286031,2,No,Diploma,Single,5,No,3,Mumbai
4511,Employee 4511,Male,38,HR,Executive,2023-08-17,1601058,1,No,Diploma,Married,2,No,3,Ahmedabad
4512,Employee 4512,Male,24,Support,Associate,2018-10-16,492907,2,No,Bachelor,Married,4,Yes,1,Hyderabad
4513,Employee 4513,Male,41,IT,Engineer,2016-05-03,1558047,4,Yes,Master,Married,10,Yes,2,Mumbai
4514,Employee 4514,Male,47,Sales,Executive,2017-05-12,311293,2,No,Bachelor,Married,9,No,3,Ahmedabad
4515,Employee 4515,Female,58,Sales,Analyst,2024-12-01,742348,1,No,Diploma,Single,1,No,4,Hyderabad
4516,Employee 4516,Female,52,Marketing,Engineer,2022-07-28,1714921,5,Yes,Bachelor,Married,3,No,5,Delhi
4517,Employee 4517,Female,56,Finance,Analyst,2022-06-08,1523732,2,No,Bachelor,Single,4,No,3,Chennai
4518,Employee 4518,Female,57,Sales,Manager,2020-03-03,1703139,5,No,Bachelor,Single,6,No,4,Bengaluru
4519,Employee 4519,Female,38,Sales,Manager,2015-03-18,941857,3,No,Master,Married,11,Yes,3,Delhi
4520,Employee 4520,Female,26,Support,Associate,2024-10-26,1747234,1,No,Bachelor,Single,1,Yes,1,Delhi
4521,Employee 4521,Female,28,Marketing,Associate,2021-03-11,1068821,1,No,Diploma,Married,5,Yes,5,Chennai
4522,Employee 4522,Female,42,Marketing,Associate,2024-10-29,1380185,2,No,Bachelor,Single,1,Yes,1,Mumbai
4523,Employee 4523,Female,55,IT,Analyst,2015-09-14,1265652,5,No,Diploma,Married,10,No,5,Chennai
4524,Employee 4524,Female,30,Marketing,Specialist,2024-05-23,791194,5,No,Bachelor,Married,2,Yes,4,Chennai
4525,Employee 4525,Male,23,IT,Analyst,2020-09-01,1402598,5,No,Master,Single,3,No,3,Pune
4526,Employee 4526,Female,37,Marketing,Executive,2016-05-24,395130,1,No,Diploma,Married,10,No,3,Mumbai
4527,Employee 4527,Male,34,Finance,Executive,2016-01-10,1093290,3,Yes,Bachelor,Single,10,Yes,4,Ahmedabad
4528,Employee 4528,Female,48,Operations,Engineer,2024-12-11,648940,1,No,Diploma,Single,1,Yes,3,Ahmedabad
4529,Employee 4529,Male,44,Operations,Associate,2017-08-27,855090,1,No,Diploma,Single,8,No,4,Delhi
4530,Employee 4530,Female,58,Operations,Specialist,2021-03-15,921495,2,No,Diploma,Single,5,Yes,5,Mumbai
4531,Employee 4531,Female,30,HR,Manager,2021-01-15,1073129,5,No,Master,Single,5,Yes,5,Ahmedabad
4532,Employee 4532,Female,52,Marketing,Analyst,2015-04-30,1646960,2,No,Bachelor,Married,11,Yes,4,Mumbai
4533,Employee 4533,Male,27,Support,Engineer,2026-03-25,1787605,1,Yes,Diploma,Single,0,No,5,Pune
4534,Employee 4534,Male,49,Marketing,Associate,2015-01-25,509967,2,No,Diploma,Married,11,No,5,Delhi
4535,Employee 4535,Female,38,Marketing,Associate,2015-06-10,375099,3,No,Bachelor,Single,11,No,2,Chennai
4536,Employee 4536,Male,32,IT,Associate,2022-09-16,1310976,5,Yes,Bachelor,Married,3,Yes,4,Hyderabad
4537,Employee 4537,Male,24,Finance,Manager,2022-10-13,290399,2,No,Bachelor,Single,3,Yes,3,Ahmedabad
4538,Employee 4538,Male,32,Sales,Engineer,2026-06-02,1769773,1,No,Diploma,Single,0,Yes,1,Hyderabad
4539,Employee 4539,Male,27,Marketing,Manager,2023-04-03,448667,3,No,Master,Married,3,Yes,1,Bengaluru
4540,Employee 4540,Female,24,Operations,Manager,2023-12-16,276154,2,No,Master,Single,2,Yes,5,Pune
4541,Employee 4541,Male,37,HR,Manager,2023-11-11,1670639,2,Yes,Diploma,Married,2,No,5,Chennai
4542,Employee 4542,Male,30,HR,Manager,2024-05-04,830439,3,No,Master,Single,2,No,1,Mumbai
4543,Employee 4543,Male,55,HR,Analyst,2016-04-10,989801,4,No,Bachelor,Single,10,Yes,3,Pune
4544,Employee 4544,Female,30,Finance,Associate,2015-07-01,297410,1,No,Diploma,Single,10,No,1,Pune
4545,Employee 4545,Male,24,Support,Analyst,2025-11-05,493746,1,No,Bachelor,Married,0,No,2,Chennai
4546,Employee 4546,Female,49,Support,Specialist,2015-11-20,457504,4,No,Diploma,Single,10,Yes,1,Mumbai
4547,Employee 4547,Male,46,Support,Engineer,2022-07-03,1534648,1,No,Master,Married,4,Yes,4,Chennai
4548,Employee 4548,Female,53,Finance,Analyst,2024-06-28,1227461,3,No,Bachelor,Single,2,Yes,4,Chennai
4549,Employee 4549,Female,21,Operations,Associate,2020-01-17,1648128,4,No,Master,Single,1,No,5,Chennai
4550,Employee 4550,Female,49,Sales,Manager,2022-12-19,1411553,1,No,Diploma,Married,3,Yes,3,Mumbai
4551,Employee 4551,Male,56,IT,Associate,2015-02-10,477756,1,No,Bachelor,Single,11,No,1,Hyderabad
4552,Employee 4552,Male,53,HR,Executive,2021-10-03,1721686,2,No,Bachelor,Married,4,No,1,Chennai
4553,Employee 4553,Male,42,Sales,Executive,2017-01-20,1710997,5,Yes,Master,Single,9,Yes,2,Mumbai
4554,Employee 4554,Male,37,Operations,Analyst,2024-12-07,1316156,5,No,Diploma,Single,1,No,4,Pune
4555,Employee 4555,Male,34,Finance,Manager,2022-11-18,461481,3,No,Bachelor,Married,3,Yes,5,Chennai
4556,Employee 4556,Male,55,Marketing,Engineer,2024-09-26,1454068,3,No,Diploma,Single,1,Yes,1,Pune
4557,Employee 4557,Male,33,Marketing,Engineer,2022-12-19,1089458,1,No,Bachelor,Married,3,Yes,1,Ahmedabad
4558,Employee 4558,Female,26,HR,Specialist,2019-11-17,1163114,4,Yes,Diploma,Single,6,Yes,3,Hyderabad
4559,Employee 4559,Female,41,Marketing,Executive,2021-04-03,621799,1,No,Master,Married,5,No,4,Chennai
4560,Employee 4560,Male,33,HR,Engineer,2019-01-08,1578018,1,No,Bachelor,Single,7,No,3,Pune
4561,Employee 4561,Male,23,HR,Associate,2015-03-11,1015205,5,No,Master,Married,3,No,1,Pune
4562,Employee 4562,Female,57,HR,Analyst,2016-01-11,1629248,1,No,Diploma,Married,10,No,5,Bengaluru
4563,Employee 4563,Male,40,HR,Analyst,2020-12-18,446702,4,Yes,Master,Single,5,Yes,1,Hyderabad
4564,Employee 4564,Female,39,Marketing,Engineer,2020-10-29,585781,4,No,Bachelor,Married,5,Yes,5,Pune
4565,Employee 4565,Female,41,Support,Associate,2021-04-09,993939,5,Yes,Bachelor,Married,5,Yes,1,Hyderabad
4566,Employee 4566,Female,22,IT,Manager,2018-07-13,769137,2,No,Master,Single,2,No,4,Bengaluru
4567,Employee 4567,Female,38,Sales,Specialist,2020-10-27,1679913,5,Yes,Master,Married,5,No,3,Mumbai
4568,Employee 4568,Female,37,Sales,Specialist,2018-10-16,898043,2,No,Master,Married,7,Yes,2,Hyderabad
4569,Employee 4569,Male,53,Operations,Analyst,2020-04-09,734892,5,No,Diploma,Married,6,No,2,Bengaluru
4570,Employee 4570,Male,33,HR,Specialist,2018-07-23,1634778,4,No,Bachelor,Married,7,No,4,Bengaluru
4571,Employee 4571,Female,36,Marketing,Associate,2018-10-18,442367,4,No,Diploma,Married,7,Yes,5,Hyderabad
4572,Employee 4572,Female,40,IT,Specialist,2022-03-14,1271094,3,No,Master,Single,4,No,4,Bengaluru
4573,Employee 4573,Female,57,Operations,Analyst,2017-10-27,1295113,5,No,Master,Married,8,Yes,5,Mumbai
4574,Employee 4574,Female,40,Sales,Analyst,2021-09-22,471033,3,No,Bachelor,Single,4,Yes,2,Ahmedabad
4575,Employee 4575,Male,57,Sales,Analyst,2018-08-14,1581161,3,Yes,Diploma,Married,7,Yes,2,Pune
4576,Employee 4576,Male,56,Sales,Manager,2024-04-12,607780,2,No,Master,Single,2,Yes,4,Delhi
4577,Employee 4577,Female,43,Support,Associate,2017-10-23,831906,4,No,Master,Married,8,No,2,Pune
4578,Employee 4578,Female,32,HR,Executive,2023-04-10,1010838,2,No,Diploma,Married,3,Yes,1,Bengaluru
4579,Employee 4579,Male,41,Marketing,Engineer,2018-04-26,1004281,1,No,Diploma,Married,8,Yes,1,Hyderabad
4580,Employee 4580,Female,42,Support,Manager,2024-06-02,1344057,2,No,Diploma,Married,2,Yes,5,Delhi
4581,Employee 4581,Female,54,Finance,Engineer,2018-04-20,1156286,1,Yes,Diploma,Single,8,No,5,Bengaluru
4582,Employee 4582,Male,49,Sales,Specialist,2025-03-02,1774632,5,No,Diploma,Single,1,Yes,2,Mumbai
4583,Employee 4583,Female,44,Finance,Engineer,2024-01-25,1432442,2,No,Master,Married,2,No,2,Mumbai
4584,Employee 4584,Female,54,Operations,Specialist,2019-08-24,1341788,3,No,Diploma,Single,6,No,5,Pune
4585,Employee 4585,Male,45,Finance,Manager,2025-01-22,728911,2,No,Master,Married,1,Yes,1,Mumbai
4586,Employee 4586,Female,35,Finance,Manager,2019-08-29,1458895,5,No,Master,Married,6,No,3,Bengaluru
4587,Employee 4587,Female,24,Support,Specialist,2024-09-02,1637151,2,No,Bachelor,Married,1,No,1,Bengaluru
4588,Employee 4588,Female,57,Marketing,Associate,2023-08-04,875180,5,No,Diploma,Single,2,Yes,3,Hyderabad
4589,Employee 4589,Female,25,Support,Executive,2022-08-07,921149,5,No,Master,Married,3,No,3,Ahmedabad
4590,Employee 4590,Female,33,Support,Engineer,2020-02-14,554958,1,No,Master,Single,6,No,3,Bengaluru
4591,Employee 4591,Male,45,Sales,Analyst,2015-08-21,1740041,4,Yes,Bachelor,Single,10,Yes,1,Pune
4592,Employee 4592,Female,59,IT,Specialist,2020-08-08,1668395,5,No,Master,Single,5,No,4,Mumbai
4593,Employee 4593,Male,37,IT,Analyst,2019-09-23,1335331,5,No,Master,Married,6,Yes,5,Bengaluru
4594,Employee 4594,Female,37,HR,Manager,2022-05-18,1494355,4,Yes,Bachelor,Single,4,Yes,5,Chennai
4595,Employee 4595,Female,36,Support,Engineer,2022-08-16,456764,1,No,Bachelor,Married,3,No,4,Delhi
4596,Employee 4596,Female,54,Operations,Manager,2015-06-02,833463,5,No,Bachelor,Single,11,No,3,Bengaluru
4597,Employee 4597,Male,39,Marketing,Associate,2024-12-02,1648022,5,No,Master,Married,1,Yes,1,Bengaluru
4598,Employee 4598,Male,41,Sales,Engineer,2016-01-10,494007,5,No,Diploma,Married,10,No,3,Mumbai
4599,Employee 4599,Male,26,Operations,Associate,2016-01-26,1223195,2,No,Bachelor,Single,6,Yes,1,Hyderabad
4600,Employee 4600,Female,43,Finance,Specialist,2018-07-25,258009,1,No,Diploma,Married,7,No,2,Bengaluru
4601,Employee 4601,Female,36,Support,Associate,2015-07-07,1025452,1,No,Bachelor,Married,10,Yes,3,Mumbai
4602,Employee 4602,Female,55,HR,Engineer,2020-11-05,401822,2,No,Bachelor,Single,5,Yes,1,Bengaluru
4603,Employee 4603,Male,21,Support,Associate,2025-12-10,1143931,3,No,Bachelor,Married,0,No,4,Pune
4604,Employee 4604,Male,59,IT,Executive,2023-12-22,779039,1,No,Master,Single,2,No,1,Chennai
4605,Employee 4605,Male,44,Support,Manager,2015-07-28,976702,5,No,Master,Single,10,Yes,5,Pune
4606,Employee 4606,Female,30,IT,Executive,2016-06-25,1588722,1,No,Master,Married,10,Yes,4,Hyderabad
4607,Employee 4607,Male,26,Operations,Associate,2024-10-09,891965,5,No,Bachelor,Married,1,Yes,2,Hyderabad
4608,Employee 4608,Female,27,Sales,Associate,2020-07-14,682786,5,No,Bachelor,Single,5,Yes,2,Bengaluru
4609,Employee 4609,Female,29,Marketing,Engineer,2015-07-20,1030269,3,No,Bachelor,Married,9,No,4,Pune
4610,Employee 4610,Male,35,Support,Engineer,2026-01-24,1790229,1,No,Diploma,Single,0,Yes,1,Mumbai
4611,Employee 4611,Male,36,Support,Associate,2018-03-14,1048679,4,No,Master,Married,8,No,5,Chennai
4612,Employee 4612,Female,55,Operations,Associate,2016-10-09,274236,2,No,Diploma,Married,9,Yes,3,Pune
4613,Employee 4613,Male,41,Operations,Specialist,2020-10-27,889199,2,No,Diploma,Married,5,Yes,5,Delhi
4614,Employee 4614,Male,29,Support,Specialist,2017-09-18,859610,5,No,Bachelor,Single,8,Yes,3,Hyderabad
4615,Employee 4615,Female,36,Operations,Associate,2023-01-04,282070,5,No,Bachelor,Married,3,Yes,4,Chennai
4616,Employee 4616,Male,57,Sales,Analyst,2025-10-28,491184,3,No,Master,Married,0,Yes,5,Delhi
4617,Employee 4617,Male,25,Sales,Specialist,2024-04-29,1597374,3,Yes,Bachelor,Single,2,Yes,2,Bengaluru
4618,Employee 4618,Female,47,Marketing,Engineer,2016-08-04,431961,3,No,Diploma,Single,9,No,3,Pune
4619,Employee 4619,Male,43,IT,Associate,2019-09-11,649514,1,No,Diploma,Single,6,Yes,5,Bengaluru
4620,Employee 4620,Male,42,IT,Manager,2024-11-30,1584483,5,Yes,Bachelor,Married,1,No,2,Chennai
4621,Employee 4621,Male,48,Sales,Specialist,2022-01-28,1084786,5,Yes,Bachelor,Single,4,No,4,Mumbai
4622,Employee 4622,Male,48,Sales,Associate,2015-08-23,1124242,1,No,Master,Single,10,Yes,1,Delhi
4623,Employee 4623,Female,60,Operations,Manager,2023-11-12,1121298,3,No,Diploma,Married,2,Yes,1,Chennai
4624,Employee 4624,Male,53,Finance,Manager,2025-04-15,864870,3,Yes,Diploma,Married,1,No,4,Pune
4625,Employee 4625,Male,49,Support,Engineer,2022-01-24,1022246,1,No,Diploma,Single,4,No,5,Chennai
4626,Employee 4626,Male,35,Marketing,Manager,2016-04-10,503368,1,No,Bachelor,Married,10,No,4,Chennai
4627,Employee 4627,Female,38,Finance,Engineer,2022-05-23,936975,3,Yes,Bachelor,Single,4,No,5,Delhi
4628,Employee 4628,Male,52,IT,Specialist,2024-03-24,1159596,5,No,Bachelor,Single,2,Yes,1,Mumbai
4629,Employee 4629,Male,49,Operations,Manager,2018-06-01,1712153,2,No,Master,Married,8,Yes,2,Hyderabad
4630,Employee 4630,Male,38,Finance,Executive,2017-07-12,1186486,1,Yes,Bachelor,Married,8,Yes,2,Delhi
4631,Employee 4631,Female,46,IT,Engineer,2024-01-14,1386215,4,No,Bachelor,Single,2,Yes,4,Chennai
4632,Employee 4632,Female,28,Finance,Analyst,2016-05-22,734346,4,Yes,Diploma,Married,8,Yes,2,Hyderabad
4633,Employee 4633,Male,49,Marketing,Engineer,2021-08-27,298616,1,No,Diploma,Single,4,No,4,Chennai
4634,Employee 4634,Male,29,IT,Executive,2023-03-29,736395,2,Yes,Diploma,Single,3,Yes,1,Bengaluru
4635,Employee 4635,Female,58,Support,Associate,2021-07-27,663875,5,No,Bachelor,Single,4,Yes,1,Mumbai
4636,Employee 4636,Male,57,Operations,Associate,2021-06-21,518568,2,No,Bachelor,Married,5,No,2,Mumbai
4637,Employee 4637,Female,36,Operations,Engineer,2022-03-12,550593,5,No,Diploma,Married,4,No,4,Chennai
4638,Employee 4638,Female,32,Sales,Manager,2023-07-23,492532,2,No,Diploma,Married,2,Yes,3,Bengaluru
4639,Employee 4639,Female,37,IT,Associate,2022-08-27,1409338,2,No,Bachelor,Married,3,No,5,Pune
4640,Employee 4640,Female,51,Marketing,Analyst,2015-03-16,519833,2,No,Diploma,Married,11,Yes,3,Pune
4641,Employee 4641,Male,26,Operations,Analyst,2025-09-17,1297422,1,No,Diploma,Married,0,No,2,Mumbai
4642,Employee 4642,Male,21,Support,Executive,2015-01-01,1154305,5,Yes,Master,Married,1,No,4,Hyderabad
4643,Employee 4643,Female,45,Operations,Analyst,2019-03-19,1616547,3,No,Diploma,Single,7,No,5,Chennai
4644,Employee 4644,Male,30,Support,Analyst,2023-06-21,702092,4,Yes,Master,Married,3,No,2,Ahmedabad
4645,Employee 4645,Male,59,Operations,Manager,2024-09-17,335341,3,Yes,Bachelor,Married,1,Yes,3,Chennai
4646,Employee 4646,Female,43,IT,Analyst,2025-07-17,1677987,3,Yes,Diploma,Single,0,No,4,Pune
4647,Employee 4647,Female,48,HR,Manager,2024-07-20,369599,4,No,Diploma,Married,1,Yes,4,Ahmedabad
4648,Employee 4648,Female,56,Support,Engineer,2015-03-10,1350150,3,No,Bachelor,Single,11,Yes,4,Pune
4649,Employee 4649,Female,47,Finance,Analyst,2024-04-28,375994,4,No,Diploma,Single,2,No,1,Hyderabad
4650,Employee 4650,Female,40,Marketing,Manager,2025-10-10,1598236,2,No,Diploma,Married,0,No,2,Hyderabad
4651,Employee 4651,Female,49,Sales,Executive,2017-03-29,1576401,4,No,Master,Married,9,Yes,2,Hyderabad
4652,Employee 4652,Female,21,Sales,Specialist,2021-07-12,1443496,2,No,Diploma,Single,1,No,4,Pune
4653,Employee 4653,Male,57,IT,Executive,2022-10-22,1487214,1,No,Bachelor,Single,3,No,1,Hyderabad
4654,Employee 4654,Female,38,IT,Engineer,2020-10-15,357014,5,No,Master,Single,5,No,1,Ahmedabad
4655,Employee 4655,Male,46,Support,Associate,2018-05-27,1678541,4,No,Diploma,Married,8,Yes,3,Ahmedabad
4656,Employee 4656,Female,38,HR,Engineer,2015-12-01,404136,5,No,Bachelor,Married,10,No,4,Bengaluru
4657,Employee 4657,Female,48,Sales,Specialist,2017-07-23,887706,5,No,Master,Single,8,Yes,2,Ahmedabad
4658,Employee 4658,Male,46,Sales,Specialist,2015-10-11,1243015,4,No,Diploma,Single,10,Yes,2,Ahmedabad
4659,Employee 4659,Male,57,Sales,Analyst,2024-11-29,1555971,5,Yes,Master,Married,1,Yes,1,Delhi
4660,Employee 4660,Male,40,HR,Executive,2021-01-07,1549937,4,No,Bachelor,Single,5,No,5,Ahmedabad
4661,Employee 4661,Male,43,HR,Engineer,2023-10-11,893417,5,No,Bachelor,Single,2,No,1,Pune
4662,Employee 4662,Female,23,Sales,Associate,2019-08-23,1507854,1,No,Bachelor,Married,3,No,4,Ahmedabad
4663,Employee 4663,Female,47,Finance,Specialist,2015-04-18,574533,5,No,Diploma,Married,11,No,2,Chennai
4664,Employee 4664,Male,57,Sales,Manager,2020-03-03,530164,1,No,Diploma,Married,6,Yes,1,Mumbai
4665,Employee 4665,Male,56,Sales,Associate,2016-08-15,1303707,4,No,Master,Single,9,Yes,5,Chennai
4666,Employee 4666,Female,47,Finance,Associate,2024-12-05,1088330,1,No,Diploma,Single,1,Yes,2,Pune
4667,Employee 4667,Male,42,Operations,Analyst,2024-02-19,626165,3,No,Master,Married,2,No,2,Ahmedabad
4668,Employee 4668,Male,48,IT,Engineer,2022-10-08,935961,5,No,Master,Married,3,Yes,2,Bengaluru
4669,Employee 4669,Female,48,Finance,Manager,2024-07-14,1549965,4,No,Diploma,Married,1,Yes,1,Pune
4670,Employee 4670,Female,30,IT,Manager,2019-07-28,434671,1,No,Diploma,Single,6,No,2,Bengaluru
4671,Employee 4671,Male,57,Sales,Engineer,2020-09-02,1567409,3,No,Bachelor,Single,5,Yes,4,Pune
4672,Employee 4672,Female,37,Finance,Executive,2025-04-11,1386910,5,Yes,Master,Married,1,Yes,2,Bengaluru
4673,Employee 4673,Male,49,Marketing,Associate,2016-08-25,272918,3,No,Diploma,Married,9,Yes,3,Mumbai
4674,Employee 4674,Female,57,IT,Manager,2021-01-26,1715959,4,No,Bachelor,Single,5,No,1,Ahmedabad
4675,Employee 4675,Female,44,Marketing,Engineer,2018-04-12,969382,1,No,Diploma,Married,8,No,1,Pune
4676,Employee 4676,Female,33,Sales,Analyst,2017-04-19,1762583,2,No,Bachelor,Single,9,No,1,Mumbai
4677,Employee 4677,Male,43,Finance,Manager,2020-09-03,1169232,3,Yes,Master,Single,5,Yes,2,Pune
4678,Employee 4678,Female,29,Operations,Analyst,2022-08-11,731972,3,No,Master,Single,3,No,2,Chennai
4679,Employee 4679,Female,39,HR,Associate,2017-07-10,1752971,4,No,Master,Single,8,Yes,5,Delhi
4680,Employee 4680,Female,22,IT,Associate,2026-02-21,415253,1,No,Diploma,Single,0,Yes,2,Delhi
4681,Employee 4681,Female,47,Sales,Executive,2021-06-21,802808,3,No,Bachelor,Single,5,No,4,Pune
4682,Employee 4682,Female,45,IT,Specialist,2019-08-23,813750,3,No,Bachelor,Single,6,Yes,4,Ahmedabad
4683,Employee 4683,Female,59,Sales,Engineer,2018-02-28,332344,2,No,Bachelor,Married,8,No,2,Ahmedabad
4684,Employee 4684,Male,52,Support,Engineer,2024-12-28,1718644,1,No,Master,Single,1,Yes,1,Hyderabad
4685,Employee 4685,Male,41,Marketing,Engineer,2017-02-06,1784241,4,No,Bachelor,Single,9,Yes,3,Delhi
4686,Employee 4686,Male,27,Operations,Associate,2015-09-15,477239,2,No,Bachelor,Married,7,No,3,Hyderabad
4687,Employee 4687,Female,22,IT,Engineer,2024-10-31,661046,5,No,Master,Married,1,Yes,4,Delhi
4688,Employee 4688,Female,50,Finance,Specialist,2016-02-01,899448,5,No,Diploma,Married,10,Yes,3,Ahmedabad
4689,Employee 4689,Male,22,Sales,Manager,2020-01-24,998135,3,No,Master,Married,2,No,3,Mumbai
4690,Employee 4690,Male,55,HR,Associate,2018-04-17,372434,3,No,Diploma,Single,8,No,4,Delhi
4691,Employee 4691,Female,24,Support,Engineer,2022-02-14,1440733,4,Yes,Master,Single,4,No,3,Ahmedabad
4692,Employee 4692,Male,31,IT,Analyst,2025-04-02,1222511,1,No,Diploma,Single,1,No,4,Chennai
4693,Employee 4693,Male,44,IT,Engineer,2017-09-21,1478438,2,No,Bachelor,Single,8,Yes,2,Pune
4694,Employee 4694,Male,35,Marketing,Manager,2023-12-24,1646119,3,No,Bachelor,Married,2,Yes,5,Delhi
4695,Employee 4695,Male,34,Marketing,Associate,2016-04-02,1109959,1,No,Bachelor,Married,10,No,1,Hyderabad
4696,Employee 4696,Female,60,HR,Associate,2016-09-19,1331416,1,Yes,Diploma,Single,9,Yes,1,Hyderabad
4697,Employee 4697,Male,43,Operations,Executive,2015-06-16,1088505,2,No,Master,Married,11,Yes,3,Mumbai
4698,Employee 4698,Male,30,IT,Executive,2018-07-23,480757,1,No,Bachelor,Married,7,Yes,5,Mumbai
4699,Employee 4699,Male,43,Operations,Analyst,2018-03-13,826094,2,No,Diploma,Married,8,No,5,Ahmedabad
4700,Employee 4700,Male,51,IT,Engineer,2022-11-17,779237,3,No,Diploma,Single,3,No,5,Pune
4701,Employee 4701,Female,50,IT,Manager,2015-04-04,1527358,2,No,Bachelor,Married,11,Yes,1,Pune
4702,Employee 4702,Female,34,IT,Analyst,2016-02-04,1554809,5,No,Master,Single,10,Yes,3,Bengaluru
4703,Employee 4703,Male,32,Marketing,Executive,2025-06-19,465725,4,No,Diploma,Single,1,No,3,Pune
4704,Employee 4704,Male,21,Operations,Analyst,2021-03-26,1593946,5,No,Diploma,Married,1,Yes,4,Mumbai
4705,Employee 4705,Male,47,IT,Specialist,2024-11-02,1310482,5,No,Master,Married,1,No,1,Bengaluru
4706,Employee 4706,Female,23,Operations,Specialist,2020-10-05,1424787,2,No,Diploma,Single,3,No,3,Ahmedabad
4707,Employee 4707,Male,31,Support,Executive,2017-09-23,1217709,2,No,Diploma,Single,8,No,2,Delhi
4708,Employee 4708,Female,47,Finance,Analyst,2020-06-24,408862,5,Yes,Bachelor,Married,6,No,3,Mumbai
4709,Employee 4709,Female,39,IT,Manager,2022-05-05,1357841,3,No,Bachelor,Single,4,Yes,2,Delhi
4710,Employee 4710,Male,48,Sales,Specialist,2016-09-12,1550539,1,No,Bachelor,Single,9,No,2,Mumbai
4711,Employee 4711,Male,52,Support,Manager,2022-03-06,1066492,3,No,Bachelor,Married,4,No,1,Delhi
4712,Employee 4712,Male,39,Support,Manager,2024-02-05,1171705,3,No,Bachelor,Married,2,No,3,Delhi
4713,Employee 4713,Male,57,Marketing,Specialist,2021-03-22,821052,5,No,Bachelor,Married,5,Yes,1,Hyderabad
4714,Employee 4714,Female,37,Support,Associate,2016-03-12,1532156,1,No,Bachelor,Single,10,Yes,5,Bengaluru
4715,Employee 4715,Male,45,Marketing,Analyst,2018-05-07,848812,2,No,Master,Single,8,Yes,3,Mumbai
4716,Employee 4716,Male,22,Finance,Associate,2020-08-01,338782,3,No,Bachelor,Single,2,No,5,Bengaluru
4717,Employee 4717,Male,50,Operations,Engineer,2023-09-03,1332694,4,No,Diploma,Single,2,No,1,Ahmedabad
4718,Employee 4718,Male,26,Finance,Associate,2015-08-06,480494,3,No,Master,Married,6,No,3,Bengaluru
4719,Employee 4719,Female,36,Operations,Associate,2025-11-09,1298762,2,No,Diploma,Married,0,Yes,3,Chennai
4720,Employee 4720,Male,60,Sales,Manager,2017-03-13,1751978,3,No,Diploma,Married,9,No,3,Pune
4721,Employee 4721,Female,23,Sales,Engineer,2016-08-14,936553,2,Yes,Bachelor,Married,3,No,2,Bengaluru
4722,Employee 4722,Male,46,Marketing,Executive,2022-01-22,1474310,1,No,Bachelor,Married,4,Yes,2,Mumbai
4723,Employee 4723,Female,29,Support,Specialist,2017-10-12,1409567,1,Yes,Master,Married,8,No,5,Hyderabad
4724,Employee 4724,Female,47,Operations,Manager,2016-09-17,960928,4,No,Master,Single,9,No,2,Mumbai
4725,Employee 4725,Male,58,HR,Executive,2022-05-18,442105,5,No,Bachelor,Married,4,Yes,4,Ahmedabad
4726,Employee 4726,Female,32,Marketing,Executive,2015-06-28,1308560,2,No,Master,Married,11,Yes,1,Delhi
4727,Employee 4727,Female,47,IT,Specialist,2015-02-09,485288,3,No,Master,Married,11,Yes,1,Ahmedabad
4728,Employee 4728,Female,51,Finance,Associate,2017-03-07,1769845,5,No,Bachelor,Married,9,Yes,3,Hyderabad
4729,Employee 4729,Male,51,Support,Engineer,2022-06-29,1783928,1,No,Bachelor,Single,4,No,2,Bengaluru
4730,Employee 4730,Female,26,HR,Analyst,2019-01-14,252097,5,No,Bachelor,Single,6,No,2,Ahmedabad
4731,Employee 4731,Female,41,Marketing,Manager,2020-01-25,571618,5,No,Bachelor,Single,6,Yes,2,Hyderabad
4732,Employee 4732,Female,40,Marketing,Engineer,2017-02-10,1298728,4,No,Diploma,Married,9,No,5,Delhi
4733,Employee 4733,Female,28,Finance,Executive,2016-02-26,1328136,3,No,Master,Married,8,No,3,Chennai
4734,Employee 4734,Male,38,Finance,Manager,2018-11-05,1315730,3,No,Bachelor,Single,7,Yes,3,Hyderabad
4735,Employee 4735,Female,50,IT,Executive,2022-06-02,1710981,3,No,Diploma,Married,4,Yes,1,Bengaluru
4736,Employee 4736,Female,39,Operations,Associate,2023-03-13,1101299,5,No,Diploma,Single,3,No,5,Delhi
4737,Employee 4737,Male,46,Finance,Analyst,2024-11-26,380793,1,No,Master,Single,1,No,5,Hyderabad
4738,Employee 4738,Male,60,Sales,Associate,2020-09-16,774237,4,No,Master,Single,5,Yes,1,Hyderabad
4739,Employee 4739,Female,37,IT,Specialist,2016-02-17,619511,5,No,Diploma,Single,10,No,4,Chennai
4740,Employee 4740,Male,39,Support,Engineer,2023-02-04,744830,5,No,Diploma,Married,3,Yes,5,Hyderabad
4741,Employee 4741,Male,41,HR,Associate,2020-04-08,1102450,3,No,Bachelor,Married,6,No,1,Ahmedabad
4742,Employee 4742,Female,47,Support,Manager,2018-09-25,744930,2,Yes,Master,Married,7,No,5,Pune
4743,Employee 4743,Female,40,Marketing,Associate,2017-03-08,1068804,3,Yes,Diploma,Married,9,Yes,5,Hyderabad
4744,Employee 4744,Male,35,Finance,Specialist,2022-05-01,730563,3,Yes,Diploma,Single,4,Yes,3,Delhi
4745,Employee 4745,Male,49,HR,Executive,2016-05-13,1696040,3,No,Bachelor,Single,10,No,2,Pune
4746,Employee 4746,Female,34,Marketing,Analyst,2021-02-04,417228,5,No,Master,Married,5,No,4,Bengaluru
4747,Employee 4747,Female,58,Support,Associate,2023-02-13,902752,5,No,Diploma,Married,3,Yes,1,Ahmedabad
4748,Employee 4748,Male,41,HR,Specialist,2021-11-07,366968,3,No,Master,Single,4,Yes,2,Chennai
4749,Employee 4749,Female,50,Support,Manager,2021-11-08,1290467,3,No,Bachelor,Married,4,No,4,Chennai
4750,Employee 4750,Female,44,Operations,Executive,2024-10-09,1669409,3,Yes,Bachelor,Married,1,Yes,1,Bengaluru
4751,Employee 4751,Male,32,Sales,Associate,2024-07-17,1130206,1,No,Master,Married,1,No,1,Ahmedabad
4752,Employee 4752,Male,31,Marketing,Manager,2015-03-18,490617,2,No,Diploma,Single,11,Yes,1,Mumbai
4753,Employee 4753,Female,37,Sales,Analyst,2024-03-02,405837,4,No,Master,Single,2,No,2,Mumbai
4754,Employee 4754,Female,55,Support,Associate,2016-11-29,1612474,1,No,Bachelor,Married,9,Yes,3,Delhi
4755,Employee 4755,Female,48,Finance,Engineer,2023-07-03,1573262,1,No,Bachelor,Single,3,No,5,Bengaluru
4756,Employee 4756,Male,56,Sales,Analyst,2020-07-15,1462989,1,Yes,Diploma,Single,5,Yes,4,Ahmedabad
4757,Employee 4757,Female,23,Operations,Manager,2020-04-20,969938,1,No,Master,Single,3,Yes,3,Hyderabad
4758,Employee 4758,Female,57,IT,Associate,2025-04-28,1655938,5,No,Bachelor,Single,1,No,5,Hyderabad
4759,Employee 4759,Male,28,Marketing,Specialist,2019-10-19,577914,2,No,Bachelor,Married,6,Yes,1,Hyderabad
4760,Employee 4760,Male,22,Support,Engineer,2017-08-05,1124021,3,Yes,Bachelor,Married,2,No,4,Mumbai
4761,Employee 4761,Female,22,Sales,Manager,2020-04-28,1538190,5,No,Bachelor,Married,2,No,5,Pune
4762,Employee 4762,Male,57,Operations,Specialist,2015-12-22,429777,4,No,Master,Single,10,Yes,3,Chennai
4763,Employee 4763,Female,23,Operations,Associate,2021-01-16,270622,2,No,Diploma,Single,3,No,4,Chennai
4764,Employee 4764,Female,34,IT,Executive,2023-09-25,947838,5,No,Diploma,Single,2,No,1,Hyderabad
4765,Employee 4765,Male,23,Marketing,Specialist,2016-12-02,880792,3,No,Bachelor,Married,3,Yes,3,Mumbai
4766,Employee 4766,Male,59,Operations,Analyst,2021-09-23,1266927,4,No,Bachelor,Single,4,No,5,Ahmedabad
4767,Employee 4767,Male,56,HR,Manager,2015-01-15,935813,4,No,Bachelor,Married,11,No,4,Bengaluru
4768,Employee 4768,Male,45,Marketing,Engineer,2024-12-02,459947,1,No,Master,Single,1,Yes,2,Chennai
4769,Employee 4769,Female,50,Sales,Executive,2015-03-18,386231,2,No,Master,Married,11,No,2,Hyderabad
4770,Employee 4770,Female,41,HR,Specialist,2019-06-13,586772,2,No,Diploma,Single,7,No,5,Hyderabad
4771,Employee 4771,Female,38,Operations,Engineer,2015-09-18,807559,3,No,Bachelor,Married,10,Yes,4,Hyderabad
4772,Employee 4772,Male,36,IT,Manager,2019-10-16,1073741,5,No,Master,Married,6,No,4,Ahmedabad
4773,Employee 4773,Female,37,Marketing,Executive,2024-05-26,1779672,4,No,Diploma,Single,2,No,1,Bengaluru
4774,Employee 4774,Male,34,Sales,Manager,2015-03-14,1373210,5,No,Bachelor,Single,11,No,2,Ahmedabad
4775,Employee 4775,Male,36,Operations,Associate,2022-06-24,1480539,1,No,Bachelor,Married,4,Yes,4,Hyderabad
4776,Employee 4776,Male,33,IT,Associate,2018-06-04,1029516,4,No,Master,Single,8,No,1,Bengaluru
4777,Employee 4777,Female,43,Operations,Engineer,2019-07-12,876048,4,No,Bachelor,Married,6,Yes,1,Bengaluru
4778,Employee 4778,Female,47,Sales,Executive,2025-04-27,992106,3,No,Bachelor,Married,1,Yes,2,Mumbai
4779,Employee 4779,Female,48,Sales,Executive,2020-10-03,539601,1,No,Master,Married,5,Yes,3,Ahmedabad
4780,Employee 4780,Female,40,Sales,Associate,2026-02-17,1479574,3,No,Master,Single,0,No,4,Ahmedabad
4781,Employee 4781,Male,56,Operations,Engineer,2016-09-14,1647227,1,No,Bachelor,Single,9,No,3,Hyderabad
4782,Employee 4782,Female,25,HR,Manager,2016-02-23,1733718,4,No,Master,Single,5,Yes,5,Bengaluru
4783,Employee 4783,Male,48,Operations,Associate,2017-05-25,1381778,4,No,Bachelor,Married,9,Yes,4,Hyderabad
4784,Employee 4784,Female,37,Operations,Manager,2016-04-10,1304720,2,No,Master,Single,10,No,4,Hyderabad
4785,Employee 4785,Female,58,HR,Associate,2018-02-26,529142,2,No,Bachelor,Married,8,Yes,2,Chennai
4786,Employee 4786,Female,44,HR,Analyst,2024-11-09,842442,5,No,Master,Single,1,Yes,2,Hyderabad
4787,Employee 4787,Female,29,Sales,Manager,2017-02-13,1315596,4,Yes,Diploma,Married,9,No,5,Mumbai
4788,Employee 4788,Female,53,Finance,Engineer,2024-07-08,1124503,4,No,Master,Single,1,Yes,4,Mumbai
4789,Employee 4789,Female,43,IT,Manager,2016-11-13,1390569,5,No,Master,Single,9,No,2,Pune
4790,Employee 4790,Male,56,Sales,Specialist,2021-03-31,1347107,5,No,Bachelor,Married,5,No,4,Mumbai
4791,Employee 4791,Male,47,IT,Analyst,2015-11-11,564352,2,No,Diploma,Married,10,No,4,Delhi
4792,Employee 4792,Male,54,Operations,Analyst,2021-05-11,1546651,3,No,Bachelor,Single,5,No,1,Delhi
4793,Employee 4793,Female,24,Sales,Engineer,2016-08-09,700001,5,No,Diploma,Married,4,No,5,Chennai
4794,Employee 4794,Female,30,IT,Engineer,2021-01-29,1444076,3,No,Master,Single,5,Yes,5,Pune
4795,Employee 4795,Female,40,Marketing,Analyst,2016-03-14,1309480,4,No,Master,Single,10,No,4,Mumbai
4796,Employee 4796,Male,38,Support,Manager,2016-07-07,596432,1,Yes,Bachelor,Married,9,No,4,Pune
4797,Employee 4797,Male,25,HR,Associate,2017-05-08,1600914,2,No,Diploma,Married,5,No,1,Pune
4798,Employee 4798,Female,48,Operations,Analyst,2023-12-28,1530558,2,No,Master,Single,2,No,4,Hyderabad
4799,Employee 4799,Male,32,IT,Specialist,2023-08-09,1515873,2,Yes,Bachelor,Married,2,No,4,Ahmedabad
4800,Employee 4800,Male,36,IT,Associate,2023-08-24,1303389,5,No,Bachelor,Single,2,Yes,4,Delhi
4801,Employee 4801,Female,46,HR,Manager,2024-12-28,706166,5,No,Diploma,Single,1,Yes,2,Ahmedabad
4802,Employee 4802,Male,43,Operations,Manager,2022-07-24,1047756,4,No,Diploma,Single,3,Yes,2,Mumbai
4803,Employee 4803,Male,60,Support,Executive,2017-10-22,266439,2,No,Diploma,Married,8,Yes,3,Delhi
4804,Employee 4804,Female,21,IT,Analyst,2018-09-21,1059663,4,No,Diploma,Single,1,No,5,Delhi
4805,Employee 4805,Male,21,HR,Executive,2025-11-25,1690833,5,No,Master,Married,0,No,1,Ahmedabad
4806,Employee 4806,Female,37,Support,Analyst,2015-10-10,357397,1,No,Diploma,Married,10,No,1,Delhi
4807,Employee 4807,Female,43,Sales,Specialist,2018-10-26,806363,3,Yes,Diploma,Single,7,Yes,5,Mumbai
4808,Employee 4808,Male,39,Operations,Manager,2023-12-05,258526,4,No,Diploma,Single,2,No,1,Delhi
4809,Employee 4809,Female,35,HR,Manager,2016-11-22,1104237,1,No,Diploma,Married,9,No,3,Pune
4810,Employee 4810,Female,38,IT,Analyst,2017-12-02,1391249,2,No,Bachelor,Single,8,No,2,Mumbai
4811,Employee 4811,Male,22,Support,Engineer,2019-03-08,292616,3,Yes,Diploma,Married,2,No,4,Bengaluru
4812,Employee 4812,Female,39,Marketing,Executive,2020-04-21,300521,4,No,Diploma,Married,6,No,2,Hyderabad
4813,Employee 4813,Male,53,IT,Analyst,2019-09-28,1394424,3,No,Bachelor,Married,6,Yes,1,Bengaluru
4814,Employee 4814,Male,46,HR,Engineer,2017-07-25,1048365,5,No,Diploma,Married,8,Yes,1,Mumbai
4815,Employee 4815,Female,40,Operations,Analyst,2022-07-31,1638845,5,No,Diploma,Single,3,Yes,4,Mumbai
4816,Employee 4816,Male,35,Sales,Manager,2019-11-06,1604888,3,No,Diploma,Single,6,No,2,Delhi
4817,Employee 4817,Male,34,Sales,Associate,2020-02-12,529860,1,No,Master,Single,6,Yes,1,Delhi
4818,Employee 4818,Female,43,Sales,Analyst,2021-05-05,1481318,3,No,Bachelor,Married,5,Yes,2,Pune
4819,Employee 4819,Female,48,Sales,Executive,2021-02-12,1790568,3,No,Bachelor,Married,5,No,1,Ahmedabad
4820,Employee 4820,Male,36,HR,Associate,2025-07-14,541823,4,No,Master,Married,0,Yes,1,Pune
4821,Employee 4821,Male,28,HR,Executive,2015-01-30,1177260,1,No,Bachelor,Married,8,Yes,4,Mumbai
4822,Employee 4822,Male,30,Finance,Executive,2018-06-13,1152912,4,No,Diploma,Single,8,Yes,3,Bengaluru
4823,Employee 4823,Male,46,Sales,Engineer,2015-07-05,539999,1,No,Master,Married,11,Yes,3,Mumbai
4824,Employee 4824,Male,37,Operations,Engineer,2023-12-09,408350,3,Yes,Bachelor,Single,2,Yes,1,Ahmedabad
4825,Employee 4825,Male,50,Sales,Executive,2018-10-25,1516699,4,No,Bachelor,Married,7,No,5,Ahmedabad
4826,Employee 4826,Female,50,HR,Executive,2023-05-31,638901,5,No,Bachelor,Single,3,No,1,Delhi
4827,Employee 4827,Male,51,Support,Engineer,2020-02-17,1222013,2,No,Master,Single,6,Yes,1,Chennai
4828,Employee 4828,Female,46,Operations,Associate,2015-02-28,290848,5,No,Diploma,Married,11,No,2,Ahmedabad
4829,Employee 4829,Male,26,Sales,Analyst,2021-12-07,1150677,2,No,Diploma,Married,4,No,2,Chennai
4830,Employee 4830,Male,37,HR,Engineer,2022-07-10,918428,3,No,Master,Single,3,Yes,2,Hyderabad
4831,Employee 4831,Female,27,HR,Analyst,2020-08-29,922541,5,Yes,Diploma,Married,5,Yes,3,Delhi
4832,Employee 4832,Female,54,Support,Specialist,2018-04-07,1606327,4,No,Master,Single,8,No,3,Mumbai
4833,Employee 4833,Female,43,Support,Analyst,2015-04-28,1257181,1,No,Bachelor,Single,11,Yes,4,Pune
4834,Employee 4834,Female,28,Marketing,Specialist,2020-04-23,399910,2,Yes,Bachelor,Single,6,No,2,Ahmedabad
4835,Employee 4835,Male,27,HR,Associate,2020-08-07,1210435,3,No,Master,Single,5,Yes,1,Mumbai
4836,Employee 4836,Male,41,IT,Analyst,2020-01-22,1370979,5,Yes,Diploma,Single,6,No,1,Delhi
4837,Employee 4837,Female,54,Operations,Associate,2021-09-15,268565,1,No,Diploma,Married,4,No,1,Delhi
4838,Employee 4838,Male,30,Sales,Engineer,2020-03-18,594354,5,No,Diploma,Single,6,No,3,Bengaluru
4839,Employee 4839,Male,31,HR,Executive,2015-05-02,401697,5,No,Diploma,Married,11,No,5,Hyderabad
4840,Employee 4840,Female,42,Operations,Engineer,2024-10-13,675157,5,No,Master,Married,1,Yes,5,Mumbai
4841,Employee 4841,Female,54,Marketing,Analyst,2022-03-02,1447160,4,No,Bachelor,Married,4,No,5,Bengaluru
4842,Employee 4842,Female,38,Operations,Specialist,2022-02-27,362077,2,No,Master,Married,4,No,1,Hyderabad
4843,Employee 4843,Male,37,Marketing,Manager,2023-04-03,1489885,2,No,Bachelor,Single,3,No,5,Mumbai
4844,Employee 4844,Female,30,IT,Manager,2024-05-25,701467,2,No,Diploma,Married,2,Yes,5,Hyderabad
4845,Employee 4845,Female,56,Sales,Engineer,2017-10-25,1447226,2,No,Bachelor,Single,8,No,2,Delhi
4846,Employee 4846,Male,34,HR,Associate,2020-11-29,1335212,4,No,Bachelor,Married,5,Yes,5,Mumbai
4847,Employee 4847,Male,26,Finance,Associate,2020-07-17,1686568,1,Yes,Master,Married,5,Yes,5,Delhi
4848,Employee 4848,Male,46,IT,Manager,2021-07-03,908338,5,No,Diploma,Single,5,No,1,Bengaluru
4849,Employee 4849,Male,58,Operations,Analyst,2024-11-19,911010,2,No,Bachelor,Single,1,No,1,Delhi
4850,Employee 4850,Male,35,IT,Manager,2024-06-29,952854,5,No,Master,Single,2,No,4,Delhi
4851,Employee 4851,Male,38,HR,Associate,2024-08-23,615572,3,No,Master,Single,1,Yes,2,Chennai
4852,Employee 4852,Male,30,Support,Executive,2018-03-17,396951,5,Yes,Master,Single,8,No,5,Chennai
4853,Employee 4853,Male,32,IT,Manager,2022-02-25,622661,3,No,Bachelor,Married,4,Yes,3,Hyderabad
4854,Employee 4854,Male,30,Finance,Executive,2020-04-14,818454,4,No,Master,Single,6,Yes,2,Pune
4855,Employee 4855,Male,27,Finance,Manager,2026-05-01,754274,1,No,Bachelor,Single,0,No,1,Ahmedabad
4856,Employee 4856,Female,37,Marketing,Engineer,2026-06-29,318267,2,No,Bachelor,Single,0,Yes,5,Pune
4857,Employee 4857,Female,56,Finance,Manager,2022-10-04,1571927,2,Yes,Diploma,Single,3,No,1,Hyderabad
4858,Employee 4858,Male,55,Support,Engineer,2025-05-25,1730915,2,Yes,Bachelor,Married,1,No,3,Hyderabad
4859,Employee 4859,Female,35,Sales,Executive,2016-07-31,1649530,3,No,Master,Single,9,Yes,5,Hyderabad
4860,Employee 4860,Male,41,HR,Engineer,2017-03-01,1366144,4,No,Master,Married,9,No,4,Ahmedabad
4861,Employee 4861,Female,33,HR,Manager,2024-07-02,901390,3,No,Diploma,Single,2,Yes,4,Bengaluru
4862,Employee 4862,Male,30,Finance,Associate,2019-07-04,849999,2,No,Diploma,Married,7,Yes,5,Ahmedabad
4863,Employee 4863,Female,54,Sales,Analyst,2023-12-19,1281194,4,Yes,Master,Married,2,No,3,Mumbai
4864,Employee 4864,Female,39,HR,Associate,2019-04-08,1579352,3,No,Diploma,Married,7,Yes,5,Bengaluru
4865,Employee 4865,Female,39,HR,Associate,2023-04-25,1558902,4,No,Bachelor,Single,3,No,5,Pune
4866,Employee 4866,Female,43,IT,Manager,2019-08-27,1368986,5,No,Master,Single,6,Yes,3,Mumbai
4867,Employee 4867,Female,56,Operations,Engineer,2018-09-30,1177998,2,No,Bachelor,Single,7,No,5,Mumbai
4868,Employee 4868,Male,38,Finance,Manager,2017-09-08,636444,3,No,Master,Married,8,Yes,1,Bengaluru
4869,Employee 4869,Male,45,Sales,Engineer,2020-09-08,886146,5,No,Bachelor,Married,5,No,5,Hyderabad
4870,Employee 4870,Female,38,Marketing,Executive,2015-03-06,399821,2,No,Bachelor,Married,11,Yes,5,Mumbai
4871,Employee 4871,Male,45,IT,Associate,2019-12-10,535019,2,Yes,Bachelor,Single,6,Yes,1,Ahmedabad
4872,Employee 4872,Male,28,IT,Manager,2019-09-30,663105,1,Yes,Diploma,Married,6,Yes,5,Ahmedabad
4873,Employee 4873,Male,53,Support,Specialist,2022-02-16,1066597,4,No,Bachelor,Married,4,Yes,5,Delhi
4874,Employee 4874,Male,28,Finance,Associate,2017-04-12,1310440,1,No,Diploma,Single,8,No,5,Chennai
4875,Employee 4875,Male,52,Finance,Specialist,2021-09-02,727239,3,No,Master,Married,4,No,2,Bengaluru
4876,Employee 4876,Male,45,Support,Executive,2016-11-30,789421,3,No,Bachelor,Married,9,No,2,Mumbai
4877,Employee 4877,Female,30,HR,Associate,2020-04-19,880665,4,No,Master,Married,6,No,1,Pune
4878,Employee 4878,Male,54,Marketing,Engineer,2015-09-15,1433710,5,Yes,Master,Married,10,Yes,3,Pune
4879,Employee 4879,Female,57,IT,Executive,2020-04-06,1402085,3,No,Diploma,Married,6,Yes,5,Pune
4880,Employee 4880,Female,56,Sales,Associate,2016-05-07,1653582,1,No,Master,Married,10,Yes,1,Ahmedabad
4881,Employee 4881,Female,35,Sales,Engineer,2024-05-09,1182590,1,No,Master,Single,2,No,2,Bengaluru
4882,Employee 4882,Male,29,Marketing,Engineer,2017-01-07,717645,5,No,Diploma,Single,9,No,2,Chennai
4883,Employee 4883,Female,44,Support,Associate,2020-07-08,1594571,2,No,Diploma,Single,5,No,3,Chennai
4884,Employee 4884,Male,29,Operations,Analyst,2019-01-06,810063,5,No,Master,Married,7,No,5,Hyderabad
4885,Employee 4885,Female,45,Marketing,Executive,2015-03-19,503405,3,No,Bachelor,Married,11,Yes,4,Pune
4886,Employee 4886,Female,47,Support,Specialist,2026-01-17,1226221,1,Yes,Diploma,Single,0,No,5,Pune
4887,Employee 4887,Male,36,HR,Engineer,2020-11-21,1255104,3,No,Diploma,Married,5,No,3,Ahmedabad
4888,Employee 4888,Female,31,Finance,Associate,2019-04-13,839353,1,No,Diploma,Married,7,No,1,Delhi
4889,Employee 4889,Male,40,HR,Analyst,2022-12-05,1484321,3,No,Master,Married,3,No,2,Delhi
4890,Employee 4890,Male,39,Finance,Manager,2017-09-01,1445218,5,No,Bachelor,Single,8,Yes,1,Mumbai
4891,Employee 4891,Female,25,Finance,Engineer,2018-11-16,1625962,3,No,Diploma,Single,5,No,5,Bengaluru
4892,Employee 4892,Male,31,HR,Engineer,2020-03-09,714040,3,No,Diploma,Single,6,No,2,Hyderabad
4893,Employee 4893,Female,50,HR,Executive,2017-12-10,763724,2,No,Master,Single,8,Yes,5,Mumbai
4894,Employee 4894,Male,53,Marketing,Associate,2017-03-05,1316090,4,No,Bachelor,Married,9,No,1,Mumbai
4895,Employee 4895,Male,54,Marketing,Executive,2015-07-02,1425946,3,Yes,Bachelor,Single,11,Yes,2,Pune
4896,Employee 4896,Male,24,Marketing,Manager,2024-10-11,1180039,2,Yes,Bachelor,Single,1,No,3,Delhi
4897,Employee 4897,Male,32,Operations,Executive,2017-08-25,719667,5,Yes,Master,Single,8,Yes,5,Mumbai
4898,Employee 4898,Male,24,IT,Executive,2017-03-27,1474801,5,No,Master,Single,4,Yes,4,Bengaluru
4899,Employee 4899,Female,21,HR,Executive,2015-10-13,1245063,2,No,Master,Married,1,No,4,Bengaluru
4900,Employee 4900,Male,27,Sales,Analyst,2016-05-20,1142848,5,No,Master,Single,7,Yes,1,Pune
4901,Employee 4901,Female,60,Sales,Engineer,2018-12-15,1798842,3,No,Bachelor,Married,7,Yes,1,Hyderabad
4902,Employee 4902,Female,44,Marketing,Engineer,2024-01-07,785321,2,No,Master,Single,2,Yes,4,Pune
4903,Employee 4903,Male,47,Support,Manager,2026-03-23,539396,5,No,Diploma,Married,0,Yes,2,Mumbai
4904,Employee 4904,Male,44,IT,Analyst,2022-01-20,386689,4,No,Bachelor,Single,4,No,1,Mumbai
4905,Employee 4905,Male,24,Finance,Executive,2023-11-27,1481131,5,No,Bachelor,Single,2,No,4,Delhi
4906,Employee 4906,Female,23,HR,Specialist,2019-06-27,1592694,3,No,Bachelor,Single,3,Yes,5,Hyderabad
4907,Employee 4907,Female,31,HR,Executive,2015-07-06,1628154,2,No,Diploma,Single,10,No,1,Hyderabad
4908,Employee 4908,Male,57,Support,Engineer,2025-10-19,251199,3,No,Master,Single,0,Yes,1,Mumbai
4909,Employee 4909,Female,21,Finance,Manager,2015-04-02,271483,4,No,Master,Single,1,Yes,5,Chennai
4910,Employee 4910,Female,52,HR,Specialist,2016-10-20,1607877,4,No,Diploma,Married,9,No,5,Pune
4911,Employee 4911,Male,29,Support,Associate,2020-09-13,445400,5,No,Diploma,Married,5,Yes,4,Ahmedabad
4912,Employee 4912,Male,38,Support,Analyst,2024-10-14,1577708,5,No,Master,Married,1,Yes,5,Hyderabad
4913,Employee 4913,Male,25,HR,Analyst,2016-09-13,260367,3,No,Master,Married,5,No,4,Ahmedabad
4914,Employee 4914,Female,41,Operations,Specialist,2018-01-20,736684,5,No,Master,Single,8,Yes,2,Ahmedabad
4915,Employee 4915,Male,28,Finance,Engineer,2022-11-13,353426,1,No,Master,Single,3,No,1,Ahmedabad
4916,Employee 4916,Female,43,Support,Associate,2015-06-26,786226,3,No,Master,Single,11,No,2,Bengaluru
4917,Employee 4917,Male,49,IT,Analyst,2023-05-17,1029294,3,No,Diploma,Married,3,Yes,1,Hyderabad
4918,Employee 4918,Male,21,Sales,Manager,2018-04-04,1423321,4,No,Diploma,Single,1,Yes,4,Chennai
4919,Employee 4919,Male,58,Support,Analyst,2024-04-06,1177117,3,No,Bachelor,Married,2,Yes,3,Hyderabad
4920,Employee 4920,Male,45,IT,Analyst,2017-02-07,877110,4,No,Bachelor,Single,9,Yes,5,Ahmedabad
4921,Employee 4921,Female,32,Sales,Manager,2023-06-06,1676600,2,No,Master,Single,3,Yes,4,Mumbai
4922,Employee 4922,Male,33,Finance,Specialist,2020-01-04,1167988,1,No,Diploma,Married,6,Yes,5,Hyderabad
4923,Employee 4923,Female,30,Finance,Manager,2020-01-27,640395,5,No,Bachelor,Single,6,Yes,2,Mumbai
4924,Employee 4924,Male,56,Marketing,Engineer,2022-04-04,1199347,2,No,Master,Married,4,No,2,Mumbai
4925,Employee 4925,Male,50,IT,Associate,2023-02-22,1220940,4,No,Master,Single,3,No,1,Pune
4926,Employee 4926,Male,60,Marketing,Executive,2024-06-18,1579596,4,No,Diploma,Married,2,Yes,3,Mumbai
4927,Employee 4927,Female,25,Sales,Analyst,2021-12-30,1092922,1,No,Master,Single,4,Yes,5,Chennai
4928,Employee 4928,Male,35,Sales,Manager,2023-11-05,1468925,4,No,Master,Single,2,Yes,4,Bengaluru
4929,Employee 4929,Male,59,Support,Specialist,2022-12-22,1048268,5,No,Master,Married,3,Yes,3,Hyderabad
4930,Employee 4930,Male,59,Sales,Executive,2022-06-16,466709,5,Yes,Master,Single,4,Yes,5,Delhi
4931,Employee 4931,Male,56,Operations,Associate,2020-01-13,530910,1,No,Bachelor,Single,6,Yes,3,Hyderabad
4932,Employee 4932,Female,38,Operations,Specialist,2017-01-12,1076580,5,No,Diploma,Married,9,No,4,Hyderabad
4933,Employee 4933,Male,35,Operations,Engineer,2018-05-11,758176,1,No,Diploma,Married,8,Yes,1,Hyderabad
4934,Employee 4934,Male,30,Marketing,Associate,2024-11-28,1220046,4,No,Diploma,Single,1,No,4,Bengaluru
4935,Employee 4935,Female,46,Marketing,Associate,2023-01-07,1463411,5,No,Diploma,Married,3,Yes,4,Bengaluru
4936,Employee 4936,Male,29,Support,Specialist,2026-04-04,1376046,5,No,Diploma,Married,0,No,3,Delhi
4937,Employee 4937,Male,38,Marketing,Manager,2017-11-15,912778,4,No,Diploma,Single,8,No,5,Pune
4938,Employee 4938,Female,46,HR,Executive,2015-12-09,780203,5,No,Master,Single,10,No,1,Chennai
4939,Employee 4939,Female,43,Marketing,Manager,2025-08-31,357344,3,No,Master,Married,0,No,5,Ahmedabad
4940,Employee 4940,Male,57,Marketing,Engineer,2025-01-11,805388,3,No,Bachelor,Married,1,No,1,Chennai
4941,Employee 4941,Male,51,Marketing,Manager,2023-10-06,439447,3,No,Diploma,Single,2,No,1,Mumbai
4942,Employee 4942,Female,43,Marketing,Engineer,2015-01-17,1499012,2,No,Master,Married,11,No,4,Pune
4943,Employee 4943,Male,33,Sales,Manager,2020-02-19,514752,4,No,Master,Married,6,No,3,Delhi
4944,Employee 4944,Female,51,Marketing,Manager,2025-12-18,1743832,3,No,Master,Married,0,Yes,1,Delhi
4945,Employee 4945,Male,39,Sales,Analyst,2021-09-13,440407,2,No,Diploma,Married,4,Yes,2,Delhi
4946,Employee 4946,Male,31,Marketing,Analyst,2023-07-04,1696859,3,No,Diploma,Single,2,Yes,4,Mumbai
4947,Employee 4947,Male,52,Marketing,Associate,2022-04-23,915600,2,No,Bachelor,Married,4,No,1,Delhi
4948,Employee 4948,Female,23,HR,Specialist,2016-08-22,864893,1,No,Bachelor,Married,3,Yes,4,Ahmedabad
4949,Employee 4949,Male,39,Finance,Analyst,2018-01-16,1109631,4,No,Bachelor,Married,8,No,2,Bengaluru
4950,Employee 4950,Female,43,IT,Associate,2024-01-31,1526832,4,No,Master,Married,2,Yes,1,Delhi
4951,Employee 4951,Female,35,HR,Engineer,2019-01-12,500921,5,No,Diploma,Single,7,Yes,5,Pune
4952,Employee 4952,Male,35,Support,Executive,2020-09-18,1417215,3,No,Diploma,Married,5,Yes,1,Delhi
4953,Employee 4953,Female,46,Sales,Manager,2025-01-20,333048,4,No,Diploma,Single,1,Yes,5,Mumbai
4954,Employee 4954,Female,57,Operations,Executive,2017-08-18,640876,1,No,Diploma,Married,8,No,2,Bengaluru
4955,Employee 4955,Male,53,Operations,Specialist,2019-04-28,1277897,2,No,Bachelor,Single,7,No,5,Hyderabad
4956,Employee 4956,Male,56,Sales,Engineer,2026-04-06,1730694,4,Yes,Diploma,Single,0,Yes,1,Chennai
4957,Employee 4957,Male,33,HR,Associate,2016-01-21,1598430,4,No,Master,Single,10,No,2,Ahmedabad
4958,Employee 4958,Male,27,Support,Specialist,2024-12-12,459260,4,Yes,Bachelor,Single,1,Yes,5,Ahmedabad
4959,Employee 4959,Male,37,Support,Engineer,2020-01-03,711917,4,Yes,Bachelor,Married,6,No,3,Pune
4960,Employee 4960,Male,22,Sales,Associate,2018-09-06,554594,4,No,Diploma,Single,2,Yes,5,Pune
4961,Employee 4961,Male,50,IT,Specialist,2016-12-30,318297,3,No,Diploma,Single,9,No,2,Ahmedabad
4962,Employee 4962,Male,21,Marketing,Manager,2022-01-17,1084924,5,No,Diploma,Single,1,Yes,4,Mumbai
4963,Employee 4963,Male,22,HR,Associate,2025-06-07,843025,3,No,Diploma,Single,1,No,4,Pune
4964,Employee 4964,Male,30,HR,Manager,2021-10-18,768698,3,No,Bachelor,Single,4,Yes,1,Delhi
4965,Employee 4965,Female,47,Finance,Analyst,2015-02-10,1646809,5,No,Bachelor,Married,11,Yes,2,Delhi
4966,Employee 4966,Male,49,Support,Associate,2017-12-18,1771066,1,No,Diploma,Single,8,Yes,5,Delhi
4967,Employee 4967,Female,49,Marketing,Engineer,2022-01-22,692541,3,No,Diploma,Single,4,No,1,Pune
4968,Employee 4968,Male,50,Marketing,Engineer,2021-05-26,961802,2,No,Bachelor,Married,5,Yes,4,Bengaluru
4969,Employee 4969,Female,43,Support,Analyst,2016-01-27,1148336,4,No,Diploma,Married,10,No,5,Hyderabad
4970,Employee 4970,Male,27,Finance,Specialist,2015-04-30,1436687,4,No,Bachelor,Single,7,Yes,1,Delhi
4971,Employee 4971,Male,23,IT,Executive,2016-07-12,718020,2,Yes,Master,Single,3,No,5,Delhi
4972,Employee 4972,Female,59,Sales,Associate,2020-09-14,1028304,1,No,Master,Single,5,No,3,Delhi
4973,Employee 4973,Male,25,Marketing,Manager,2025-05-26,353048,3,No,Bachelor,Married,1,No,5,Ahmedabad
4974,Employee 4974,Male,41,Sales,Executive,2015-03-17,1760831,4,No,Master,Single,11,No,1,Hyderabad
4975,Employee 4975,Male,51,Support,Associate,2016-12-27,1165936,2,Yes,Bachelor,Single,9,Yes,4,Pune
4976,Employee 4976,Female,56,Sales,Specialist,2025-05-11,1623670,4,No,Bachelor,Single,1,No,4,Delhi
4977,Employee 4977,Male,31,Marketing,Manager,2018-03-19,1405986,1,Yes,Bachelor,Single,8,No,4,Chennai
4978,Employee 4978,Female,40,Support,Manager,2019-09-22,673862,4,Yes,Bachelor,Married,6,No,3,Ahmedabad
4979,Employee 4979,Female,37,Finance,Engineer,2015-03-31,1374975,5,No,Master,Single,11,No,4,Pune
4980,Employee 4980,Male,47,Marketing,Analyst,2016-04-19,1201995,2,No,Master,Married,10,Yes,5,Bengaluru
4981,Employee 4981,Female,22,Finance,Analyst,2025-11-19,1768965,4,Yes,Diploma,Married,0,Yes,5,Bengaluru
4982,Employee 4982,Male,25,Support,Executive,2015-10-10,390185,5,No,Master,Married,5,Yes,3,Pune
4983,Employee 4983,Female,52,Sales,Executive,2022-09-20,343085,2,No,Diploma,Single,3,No,4,Delhi
4984,Employee 4984,Female,25,Operations,Associate,2021-12-25,1108071,2,No,Bachelor,Married,4,Yes,1,Hyderabad
4985,Employee 4985,Male,33,HR,Executive,2025-01-16,1651437,5,Yes,Bachelor,Single,1,No,4,Mumbai
4986,Employee 4986,Female,40,Finance,Associate,2024-10-31,1538692,5,No,Diploma,Single,1,No,3,Hyderabad
4987,Employee 4987,Male,50,IT,Executive,2021-02-09,388368,1,No,Diploma,Married,5,No,2,Bengaluru
4988,Employee 4988,Female,43,Sales,Analyst,2021-08-30,1403756,1,No,Bachelor,Married,4,Yes,3,Bengaluru
4989,Employee 4989,Female,60,HR,Analyst,2023-11-28,1782272,1,No,Diploma,Single,2,Yes,3,Chennai
4990,Employee 4990,Female,32,Finance,Manager,2025-02-01,602512,4,Yes,Diploma,Single,1,Yes,2,Mumbai
4991,Employee 4991,Female,49,Operations,Associate,2015-12-14,1477650,2,No,Diploma,Single,10,Yes,3,Chennai
4992,Employee 4992,Female,58,Support,Analyst,2020-06-26,1256743,2,No,Diploma,Single,6,No,1,Bengaluru
4993,Employee 4993,Male,34,Operations,Analyst,2019-04-16,1751327,5,No,Bachelor,Married,7,No,4,Chennai
4994,Employee 4994,Male,21,Operations,Analyst,2023-08-09,1121084,4,No,Master,Married,1,Yes,3,Delhi
4995,Employee 4995,Male,46,Operations,Specialist,2023-07-01,446493,4,No,Diploma,Single,3,Yes,3,Chennai
4996,Employee 4996,Male,30,Support,Specialist,2018-06-03,759886,5,No,Diploma,Single,8,No,5,Chennai
4997,Employee 4997,Female,35,Marketing,Analyst,2016-02-04,1091890,4,No,Master,Married,10,No,5,Delhi
4998,Employee 4998,Female,30,Sales,Executive,2020-08-01,1449096,2,No,Diploma,Single,5,No,5,Hyderabad
4999,Employee 4999,Female,58,IT,Engineer,2026-02-03,1325511,5,No,Master,Married,0,No,1,Hyderabad
5000,Employee 5000,Female,52,IT,Engineer,2019-06-18,550049,3,Yes,Diploma,Single,7,No,4,Pune
5001,Employee 5001,Male,47,Operations,Associate,2020-06-20,541208,4,No,Diploma,Single,6,Yes,1,Pune
5002,Employee 5002,Male,42,Sales,Engineer,2016-08-13,1552261,5,No,Diploma,Married,9,No,2,Hyderabad
5003,Employee 5003,Male,60,HR,Analyst,2025-07-02,1236068,5,Yes,Bachelor,Single,1,Yes,2,Bengaluru
5004,Employee 5004,Female,33,IT,Associate,2025-06-27,1540904,3,No,Bachelor,Married,1,No,2,Delhi
5005,Employee 5005,Female,47,Support,Analyst,2021-08-16,1048494,2,No,Diploma,Married,4,Yes,3,Delhi
5006,Employee 5006,Female,34,Finance,Analyst,2025-10-17,1527997,2,No,Master,Married,0,Yes,1,Hyderabad
5007,Employee 5007,Female,27,Marketing,Manager,2019-12-25,1532257,2,No,Diploma,Single,6,No,1,Mumbai
5008,Employee 5008,Female,46,HR,Executive,2019-02-24,251129,2,No,Diploma,Single,7,Yes,3,Bengaluru
5009,Employee 5009,Female,58,HR,Associate,2025-02-20,1570942,3,No,Master,Single,1,Yes,4,Hyderabad
5010,Employee 5010,Male,25,IT,Associate,2018-09-04,509627,2,No,Master,Married,5,Yes,5,Bengaluru
5011,Employee 5011,Male,39,Support,Engineer,2017-09-08,1680256,2,No,Bachelor,Married,8,No,2,Bengaluru
5012,Employee 5012,Male,27,Finance,Engineer,2015-03-21,357633,3,No,Diploma,Single,7,Yes,2,Mumbai
5013,Employee 5013,Male,50,Finance,Manager,2022-09-11,600167,5,No,Diploma,Married,3,No,4,Delhi
5014,Employee 5014,Male,34,Marketing,Specialist,2017-12-21,1056345,1,No,Bachelor,Single,8,No,4,Bengaluru
5015,Employee 5015,Male,31,Marketing,Associate,2019-09-02,522252,3,No,Diploma,Married,6,No,3,Mumbai
5016,Employee 5016,Female,24,Marketing,Analyst,2026-06-29,1677081,5,No,Bachelor,Married,0,Yes,5,Chennai
5017,Employee 5017,Female,44,IT,Specialist,2015-07-03,892865,4,No,Diploma,Married,11,Yes,3,Ahmedabad
5018,Employee 5018,Male,27,Support,Specialist,2018-08-30,876610,4,No,Master,Single,7,Yes,2,Hyderabad
5019,Employee 5019,Male,31,IT,Engineer,2015-11-04,1013607,4,No,Bachelor,Single,10,Yes,3,Pune
5020,Employee 5020,Male,27,Sales,Engineer,2015-11-20,687436,3,No,Master,Married,7,Yes,5,Hyderabad
5021,Employee 5021,Male,55,Finance,Manager,2024-06-25,897686,2,Yes,Master,Single,2,No,3,Bengaluru
5022,Employee 5022,Male,39,Marketing,Specialist,2020-07-30,1717047,4,No,Master,Single,5,Yes,3,Mumbai
5023,Employee 5023,Male,33,Marketing,Engineer,2021-12-28,1645331,5,No,Master,Married,4,No,2,Ahmedabad
5024,Employee 5024,Female,22,Marketing,Manager,2017-06-01,504544,4,No,Bachelor,Single,2,Yes,5,Bengaluru
5025,Employee 5025,Male,56,IT,Associate,2021-06-25,1271475,2,No,Master,Married,5,No,4,Hyderabad
5026,Employee 5026,Female,36,IT,Analyst,2015-03-13,531143,1,No,Bachelor,Single,11,Yes,4,Delhi
5027,Employee 5027,Male,58,IT,Specialist,2020-12-27,314242,5,No,Diploma,Married,5,Yes,5,Pune
5028,Employee 5028,Male,46,Operations,Manager,2015-06-16,1219801,1,No,Diploma,Married,11,Yes,3,Mumbai
5029,Employee 5029,Male,30,Marketing,Specialist,2017-10-21,492274,4,No,Master,Single,8,Yes,1,Delhi
5030,Employee 5030,Male,32,Sales,Manager,2018-05-05,968878,2,No,Diploma,Married,8,No,2,Mumbai
5031,Employee 5031,Female,53,Finance,Specialist,2018-10-01,1692692,3,No,Diploma,Married,7,Yes,1,Ahmedabad
5032,Employee 5032,Male,32,Finance,Manager,2026-02-16,955175,1,No,Diploma,Married,0,No,3,Bengaluru
5033,Employee 5033,Male,32,Finance,Manager,2016-10-25,925618,5,No,Bachelor,Married,9,No,3,Bengaluru
5034,Employee 5034,Male,58,Marketing,Executive,2017-11-18,1233400,2,No,Bachelor,Single,8,Yes,3,Pune
5035,Employee 5035,Male,28,IT,Specialist,2025-03-30,1069243,5,Yes,Diploma,Single,1,No,1,Bengaluru
5036,Employee 5036,Male,46,Support,Associate,2023-06-10,380267,5,Yes,Master,Married,3,Yes,2,Ahmedabad
5037,Employee 5037,Male,33,Sales,Specialist,2023-07-13,803867,1,No,Bachelor,Single,2,No,1,Ahmedabad
5038,Employee 5038,Female,31,Support,Analyst,2018-01-31,1545224,3,No,Master,Married,8,Yes,1,Mumbai
5039,Employee 5039,Male,53,HR,Associate,2018-10-06,476566,3,Yes,Bachelor,Single,7,Yes,2,Chennai
5040,Employee 5040,Female,47,Finance,Manager,2023-07-26,354523,2,No,Bachelor,Single,2,No,1,Delhi
5041,Employee 5041,Male,28,Support,Manager,2025-04-10,1206749,5,Yes,Bachelor,Married,1,No,4,Ahmedabad
5042,Employee 5042,Male,41,Support,Associate,2026-01-06,1470111,3,Yes,Diploma,Single,0,No,4,Ahmedabad
5043,Employee 5043,Male,33,IT,Associate,2019-03-07,414206,4,No,Bachelor,Single,7,No,5,Pune
5044,Employee 5044,Male,57,IT,Engineer,2024-09-17,1013648,2,No,Bachelor,Single,1,No,3,Delhi
5045,Employee 5045,Male,55,Sales,Engineer,2016-01-24,1490743,4,No,Diploma,Single,10,No,3,Delhi
5046,Employee 5046,Male,48,Support,Manager,2020-10-15,767153,5,No,Diploma,Single,5,Yes,2,Pune
5047,Employee 5047,Female,42,HR,Specialist,2019-03-10,1609597,4,No,Bachelor,Married,7,Yes,5,Ahmedabad
5048,Employee 5048,Male,53,HR,Executive,2019-06-15,1751802,4,No,Diploma,Married,7,No,2,Ahmedabad
5049,Employee 5049,Male,28,Marketing,Executive,2020-01-11,1338434,2,No,Master,Married,6,Yes,4,Chennai
5050,Employee 5050,Male,34,Marketing,Manager,2020-07-14,1162475,1,No,Master,Single,5,No,4,Hyderabad
5051,Employee 5051,Female,29,Finance,Executive,2025-10-20,710964,3,No,Master,Single,0,No,3,Bengaluru
5052,Employee 5052,Male,41,Support,Associate,2023-05-09,1771840,5,No,Master,Married,3,No,1,Mumbai
5053,Employee 5053,Male,23,Sales,Manager,2016-04-11,1684072,5,No,Bachelor,Married,3,No,1,Pune
5054,Employee 5054,Female,33,Marketing,Analyst,2025-02-12,569570,1,No,Diploma,Single,1,Yes,5,Chennai
5055,Employee 5055,Male,43,Marketing,Associate,2023-05-20,1183619,5,No,Bachelor,Married,3,Yes,3,Bengaluru
5056,Employee 5056,Male,27,Sales,Manager,2016-01-28,423202,5,No,Diploma,Married,7,No,2,Delhi
5057,Employee 5057,Male,34,Support,Manager,2023-05-22,533061,4,No,Bachelor,Married,3,No,3,Chennai
5058,Employee 5058,Male,41,IT,Engineer,2015-12-29,1505782,4,No,Master,Single,10,Yes,2,Pune
5059,Employee 5059,Male,36,Sales,Engineer,2021-01-26,395552,1,No,Diploma,Single,5,Yes,1,Chennai
5060,Employee 5060,Female,59,Marketing,Engineer,2020-12-09,881341,2,No,Bachelor,Single,5,Yes,5,Mumbai
5061,Employee 5061,Female,33,Finance,Executive,2021-08-09,1340378,1,Yes,Master,Married,4,Yes,5,Bengaluru
5062,Employee 5062,Male,35,Finance,Executive,2017-09-08,1078823,3,No,Bachelor,Married,8,No,4,Mumbai
5063,Employee 5063,Male,48,Support,Analyst,2024-12-20,294029,1,No,Bachelor,Married,1,Yes,1,Pune
5064,Employee 5064,Female,23,Operations,Analyst,2023-06-18,1218655,3,Yes,Master,Married,3,No,4,Mumbai
5065,Employee 5065,Female,21,Sales,Analyst,2019-01-30,1491713,1,No,Bachelor,Single,1,Yes,1,Ahmedabad
5066,Employee 5066,Male,21,Operations,Engineer,2021-01-06,1762541,2,No,Bachelor,Married,1,Yes,3,Pune
5067,Employee 5067,Male,31,IT,Associate,2020-02-11,801463,4,Yes,Master,Single,6,Yes,3,Mumbai
5068,Employee 5068,Male,55,Finance,Analyst,2024-05-19,421540,3,No,Diploma,Married,2,Yes,5,Delhi
5069,Employee 5069,Female,52,Operations,Associate,2022-10-15,1178004,3,No,Bachelor,Single,3,No,5,Delhi
5070,Employee 5070,Female,39,Finance,Specialist,2017-02-06,1048990,5,No,Bachelor,Single,9,No,1,Delhi
5071,Employee 5071,Female,30,Support,Specialist,2021-12-11,1122454,1,No,Bachelor,Single,4,No,5,Bengaluru
5072,Employee 5072,Female,44,Marketing,Manager,2026-03-22,1242108,4,No,Bachelor,Single,0,Yes,3,Bengaluru
5073,Employee 5073,Male,25,Operations,Analyst,2017-01-02,796474,1,No,Diploma,Single,5,Yes,3,Pune
5074,Employee 5074,Female,48,Marketing,Manager,2021-06-10,283768,4,No,Master,Single,5,No,3,Ahmedabad
5075,Employee 5075,Male,32,Support,Analyst,2017-09-04,1204749,2,No,Master,Married,8,Yes,3,Pune
5076,Employee 5076,Male,39,IT,Analyst,2017-02-11,563326,4,No,Diploma,Single,9,No,3,Ahmedabad
5077,Employee 5077,Male,55,HR,Specialist,2024-01-06,1678543,2,No,Bachelor,Single,2,Yes,5,Mumbai
5078,Employee 5078,Male,22,HR,Executive,2018-02-04,1455677,4,No,Master,Single,2,No,3,Ahmedabad
5079,Employee 5079,Male,50,Marketing,Analyst,2021-06-24,975227,2,No,Master,Married,5,Yes,2,Hyderabad
5080,Employee 5080,Male,43,Support,Associate,2020-06-15,793085,2,No,Master,Single,6,Yes,4,Hyderabad
5081,Employee 5081,Female,42,IT,Specialist,2017-03-19,715022,4,Yes,Master,Married,9,Yes,2,Mumbai
5082,Employee 5082,Female,45,Marketing,Associate,2021-06-20,813990,1,No,Master,Single,5,Yes,4,Delhi
5083,Employee 5083,Female,33,Sales,Executive,2025-10-12,1712465,5,No,Bachelor,Married,0,Yes,1,Bengaluru
5084,Employee 5084,Male,54,Support,Associate,2016-07-18,345807,5,No,Master,Single,9,Yes,3,Pune
5085,Employee 5085,Female,22,Marketing,Analyst,2023-02-01,795983,4,No,Bachelor,Single,2,Yes,4,Ahmedabad
5086,Employee 5086,Male,59,Finance,Manager,2018-03-13,1695525,4,No,Bachelor,Single,8,Yes,5,Ahmedabad
5087,Employee 5087,Female,44,Marketing,Manager,2018-04-30,794970,2,No,Bachelor,Single,8,Yes,5,Delhi
5088,Employee 5088,Female,42,Finance,Specialist,2018-09-04,435444,1,No,Master,Single,7,No,4,Chennai
5089,Employee 5089,Male,22,Marketing,Associate,2023-11-22,1342118,4,No,Master,Married,2,Yes,1,Bengaluru
5090,Employee 5090,Male,55,Marketing,Manager,2017-01-31,1168390,5,Yes,Master,Single,9,Yes,4,Chennai
5091,Employee 5091,Male,41,IT,Executive,2026-04-30,825516,4,No,Bachelor,Single,0,Yes,1,Chennai
5092,Employee 5092,Male,32,HR,Engineer,2017-02-20,1606290,4,Yes,Bachelor,Single,9,No,3,Delhi
5093,Employee 5093,Female,43,HR,Executive,2021-07-03,1282713,1,No,Bachelor,Married,5,Yes,5,Ahmedabad
5094,Employee 5094,Female,41,HR,Engineer,2015-04-23,264988,4,No,Master,Married,11,Yes,3,Hyderabad
5095,Employee 5095,Male,51,IT,Manager,2026-02-14,323915,3,No,Master,Single,0,Yes,4,Delhi
5096,Employee 5096,Male,53,Support,Engineer,2024-12-22,1038655,3,Yes,Master,Married,1,Yes,1,Pune
5097,Employee 5097,Male,57,Operations,Specialist,2016-02-19,261498,1,No,Diploma,Single,10,No,1,Mumbai
5098,Employee 5098,Male,57,HR,Analyst,2017-01-23,458279,2,Yes,Master,Married,9,No,5,Chennai
5099,Employee 5099,Female,31,Support,Manager,2024-02-03,884085,5,Yes,Master,Married,2,Yes,1,Delhi
5100,Employee 5100,Male,32,HR,Analyst,2021-11-25,543641,2,Yes,Master,Single,4,Yes,1,Ahmedabad
5101,Employee 5101,Female,30,Finance,Specialist,2018-06-27,1365294,5,No,Master,Single,8,Yes,4,Bengaluru
5102,Employee 5102,Female,54,Marketing,Analyst,2019-09-15,1124546,4,No,Bachelor,Married,6,Yes,3,Ahmedabad
5103,Employee 5103,Male,47,Sales,Executive,2026-01-06,1223414,4,No,Bachelor,Single,0,Yes,3,Hyderabad
5104,Employee 5104,Male,45,HR,Engineer,2024-03-30,361467,3,Yes,Bachelor,Married,2,Yes,2,Delhi
5105,Employee 5105,Male,37,IT,Specialist,2018-04-29,1022319,4,Yes,Diploma,Married,8,Yes,2,Pune
5106,Employee 5106,Female,58,Finance,Analyst,2015-01-11,482006,4,No,Diploma,Married,11,Yes,4,Mumbai
5107,Employee 5107,Female,23,HR,Specialist,2023-07-26,1350353,5,No,Diploma,Single,2,No,3,Chennai
5108,Employee 5108,Female,47,Support,Manager,2022-02-15,582782,1,Yes,Master,Single,4,No,1,Delhi
5109,Employee 5109,Male,23,Finance,Manager,2021-09-18,1506130,1,No,Diploma,Single,3,Yes,2,Pune
5110,Employee 5110,Male,45,HR,Analyst,2023-08-07,390247,1,No,Diploma,Single,2,Yes,5,Hyderabad
5111,Employee 5111,Female,37,Operations,Associate,2020-07-16,394270,2,No,Bachelor,Single,5,Yes,5,Bengaluru
5112,Employee 5112,Female,59,Operations,Analyst,2026-02-05,1782758,4,No,Bachelor,Married,0,No,4,Chennai
5113,Employee 5113,Male,21,Operations,Specialist,2018-12-01,444252,3,No,Master,Single,1,No,1,Mumbai
5114,Employee 5114,Female,55,IT,Executive,2017-02-17,728596,3,No,Diploma,Married,9,No,4,Mumbai
5115,Employee 5115,Female,26,HR,Engineer,2015-10-09,1204578,4,No,Master,Single,6,No,4,Ahmedabad
5116,Employee 5116,Male,43,Operations,Associate,2017-08-03,1483057,1,No,Master,Single,8,Yes,1,Hyderabad
5117,Employee 5117,Male,33,Sales,Executive,2025-05-24,1376126,5,No,Bachelor,Single,1,No,4,Mumbai
5118,Employee 5118,Female,48,Finance,Associate,2023-04-17,757807,5,No,Bachelor,Married,3,No,3,Delhi
5119,Employee 5119,Female,56,Finance,Executive,2016-12-14,1470468,2,No,Master,Single,9,No,4,Hyderabad
5120,Employee 5120,Male,50,Operations,Associate,2019-02-27,450138,1,Yes,Master,Single,7,Yes,3,Chennai
5121,Employee 5121,Male,37,IT,Associate,2022-06-12,303802,3,No,Master,Single,4,Yes,2,Mumbai
5122,Employee 5122,Female,29,HR,Executive,2018-10-16,341285,2,No,Master,Married,7,No,1,Hyderabad
5123,Employee 5123,Male,40,Finance,Executive,2024-11-22,1476089,3,No,Diploma,Married,1,Yes,2,Ahmedabad
5124,Employee 5124,Female,28,Finance,Specialist,2019-05-19,1649455,2,Yes,Diploma,Married,7,Yes,2,Bengaluru
5125,Employee 5125,Male,28,Operations,Analyst,2018-03-13,809974,5,No,Master,Single,8,Yes,3,Delhi
5126,Employee 5126,Female,34,IT,Manager,2020-11-06,1505767,1,No,Bachelor,Single,5,Yes,4,Mumbai
5127,Employee 5127,Female,56,HR,Associate,2022-01-02,1276200,1,No,Master,Married,4,No,3,Chennai
5128,Employee 5128,Female,47,HR,Manager,2023-09-16,1760421,3,No,Master,Single,2,No,2,Pune
5129,Employee 5129,Female,36,Finance,Executive,2021-12-10,273334,3,No,Bachelor,Married,4,No,1,Delhi
5130,Employee 5130,Female,22,Sales,Engineer,2015-07-09,1089052,5,No,Master,Single,2,No,2,Pune
5131,Employee 5131,Male,57,Operations,Specialist,2016-04-07,1089817,2,Yes,Master,Married,10,Yes,5,Ahmedabad
5132,Employee 5132,Female,52,Operations,Executive,2017-06-10,1300730,5,Yes,Diploma,Married,9,Yes,5,Ahmedabad
5133,Employee 5133,Female,37,Sales,Associate,2015-05-16,675136,1,No,Bachelor,Single,11,Yes,2,Bengaluru
5134,Employee 5134,Male,60,HR,Executive,2016-06-10,445504,5,Yes,Diploma,Married,10,No,5,Chennai
5135,Employee 5135,Male,36,IT,Associate,2024-04-04,1691994,4,Yes,Bachelor,Single,2,Yes,2,Delhi
5136,Employee 5136,Male,57,IT,Engineer,2020-01-16,1054266,3,No,Diploma,Married,6,No,4,Pune
5137,Employee 5137,Male,39,Finance,Executive,2018-05-26,1367310,3,No,Diploma,Married,8,No,3,Hyderabad
5138,Employee 5138,Male,52,Support,Executive,2020-04-13,1523602,1,No,Diploma,Single,6,Yes,5,Ahmedabad
5139,Employee 5139,Female,50,Support,Analyst,2024-06-21,777108,3,No,Bachelor,Married,2,Yes,5,Pune
5140,Employee 5140,Male,30,Finance,Manager,2016-10-09,1390865,2,No,Diploma,Married,9,No,2,Hyderabad
5141,Employee 5141,Female,39,Support,Manager,2015-02-02,390035,1,Yes,Diploma,Married,11,Yes,4,Bengaluru
5142,Employee 5142,Female,45,Sales,Analyst,2024-10-14,1172374,1,No,Bachelor,Married,1,Yes,2,Bengaluru
5143,Employee 5143,Male,45,Sales,Executive,2015-02-02,599843,1,No,Master,Married,11,No,4,Ahmedabad
5144,Employee 5144,Female,46,Marketing,Engineer,2018-05-29,1282532,2,No,Bachelor,Married,8,Yes,4,Ahmedabad
5145,Employee 5145,Male,42,IT,Analyst,2022-11-09,768646,3,No,Diploma,Married,3,Yes,4,Pune
5146,Employee 5146,Male,26,IT,Executive,2021-04-24,409644,1,No,Master,Single,5,No,3,Chennai
5147,Employee 5147,Male,47,HR,Analyst,2025-03-15,799093,4,No,Diploma,Married,1,No,2,Hyderabad
5148,Employee 5148,Female,46,Finance,Associate,2025-04-26,591915,4,No,Diploma,Single,1,Yes,5,Ahmedabad
5149,Employee 5149,Male,43,IT,Engineer,2016-12-28,707292,1,No,Diploma,Married,9,Yes,2,Delhi
5150,Employee 5150,Male,22,IT,Manager,2017-12-31,1629326,3,No,Master,Married,2,No,3,Bengaluru
5151,Employee 5151,Male,23,Finance,Manager,2024-05-03,682894,3,No,Diploma,Married,2,Yes,3,Pune
5152,Employee 5152,Male,44,Sales,Analyst,2021-01-11,377954,4,No,Bachelor,Married,5,Yes,4,Ahmedabad
5153,Employee 5153,Female,27,Support,Engineer,2015-05-27,985770,5,No,Bachelor,Married,7,Yes,2,Ahmedabad
5154,Employee 5154,Male,54,IT,Executive,2023-09-02,1562774,5,No,Master,Married,2,Yes,2,Mumbai
5155,Employee 5155,Female,54,Support,Associate,2021-01-23,612425,1,No,Master,Single,5,No,1,Mumbai
5156,Employee 5156,Male,30,IT,Specialist,2022-05-20,1369267,2,No,Bachelor,Married,4,No,5,Delhi
5157,Employee 5157,Female,54,Finance,Specialist,2018-11-06,1468167,5,No,Master,Married,7,Yes,2,Ahmedabad
5158,Employee 5158,Male,30,HR,Executive,2015-05-06,904977,5,No,Master,Married,10,No,5,Mumbai
5159,Employee 5159,Female,55,HR,Engineer,2017-02-11,322664,5,No,Diploma,Married,9,Yes,3,Ahmedabad
5160,Employee 5160,Male,26,Marketing,Analyst,2024-10-05,861332,3,No,Master,Married,1,No,2,Hyderabad
5161,Employee 5161,Female,47,IT,Analyst,2023-08-03,1129454,2,Yes,Diploma,Single,2,Yes,2,Pune
5162,Employee 5162,Male,32,Support,Manager,2023-11-27,1668847,5,No,Bachelor,Married,2,Yes,4,Ahmedabad
5163,Employee 5163,Male,22,Finance,Associate,2025-02-22,487130,3,Yes,Bachelor,Married,1,No,1,Bengaluru
5164,Employee 5164,Male,43,HR,Manager,2023-10-02,1694489,4,No,Bachelor,Single,2,Yes,3,Pune
5165,Employee 5165,Male,47,IT,Engineer,2025-06-04,905882,2,No,Master,Married,1,No,4,Bengaluru
5166,Employee 5166,Male,25,HR,Analyst,2020-02-15,757746,3,Yes,Bachelor,Single,5,No,1,Ahmedabad
5167,Employee 5167,Male,46,Operations,Engineer,2016-04-16,1731465,4,No,Bachelor,Single,10,Yes,5,Pune
5168,Employee 5168,Female,37,Marketing,Analyst,2019-02-08,509171,3,Yes,Diploma,Single,7,No,3,Hyderabad
5169,Employee 5169,Female,51,IT,Analyst,2018-05-18,1157852,3,No,Master,Married,8,Yes,5,Pune
5170,Employee 5170,Male,58,Support,Engineer,2026-05-11,406244,3,No,Bachelor,Single,0,Yes,2,Pune
5171,Employee 5171,Male,49,IT,Specialist,2024-04-26,674745,1,Yes,Diploma,Married,2,Yes,5,Chennai
5172,Employee 5172,Male,59,Operations,Associate,2024-11-09,607554,4,No,Diploma,Married,1,Yes,4,Chennai
5173,Employee 5173,Male,60,Support,Executive,2022-06-25,758513,2,No,Master,Single,4,No,3,Mumbai
5174,Employee 5174,Female,28,IT,Analyst,2019-07-10,626348,1,No,Bachelor,Single,6,No,1,Delhi
5175,Employee 5175,Female,24,Sales,Analyst,2026-06-19,1193531,3,No,Bachelor,Married,0,Yes,3,Hyderabad
5176,Employee 5176,Male,47,HR,Specialist,2020-08-07,1110240,4,No,Bachelor,Single,5,No,2,Pune
5177,Employee 5177,Male,31,IT,Specialist,2016-06-09,836769,3,No,Bachelor,Married,10,Yes,1,Ahmedabad
5178,Employee 5178,Female,40,Operations,Specialist,2019-01-19,1164993,1,No,Diploma,Married,7,No,5,Hyderabad
5179,Employee 5179,Male,25,Operations,Executive,2025-01-03,856538,1,Yes,Master,Single,1,Yes,1,Mumbai
5180,Employee 5180,Male,52,Finance,Analyst,2025-11-04,1625172,2,No,Diploma,Single,0,Yes,5,Delhi
5181,Employee 5181,Female,60,Sales,Associate,2016-09-22,800841,3,No,Diploma,Single,9,No,4,Pune
5182,Employee 5182,Female,33,HR,Engineer,2018-02-11,1042384,2,No,Master,Single,8,No,4,Hyderabad
5183,Employee 5183,Male,33,Finance,Analyst,2017-05-07,496848,3,No,Bachelor,Married,9,Yes,1,Pune
5184,Employee 5184,Male,60,Finance,Manager,2024-11-03,1797920,3,No,Diploma,Married,1,Yes,3,Bengaluru
5185,Employee 5185,Female,45,Support,Executive,2024-10-08,804518,4,No,Master,Single,1,Yes,4,Delhi
5186,Employee 5186,Male,27,IT,Specialist,2023-10-14,1043641,4,Yes,Diploma,Married,2,No,1,Mumbai
5187,Employee 5187,Female,37,IT,Associate,2018-12-19,1705978,4,No,Bachelor,Married,7,No,2,Chennai
5188,Employee 5188,Female,51,IT,Manager,2016-02-08,1105928,4,No,Master,Single,10,Yes,3,Delhi
5189,Employee 5189,Female,59,IT,Engineer,2026-06-23,1364706,1,No,Bachelor,Single,0,Yes,5,Pune
5190,Employee 5190,Male,46,Marketing,Engineer,2021-03-01,1093265,1,Yes,Master,Married,5,Yes,4,Pune
5191,Employee 5191,Female,30,Finance,Analyst,2019-09-29,372979,3,No,Diploma,Single,6,No,4,Ahmedabad
5192,Employee 5192,Male,54,IT,Engineer,2019-05-13,962008,1,No,Bachelor,Married,7,Yes,4,Ahmedabad
5193,Employee 5193,Male,33,HR,Executive,2015-10-17,1348361,5,No,Master,Single,10,Yes,2,Mumbai
5194,Employee 5194,Female,27,Operations,Executive,2018-05-15,1375270,5,No,Bachelor,Single,7,No,4,Mumbai
5195,Employee 5195,Female,31,Support,Engineer,2026-02-01,819415,5,No,Diploma,Single,0,No,2,Bengaluru
5196,Employee 5196,Female,45,Marketing,Associate,2024-11-05,1583562,2,No,Master,Married,1,Yes,3,Chennai
5197,Employee 5197,Male,56,Marketing,Associate,2025-10-11,499273,2,No,Bachelor,Single,0,No,4,Mumbai
5198,Employee 5198,Female,47,Support,Engineer,2025-09-11,1740059,2,No,Master,Single,0,Yes,5,Hyderabad
5199,Employee 5199,Female,59,Sales,Specialist,2025-04-15,492690,5,No,Master,Married,1,No,2,Pune
5200,Employee 5200,Male,57,IT,Analyst,2025-11-01,1778200,5,No,Bachelor,Single,0,No,3,Pune
5201,Employee 5201,Female,24,Sales,Executive,2020-07-28,1656144,4,Yes,Master,Single,4,Yes,2,Bengaluru
5202,Employee 5202,Female,53,Support,Engineer,2022-04-14,1647073,5,No,Bachelor,Single,4,Yes,5,Delhi
5203,Employee 5203,Male,53,Marketing,Analyst,2023-01-23,368551,4,No,Bachelor,Single,3,No,1,Chennai
5204,Employee 5204,Female,49,Sales,Engineer,2019-01-11,337760,1,No,Master,Married,7,Yes,4,Ahmedabad
5205,Employee 5205,Male,40,Finance,Engineer,2024-02-27,528058,4,No,Diploma,Married,2,Yes,4,Bengaluru
5206,Employee 5206,Male,59,Finance,Manager,2017-06-17,1253071,4,No,Diploma,Married,9,No,5,Bengaluru
5207,Employee 5207,Female,52,IT,Associate,2022-05-19,1751830,5,No,Master,Single,4,Yes,2,Bengaluru
5208,Employee 5208,Male,37,Finance,Manager,2026-03-25,1740261,3,No,Diploma,Single,0,Yes,1,Pune
5209,Employee 5209,Female,53,Support,Specialist,2021-07-04,1567206,3,No,Diploma,Single,4,No,4,Hyderabad
5210,Employee 5210,Male,48,Marketing,Manager,2024-02-10,771299,1,No,Diploma,Single,2,No,5,Ahmedabad
5211,Employee 5211,Male,49,Marketing,Executive,2024-12-19,477819,2,No,Diploma,Married,1,Yes,4,Bengaluru
5212,Employee 5212,Male,27,IT,Engineer,2016-11-11,1332370,5,No,Master,Married,7,Yes,2,Pune
5213,Employee 5213,Female,26,HR,Associate,2016-10-15,743632,2,No,Diploma,Single,6,Yes,5,Mumbai
5214,Employee 5214,Male,28,Finance,Analyst,2018-01-30,834543,4,No,Bachelor,Married,8,No,3,Mumbai
5215,Employee 5215,Female,56,Sales,Executive,2023-03-04,1344529,5,No,Master,Single,3,No,2,Ahmedabad
5216,Employee 5216,Male,33,IT,Engineer,2015-12-24,533502,1,No,Master,Married,10,Yes,4,Mumbai
5217,Employee 5217,Male,53,Marketing,Manager,2017-04-07,1674533,2,No,Bachelor,Married,9,No,1,Delhi
5218,Employee 5218,Male,31,Operations,Associate,2015-11-28,1432847,1,No,Bachelor,Single,10,No,2,Hyderabad
5219,Employee 5219,Female,35,Marketing,Manager,2026-06-02,1774459,5,Yes,Diploma,Single,0,No,4,Delhi
5220,Employee 5220,Female,23,Support,Manager,2025-10-16,1398470,4,No,Diploma,Single,0,Yes,1,Bengaluru
5221,Employee 5221,Male,39,Marketing,Manager,2021-03-22,1146690,1,Yes,Diploma,Single,5,Yes,4,Mumbai
5222,Employee 5222,Female,26,Marketing,Associate,2024-03-07,979337,5,No,Master,Married,2,No,5,Mumbai
5223,Employee 5223,Female,43,Support,Specialist,2016-02-13,538801,5,No,Bachelor,Single,10,No,5,Chennai
5224,Employee 5224,Female,55,Sales,Associate,2022-11-23,1396498,5,No,Diploma,Married,3,No,4,Ahmedabad
5225,Employee 5225,Male,59,Support,Specialist,2019-12-07,1377732,3,Yes,Master,Married,6,No,2,Bengaluru
5226,Employee 5226,Male,44,Operations,Analyst,2019-09-18,1658267,3,No,Diploma,Single,6,No,5,Chennai
5227,Employee 5227,Female,28,Support,Engineer,2020-06-24,1693768,3,No,Bachelor,Married,6,No,5,Mumbai
5228,Employee 5228,Male,49,Sales,Engineer,2019-02-16,1723152,5,Yes,Master,Married,7,No,3,Bengaluru
5229,Employee 5229,Male,27,IT,Executive,2022-01-02,1455756,3,Yes,Bachelor,Married,4,No,3,Delhi
5230,Employee 5230,Male,46,IT,Specialist,2016-09-05,416445,2,No,Master,Single,9,No,2,Pune
5231,Employee 5231,Female,27,Support,Engineer,2023-02-27,1617610,2,No,Diploma,Married,3,No,5,Hyderabad
5232,Employee 5232,Female,27,Operations,Associate,2026-02-24,1746631,3,No,Master,Married,0,Yes,2,Delhi
5233,Employee 5233,Male,31,Finance,Associate,2023-06-20,1074583,4,No,Diploma,Single,3,Yes,2,Mumbai
5234,Employee 5234,Female,39,HR,Executive,2023-10-26,502382,3,No,Master,Married,2,No,4,Chennai
5235,Employee 5235,Male,27,Operations,Associate,2023-03-09,269207,1,No,Master,Single,3,No,3,Hyderabad
5236,Employee 5236,Female,59,HR,Specialist,2016-11-24,836851,4,No,Master,Married,9,Yes,4,Hyderabad
5237,Employee 5237,Male,54,IT,Executive,2016-01-02,320512,2,No,Diploma,Married,10,No,3,Pune
5238,Employee 5238,Female,50,HR,Specialist,2016-10-07,690059,5,No,Bachelor,Single,9,Yes,3,Delhi
5239,Employee 5239,Male,23,Support,Analyst,2023-03-08,1348125,3,No,Bachelor,Married,3,Yes,3,Delhi
5240,Employee 5240,Male,30,IT,Engineer,2020-05-04,1686433,5,No,Diploma,Married,6,Yes,5,Mumbai
5241,Employee 5241,Male,49,Sales,Associate,2016-12-05,1773596,5,No,Master,Single,9,No,5,Pune
5242,Employee 5242,Male,29,Support,Engineer,2015-10-02,579049,5,No,Master,Married,9,Yes,2,Mumbai
5243,Employee 5243,Male,60,HR,Analyst,2023-07-16,301834,5,No,Bachelor,Single,2,No,1,Delhi
5244,Employee 5244,Male,23,Operations,Manager,2017-08-30,1583358,4,No,Diploma,Married,3,No,1,Bengaluru
5245,Employee 5245,Female,55,Finance,Associate,2023-07-28,1780924,4,No,Master,Married,2,Yes,2,Hyderabad
5246,Employee 5246,Male,30,Marketing,Specialist,2019-09-25,1641059,3,No,Bachelor,Married,6,No,3,Ahmedabad
5247,Employee 5247,Male,55,IT,Analyst,2026-05-22,307309,2,No,Bachelor,Married,0,Yes,5,Pune
5248,Employee 5248,Female,46,Finance,Associate,2021-04-04,463330,3,No,Bachelor,Single,5,No,5,Chennai
5249,Employee 5249,Male,42,Operations,Analyst,2019-09-25,556865,3,No,Bachelor,Married,6,No,5,Hyderabad
5250,Employee 5250,Male,31,IT,Associate,2016-02-02,1571277,1,No,Bachelor,Married,10,No,1,Hyderabad
5251,Employee 5251,Female,38,Finance,Engineer,2018-03-20,800440,2,Yes,Bachelor,Married,8,No,1,Ahmedabad
5252,Employee 5252,Male,34,Finance,Executive,2016-08-13,1087117,4,No,Master,Single,9,No,2,Hyderabad
5253,Employee 5253,Female,30,HR,Specialist,2018-11-15,1641650,3,No,Bachelor,Single,7,Yes,5,Ahmedabad
5254,Employee 5254,Male,21,Marketing,Engineer,2016-07-14,367389,2,No,Master,Married,1,No,4,Ahmedabad
5255,Employee 5255,Male,56,Support,Analyst,2018-09-19,707719,1,No,Bachelor,Single,7,No,4,Delhi
5256,Employee 5256,Female,30,Finance,Associate,2025-08-23,1104409,3,No,Master,Married,0,No,4,Mumbai
5257,Employee 5257,Male,33,IT,Analyst,2020-12-13,584365,1,Yes,Diploma,Married,5,No,4,Hyderabad
5258,Employee 5258,Male,56,HR,Associate,2020-03-25,1364079,5,Yes,Diploma,Single,6,Yes,1,Mumbai
5259,Employee 5259,Female,30,Operations,Specialist,2024-02-10,287255,5,Yes,Master,Married,2,Yes,3,Pune
5260,Employee 5260,Female,56,Finance,Associate,2020-12-07,437156,4,No,Bachelor,Single,5,No,5,Hyderabad
5261,Employee 5261,Male,50,Sales,Engineer,2026-05-22,1746987,4,Yes,Bachelor,Married,0,No,3,Bengaluru
5262,Employee 5262,Female,44,Support,Specialist,2018-10-24,868942,4,No,Diploma,Single,7,Yes,1,Bengaluru
5263,Employee 5263,Female,54,Finance,Associate,2025-11-12,1464482,2,No,Diploma,Single,0,No,3,Hyderabad
5264,Employee 5264,Female,56,Support,Specialist,2019-11-29,1542068,2,No,Bachelor,Married,6,Yes,5,Ahmedabad
5265,Employee 5265,Male,53,Sales,Manager,2018-01-15,1124753,1,No,Bachelor,Married,8,No,1,Bengaluru
5266,Employee 5266,Female,49,IT,Engineer,2016-08-17,1181978,4,No,Master,Married,9,Yes,4,Ahmedabad
5267,Employee 5267,Male,37,Marketing,Specialist,2022-05-06,872552,5,No,Diploma,Single,4,No,4,Bengaluru
5268,Employee 5268,Male,53,IT,Executive,2016-08-27,1460305,5,No,Master,Single,9,Yes,3,Mumbai
5269,Employee 5269,Female,57,Support,Executive,2019-10-16,422851,4,No,Bachelor,Married,6,Yes,1,Hyderabad
5270,Employee 5270,Male,21,Operations,Executive,2022-06-04,1223400,2,No,Diploma,Single,1,No,2,Mumbai
5271,Employee 5271,Male,37,Support,Manager,2023-08-31,1128263,2,No,Bachelor,Married,2,Yes,4,Hyderabad
5272,Employee 5272,Female,53,Marketing,Executive,2021-11-18,1432930,4,No,Bachelor,Single,4,Yes,5,Ahmedabad
5273,Employee 5273,Male,24,Support,Manager,2015-12-02,694823,2,No,Master,Single,4,No,4,Ahmedabad
5274,Employee 5274,Female,32,Marketing,Associate,2020-12-24,1455979,1,No,Bachelor,Single,5,Yes,5,Bengaluru
5275,Employee 5275,Male,33,Finance,Executive,2017-08-11,1501423,4,No,Diploma,Married,8,Yes,1,Ahmedabad
5276,Employee 5276,Female,35,Marketing,Analyst,2022-09-23,453975,4,No,Master,Single,3,Yes,4,Pune
5277,Employee 5277,Female,49,Operations,Associate,2019-01-12,1327426,1,No,Diploma,Single,7,Yes,5,Bengaluru
5278,Employee 5278,Male,28,Finance,Associate,2025-05-02,1759532,2,Yes,Bachelor,Single,1,Yes,4,Ahmedabad
5279,Employee 5279,Female,47,Support,Manager,2022-06-03,991636,4,Yes,Diploma,Single,4,No,5,Bengaluru
5280,Employee 5280,Female,50,HR,Executive,2026-03-19,630994,5,No,Master,Single,0,Yes,4,Pune
5281,Employee 5281,Male,44,IT,Associate,2016-11-11,1240896,1,No,Diploma,Married,9,Yes,1,Mumbai
5282,Employee 5282,Male,46,HR,Associate,2015-01-21,865928,1,No,Diploma,Married,11,Yes,1,Mumbai
5283,Employee 5283,Male,51,Marketing,Associate,2026-04-29,1092126,4,No,Bachelor,Married,0,No,2,Pune
5284,Employee 5284,Male,38,HR,Executive,2022-05-25,274098,1,No,Bachelor,Married,4,No,3,Bengaluru
5285,Employee 5285,Male,44,Marketing,Manager,2022-10-19,1518112,2,No,Master,Married,3,No,2,Hyderabad
5286,Employee 5286,Male,40,Finance,Analyst,2015-11-30,276547,1,No,Master,Single,10,Yes,5,Delhi
5287,Employee 5287,Male,52,Marketing,Manager,2026-06-03,1033425,5,No,Diploma,Married,0,No,1,Hyderabad
5288,Employee 5288,Female,58,Operations,Associate,2017-08-30,1429955,1,No,Diploma,Single,8,No,1,Bengaluru
5289,Employee 5289,Male,41,HR,Executive,2021-09-10,275087,5,No,Diploma,Married,4,Yes,4,Pune
5290,Employee 5290,Female,23,Operations,Specialist,2019-10-25,903983,1,No,Master,Married,3,Yes,4,Hyderabad
5291,Employee 5291,Male,53,IT,Manager,2020-05-31,1213454,5,Yes,Master,Single,6,No,5,Chennai
5292,Employee 5292,Male,47,Finance,Manager,2025-10-23,429537,4,No,Diploma,Married,0,Yes,3,Delhi
5293,Employee 5293,Male,30,Support,Manager,2023-09-08,446413,3,No,Diploma,Married,2,No,4,Mumbai
5294,Employee 5294,Female,35,Operations,Manager,2015-12-28,516950,1,No,Bachelor,Married,10,Yes,4,Mumbai
5295,Employee 5295,Male,30,Marketing,Associate,2025-10-08,809691,1,No,Master,Married,0,No,2,Chennai
5296,Employee 5296,Male,45,Sales,Executive,2016-04-17,1543014,1,No,Master,Single,10,No,2,Bengaluru
5297,Employee 5297,Male,40,Support,Manager,2017-01-28,1152204,3,No,Bachelor,Married,9,Yes,2,Delhi
5298,Employee 5298,Female,43,Sales,Analyst,2022-03-29,799014,5,No,Master,Single,4,No,2,Hyderabad
5299,Employee 5299,Female,57,Sales,Specialist,2024-12-31,965170,5,No,Bachelor,Single,1,No,2,Hyderabad
5300,Employee 5300,Female,42,Finance,Associate,2016-02-29,1502744,4,Yes,Diploma,Single,10,Yes,4,Ahmedabad
5301,Employee 5301,Male,52,Sales,Engineer,2026-06-29,1176014,5,No,Master,Single,0,No,4,Delhi
5302,Employee 5302,Female,47,Operations,Analyst,2018-01-27,1483795,1,No,Diploma,Single,8,Yes,3,Delhi
5303,Employee 5303,Female,47,HR,Associate,2017-08-31,362354,1,No,Master,Single,8,No,4,Ahmedabad
5304,Employee 5304,Male,38,Support,Analyst,2023-05-10,1152553,3,No,Bachelor,Married,3,No,2,Ahmedabad
5305,Employee 5305,Male,24,Operations,Engineer,2024-09-25,758643,1,No,Diploma,Single,1,No,5,Bengaluru
5306,Employee 5306,Female,24,Operations,Executive,2023-12-17,1785702,3,No,Master,Single,2,Yes,2,Delhi
5307,Employee 5307,Male,32,Finance,Analyst,2025-02-06,565034,2,No,Master,Married,1,Yes,2,Delhi
5308,Employee 5308,Male,44,HR,Executive,2023-01-09,1309749,5,Yes,Bachelor,Single,3,Yes,2,Bengaluru
5309,Employee 5309,Female,25,Operations,Engineer,2023-08-06,1798457,3,No,Diploma,Married,2,No,4,Delhi
5310,Employee 5310,Male,21,HR,Engineer,2016-06-23,543713,2,No,Master,Single,1,No,5,Ahmedabad
5311,Employee 5311,Male,52,Support,Executive,2025-10-30,464043,5,No,Bachelor,Married,0,No,4,Bengaluru
5312,Employee 5312,Female,37,Support,Engineer,2020-05-17,318313,2,Yes,Diploma,Single,6,Yes,3,Ahmedabad
5313,Employee 5313,Female,28,Support,Specialist,2018-03-06,1781852,5,No,Diploma,Married,8,No,3,Bengaluru
5314,Employee 5314,Female,51,HR,Engineer,2024-05-06,592925,5,No,Master,Married,2,Yes,5,Delhi
5315,Employee 5315,Female,52,Finance,Manager,2016-08-13,1760386,5,Yes,Bachelor,Married,9,No,4,Hyderabad
5316,Employee 5316,Male,50,Operations,Engineer,2023-06-12,682470,1,No,Bachelor,Single,3,No,4,Delhi
5317,Employee 5317,Male,41,IT,Analyst,2016-08-06,657311,1,No,Bachelor,Single,9,Yes,4,Pune
5318,Employee 5318,Female,36,Marketing,Engineer,2022-08-12,1755240,1,Yes,Diploma,Married,3,No,4,Chennai
5319,Employee 5319,Male,45,Marketing,Associate,2015-04-04,1669530,3,No,Bachelor,Married,11,No,2,Delhi
5320,Employee 5320,Female,21,Sales,Engineer,2025-04-24,1029227,4,No,Diploma,Single,1,No,5,Ahmedabad
5321,Employee 5321,Male,45,HR,Specialist,2016-06-14,475685,5,No,Master,Single,10,Yes,2,Bengaluru
5322,Employee 5322,Male,27,Finance,Associate,2022-01-19,891075,4,No,Bachelor,Married,4,Yes,2,Chennai
5323,Employee 5323,Male,31,IT,Engineer,2019-11-22,979654,4,No,Master,Single,6,Yes,5,Bengaluru
5324,Employee 5324,Male,25,Finance,Engineer,2018-04-12,1423789,5,No,Diploma,Married,5,No,2,Delhi
5325,Employee 5325,Male,42,Marketing,Analyst,2015-02-11,1667598,2,No,Bachelor,Married,11,Yes,2,Chennai
5326,Employee 5326,Male,36,Marketing,Executive,2018-07-15,394526,5,No,Bachelor,Married,7,No,2,Hyderabad
5327,Employee 5327,Female,31,Sales,Executive,2018-12-04,288376,1,No,Master,Married,7,No,2,Ahmedabad
5328,Employee 5328,Female,25,IT,Engineer,2019-04-12,293425,2,Yes,Diploma,Single,5,No,2,Delhi
5329,Employee 5329,Female,54,Operations,Manager,2025-09-01,1010693,2,No,Diploma,Single,0,No,3,Bengaluru
5330,Employee 5330,Female,41,Marketing,Manager,2021-05-07,523316,2,Yes,Master,Single,5,Yes,4,Chennai
5331,Employee 5331,Male,58,HR,Manager,2024-09-11,779781,3,No,Bachelor,Married,1,No,4,Delhi
5332,Employee 5332,Female,30,Marketing,Associate,2025-06-02,905754,2,No,Diploma,Single,1,No,2,Chennai
5333,Employee 5333,Male,60,Sales,Executive,2024-01-31,1291723,4,No,Master,Single,2,No,1,Mumbai
5334,Employee 5334,Female,22,Operations,Associate,2023-09-18,1353376,2,No,Master,Single,2,Yes,1,Bengaluru
5335,Employee 5335,Male,40,Marketing,Engineer,2024-01-31,1543596,5,No,Bachelor,Married,2,No,2,Ahmedabad
5336,Employee 5336,Female,34,Finance,Analyst,2019-04-16,560765,4,No,Diploma,Married,7,No,1,Ahmedabad
5337,Employee 5337,Female,45,Sales,Analyst,2019-01-07,1328272,4,No,Master,Married,7,Yes,3,Mumbai
5338,Employee 5338,Male,53,HR,Executive,2018-12-18,797238,2,No,Diploma,Single,7,Yes,3,Bengaluru
5339,Employee 5339,Male,35,IT,Manager,2023-11-21,732009,4,No,Bachelor,Married,2,Yes,1,Chennai
5340,Employee 5340,Female,33,HR,Engineer,2023-03-05,1204321,2,No,Diploma,Married,3,No,4,Ahmedabad
5341,Employee 5341,Female,53,Finance,Associate,2018-08-09,648769,3,No,Diploma,Married,7,No,2,Pune
5342,Employee 5342,Female,42,HR,Analyst,2018-09-06,1336724,4,No,Diploma,Single,7,Yes,2,Mumbai
5343,Employee 5343,Female,27,Marketing,Executive,2015-06-26,1634816,4,No,Master,Married,7,No,3,Ahmedabad
5344,Employee 5344,Male,33,HR,Analyst,2018-08-03,1021453,1,No,Diploma,Married,7,Yes,2,Bengaluru
5345,Employee 5345,Female,46,Support,Analyst,2016-03-05,1122730,5,No,Diploma,Married,10,Yes,1,Pune
5346,Employee 5346,Male,44,Finance,Engineer,2022-01-02,1499551,2,No,Master,Married,4,Yes,1,Ahmedabad
5347,Employee 5347,Female,38,Marketing,Specialist,2021-06-03,565620,5,No,Diploma,Single,5,No,3,Hyderabad
5348,Employee 5348,Male,29,IT,Specialist,2018-08-03,973138,2,No,Bachelor,Single,7,Yes,4,Bengaluru
5349,Employee 5349,Female,23,Sales,Analyst,2016-07-13,1562888,5,No,Diploma,Married,3,No,2,Ahmedabad
5350,Employee 5350,Female,60,Finance,Executive,2015-01-25,956603,4,No,Master,Single,11,Yes,3,Bengaluru
5351,Employee 5351,Female,27,Sales,Manager,2016-11-14,541620,4,Yes,Bachelor,Single,7,No,1,Delhi
5352,Employee 5352,Male,24,Operations,Executive,2026-02-27,1277285,1,No,Master,Married,0,No,4,Chennai
5353,Employee 5353,Female,22,HR,Associate,2015-03-13,1168912,4,No,Diploma,Married,2,Yes,2,Hyderabad
5354,Employee 5354,Male,25,Operations,Analyst,2015-06-17,1534455,5,No,Diploma,Single,5,Yes,2,Pune
5355,Employee 5355,Male,46,Marketing,Specialist,2019-01-02,743148,2,No,Diploma,Single,7,No,2,Mumbai
5356,Employee 5356,Female,35,Operations,Engineer,2020-08-24,984525,1,Yes,Bachelor,Married,5,No,4,Mumbai
5357,Employee 5357,Male,38,IT,Executive,2016-01-18,1642023,2,Yes,Bachelor,Single,10,No,4,Bengaluru
5358,Employee 5358,Male,59,HR,Manager,2016-02-15,955294,3,Yes,Master,Married,10,Yes,3,Mumbai
5359,Employee 5359,Female,30,IT,Analyst,2015-11-12,466514,4,No,Master,Married,10,No,5,Hyderabad
5360,Employee 5360,Male,39,IT,Analyst,2024-09-10,291068,3,No,Master,Married,1,No,5,Mumbai
5361,Employee 5361,Female,30,Finance,Associate,2024-11-23,1735413,4,Yes,Bachelor,Single,1,No,3,Chennai
5362,Employee 5362,Male,58,Finance,Manager,2015-05-21,272378,1,No,Bachelor,Single,11,No,3,Hyderabad
5363,Employee 5363,Female,53,IT,Specialist,2015-12-30,1255659,3,No,Diploma,Married,10,No,4,Mumbai
5364,Employee 5364,Male,26,Operations,Associate,2017-12-08,1009676,3,Yes,Diploma,Married,6,No,5,Chennai
5365,Employee 5365,Female,44,Sales,Executive,2020-12-21,582916,1,No,Bachelor,Single,5,No,1,Pune
5366,Employee 5366,Male,29,Support,Analyst,2015-12-22,1681584,1,No,Bachelor,Married,9,Yes,2,Chennai
5367,Employee 5367,Male,22,Sales,Associate,2017-10-05,413424,2,No,Master,Married,2,No,4,Delhi
5368,Employee 5368,Female,58,HR,Analyst,2025-02-08,495789,5,No,Master,Single,1,No,4,Delhi
5369,Employee 5369,Female,41,Sales,Specialist,2017-02-22,1365852,1,No,Diploma,Married,9,No,2,Mumbai
5370,Employee 5370,Female,24,Operations,Analyst,2020-09-09,1311647,5,No,Master,Married,4,Yes,2,Delhi
5371,Employee 5371,Male,30,Finance,Engineer,2022-02-27,1763252,4,No,Bachelor,Single,4,No,3,Ahmedabad
5372,Employee 5372,Male,45,Finance,Analyst,2021-01-23,714179,2,No,Bachelor,Single,5,Yes,1,Pune
5373,Employee 5373,Male,26,Support,Manager,2020-10-31,462026,2,No,Bachelor,Married,5,No,1,Ahmedabad
5374,Employee 5374,Male,31,Sales,Engineer,2018-04-10,814880,4,No,Bachelor,Married,8,Yes,1,Mumbai
5375,Employee 5375,Male,42,Support,Analyst,2016-05-08,1409880,1,No,Diploma,Married,10,Yes,1,Bengaluru
5376,Employee 5376,Female,21,HR,Manager,2021-01-30,1433426,3,No,Master,Single,1,Yes,3,Chennai
5377,Employee 5377,Male,40,Support,Manager,2018-03-12,352059,3,No,Master,Single,8,Yes,4,Bengaluru
5378,Employee 5378,Female,31,Support,Manager,2020-03-06,690249,4,No,Master,Single,6,No,3,Chennai
5379,Employee 5379,Female,39,Finance,Specialist,2023-05-22,729992,3,Yes,Diploma,Single,3,Yes,1,Ahmedabad
5380,Employee 5380,Male,53,Support,Analyst,2016-08-12,657331,3,No,Diploma,Single,9,Yes,1,Bengaluru
5381,Employee 5381,Male,56,IT,Executive,2016-07-09,329845,3,No,Diploma,Single,9,No,2,Pune
5382,Employee 5382,Male,47,IT,Associate,2019-07-03,1345845,5,No,Bachelor,Single,7,Yes,3,Bengaluru
5383,Employee 5383,Female,41,Finance,Specialist,2023-03-18,1542113,1,No,Master,Single,3,No,3,Pune
5384,Employee 5384,Female,22,Operations,Analyst,2021-08-30,1104450,1,No,Diploma,Single,2,No,2,Hyderabad
5385,Employee 5385,Male,51,Sales,Engineer,2017-02-15,886861,5,No,Bachelor,Single,9,Yes,1,Ahmedabad
5386,Employee 5386,Female,58,Marketing,Associate,2021-12-14,377867,4,No,Master,Married,4,No,4,Bengaluru
5387,Employee 5387,Male,50,Sales,Executive,2024-09-28,1318230,1,No,Bachelor,Single,1,No,1,Mumbai
5388,Employee 5388,Male,34,Marketing,Specialist,2016-11-08,1759947,2,No,Bachelor,Married,9,No,3,Mumbai
5389,Employee 5389,Male,60,Sales,Engineer,2016-09-15,1574692,2,No,Master,Single,9,Yes,4,Hyderabad
5390,Employee 5390,Female,30,Sales,Executive,2019-03-03,1699086,3,Yes,Diploma,Single,7,No,2,Pune
5391,Employee 5391,Male,30,Sales,Associate,2019-02-16,1170016,2,No,Master,Married,7,No,5,Hyderabad
5392,Employee 5392,Female,33,Sales,Specialist,2023-06-12,415299,3,No,Bachelor,Married,3,Yes,4,Ahmedabad
5393,Employee 5393,Male,40,Operations,Manager,2026-07-01,1717713,3,No,Diploma,Married,0,Yes,3,Chennai
5394,Employee 5394,Male,28,HR,Engineer,2025-10-13,1362454,1,No,Bachelor,Single,0,No,1,Mumbai
5395,Employee 5395,Male,29,HR,Manager,2021-07-06,1722537,5,No,Bachelor,Single,4,Yes,5,Delhi
5396,Employee 5396,Female,37,IT,Associate,2018-04-27,1362393,1,No,Master,Married,8,Yes,2,Bengaluru
5397,Employee 5397,Male,60,Operations,Executive,2017-06-19,1221392,1,No,Diploma,Single,9,Yes,2,Delhi
5398,Employee 5398,Female,44,HR,Executive,2025-10-02,518267,2,No,Diploma,Single,0,No,1,Hyderabad
5399,Employee 5399,Female,60,Support,Manager,2022-08-11,990004,4,No,Diploma,Single,3,Yes,2,Delhi
5400,Employee 5400,Female,59,Operations,Specialist,2019-01-14,1691236,5,No,Diploma,Married,7,Yes,2,Pune
5401,Employee 5401,Female,45,Finance,Specialist,2019-05-23,1335047,3,No,Master,Married,7,Yes,5,Chennai
5402,Employee 5402,Female,54,Support,Specialist,2017-09-27,543667,3,No,Diploma,Married,8,Yes,3,Delhi
5403,Employee 5403,Female,39,Finance,Specialist,2020-05-17,880867,2,Yes,Diploma,Married,6,Yes,5,Bengaluru
5404,Employee 5404,Male,38,Support,Executive,2019-11-08,741346,5,No,Diploma,Single,6,Yes,5,Chennai
5405,Employee 5405,Female,46,Operations,Executive,2017-08-09,882572,5,No,Bachelor,Married,8,Yes,2,Ahmedabad
5406,Employee 5406,Male,39,Finance,Specialist,2026-03-04,340932,4,No,Bachelor,Married,0,No,3,Mumbai
5407,Employee 5407,Female,39,IT,Manager,2015-06-08,954983,1,No,Bachelor,Married,11,Yes,4,Ahmedabad
5408,Employee 5408,Male,43,Sales,Associate,2024-05-07,1456874,2,No,Bachelor,Married,2,No,4,Chennai
5409,Employee 5409,Female,27,HR,Manager,2019-08-22,765703,3,No,Bachelor,Married,6,Yes,5,Pune
5410,Employee 5410,Male,59,Finance,Engineer,2025-03-08,1169117,3,No,Bachelor,Single,1,Yes,5,Chennai
5411,Employee 5411,Female,58,Marketing,Engineer,2020-01-07,424326,4,No,Master,Married,6,Yes,2,Chennai
5412,Employee 5412,Male,54,IT,Executive,2023-03-16,1555084,3,No,Bachelor,Single,3,No,2,Bengaluru
5413,Employee 5413,Male,38,Support,Manager,2017-08-06,678143,3,No,Master,Single,8,Yes,4,Hyderabad
5414,Employee 5414,Female,50,Support,Manager,2023-09-03,835823,1,No,Diploma,Single,2,Yes,4,Hyderabad
5415,Employee 5415,Female,29,Sales,Associate,2023-03-11,1588641,3,No,Bachelor,Single,3,Yes,2,Mumbai
5416,Employee 5416,Female,38,Operations,Analyst,2020-11-09,1759907,1,No,Master,Married,5,No,4,Delhi
5417,Employee 5417,Female,52,IT,Specialist,2019-11-10,1174602,2,No,Master,Married,6,Yes,4,Pune
5418,Employee 5418,Male,56,Support,Specialist,2022-04-11,846895,5,No,Bachelor,Married,4,Yes,3,Pune
5419,Employee 5419,Male,46,Finance,Analyst,2020-07-09,1584666,3,No,Bachelor,Single,5,No,4,Pune
5420,Employee 5420,Female,57,Operations,Analyst,2021-06-29,1675243,3,No,Master,Married,5,Yes,5,Pune
5421,Employee 5421,Male,58,Marketing,Specialist,2024-12-21,1254771,2,No,Bachelor,Single,1,Yes,4,Ahmedabad
5422,Employee 5422,Male,25,Operations,Executive,2022-04-12,810011,1,No,Master,Married,4,No,3,Hyderabad
5423,Employee 5423,Male,23,Finance,Engineer,2015-01-14,501945,3,No,Bachelor,Single,3,Yes,4,Pune
5424,Employee 5424,Male,23,Finance,Executive,2015-11-06,640112,2,No,Diploma,Married,3,Yes,4,Ahmedabad
5425,Employee 5425,Female,33,IT,Executive,2019-04-03,527994,4,Yes,Master,Married,7,Yes,2,Bengaluru
5426,Employee 5426,Female,45,HR,Analyst,2016-01-01,283555,3,No,Bachelor,Single,10,No,1,Chennai
5427,Employee 5427,Male,53,Support,Executive,2025-01-01,399594,3,No,Bachelor,Married,1,Yes,5,Pune
5428,Employee 5428,Male,49,Marketing,Engineer,2021-06-27,662867,4,No,Bachelor,Married,5,Yes,3,Chennai
5429,Employee 5429,Male,48,Marketing,Associate,2025-07-28,321088,4,No,Master,Married,0,Yes,2,Hyderabad
5430,Employee 5430,Male,34,Sales,Analyst,2025-12-24,469780,1,No,Master,Married,0,No,4,Bengaluru
5431,Employee 5431,Male,36,Marketing,Specialist,2015-11-12,1241496,4,No,Diploma,Single,10,Yes,4,Mumbai
5432,Employee 5432,Male,53,HR,Specialist,2015-05-06,1639311,1,No,Bachelor,Single,11,No,2,Hyderabad
5433,Employee 5433,Female,40,Sales,Manager,2024-07-07,1710779,5,No,Diploma,Single,1,Yes,3,Delhi
5434,Employee 5434,Male,30,Marketing,Analyst,2021-01-27,1783842,2,No,Diploma,Married,5,Yes,3,Hyderabad
5435,Employee 5435,Female,41,Operations,Specialist,2015-08-30,1076242,4,No,Diploma,Single,10,Yes,1,Chennai
5436,Employee 5436,Male,46,HR,Engineer,2018-04-14,767686,2,No,Diploma,Single,8,Yes,3,Hyderabad
5437,Employee 5437,Male,42,Operations,Analyst,2020-09-28,1106945,1,No,Master,Married,5,Yes,2,Delhi
5438,Employee 5438,Male,26,Finance,Executive,2017-01-15,285950,5,No,Bachelor,Single,6,No,4,Ahmedabad
5439,Employee 5439,Male,33,Support,Executive,2017-04-01,468085,4,No,Bachelor,Single,9,Yes,3,Mumbai
5440,Employee 5440,Female,35,Operations,Manager,2016-12-22,697207,3,No,Master,Married,9,Yes,1,Hyderabad
5441,Employee 5441,Female,60,Marketing,Manager,2026-03-31,1394647,5,No,Bachelor,Single,0,No,2,Chennai
5442,Employee 5442,Female,54,Support,Analyst,2019-04-26,1731361,1,No,Master,Married,7,Yes,5,Delhi
5443,Employee 5443,Male,47,Finance,Specialist,2018-04-06,1553755,4,No,Bachelor,Married,8,No,4,Pune
5444,Employee 5444,Male,28,HR,Manager,2018-03-24,998136,1,Yes,Bachelor,Married,8,No,4,Chennai
5445,Employee 5445,Female,32,Support,Analyst,2023-02-14,1301266,5,No,Diploma,Married,3,Yes,3,Hyderabad
5446,Employee 5446,Female,58,IT,Associate,2019-04-28,568611,4,Yes,Bachelor,Married,7,Yes,2,Hyderabad
5447,Employee 5447,Male,52,Finance,Analyst,2023-08-30,1316200,2,No,Diploma,Single,2,Yes,3,Chennai
5448,Employee 5448,Female,50,Operations,Engineer,2025-11-06,490997,1,Yes,Bachelor,Single,0,No,1,Pune
5449,Employee 5449,Male,50,Finance,Associate,2020-07-29,1781062,1,No,Diploma,Single,5,Yes,1,Bengaluru
5450,Employee 5450,Female,43,Sales,Analyst,2016-03-09,460982,5,No,Diploma,Married,10,No,3,Hyderabad
5451,Employee 5451,Female,49,Marketing,Engineer,2017-10-17,491543,4,No,Bachelor,Married,8,No,3,Pune
5452,Employee 5452,Male,24,Finance,Associate,2026-03-14,1575784,4,No,Diploma,Single,0,No,4,Bengaluru
5453,Employee 5453,Female,36,IT,Executive,2017-05-19,1764611,3,No,Master,Married,9,No,4,Pune
5454,Employee 5454,Male,52,Finance,Associate,2015-04-13,1780093,4,No,Diploma,Single,11,Yes,5,Bengaluru
5455,Employee 5455,Female,59,HR,Associate,2023-05-18,1415112,5,No,Diploma,Married,3,No,1,Pune
5456,Employee 5456,Female,44,Support,Associate,2018-10-05,1581489,4,No,Diploma,Single,7,Yes,1,Chennai
5457,Employee 5457,Male,33,Support,Specialist,2018-11-11,1113924,5,Yes,Diploma,Married,7,No,4,Bengaluru
5458,Employee 5458,Male,40,Sales,Analyst,2025-07-08,1043353,4,No,Master,Single,0,Yes,2,Ahmedabad
5459,Employee 5459,Female,42,IT,Engineer,2021-01-01,881151,1,No,Bachelor,Married,5,No,4,Hyderabad
5460,Employee 5460,Male,52,Sales,Engineer,2015-07-06,1111794,5,Yes,Diploma,Single,10,No,2,Ahmedabad
5461,Employee 5461,Male,25,IT,Manager,2026-03-20,849873,2,No,Master,Single,0,No,3,Bengaluru
5462,Employee 5462,Male,38,IT,Associate,2019-04-11,1273167,4,No,Diploma,Married,7,Yes,3,Chennai
5463,Employee 5463,Female,56,IT,Specialist,2015-02-18,1364591,5,No,Bachelor,Single,11,No,2,Mumbai
5464,Employee 5464,Female,55,Support,Executive,2016-12-15,386853,5,No,Master,Married,9,Yes,1,Chennai
5465,Employee 5465,Female,33,Sales,Associate,2016-06-24,411600,2,Yes,Bachelor,Single,10,No,5,Hyderabad
5466,Employee 5466,Male,22,IT,Manager,2024-06-07,1359752,2,No,Master,Married,2,Yes,4,Mumbai
5467,Employee 5467,Female,45,Marketing,Specialist,2023-08-31,1091195,3,No,Diploma,Married,2,No,4,Chennai
5468,Employee 5468,Female,48,Sales,Analyst,2025-09-29,1186529,5,Yes,Bachelor,Single,0,Yes,2,Mumbai
5469,Employee 5469,Female,52,HR,Manager,2025-05-20,1648372,5,No,Master,Single,1,Yes,1,Ahmedabad
5470,Employee 5470,Female,57,Support,Associate,2022-06-08,804006,1,No,Bachelor,Single,4,No,1,Bengaluru
5471,Employee 5471,Female,43,Marketing,Analyst,2023-08-05,1210318,2,No,Bachelor,Single,2,No,2,Delhi
5472,Employee 5472,Female,35,Support,Executive,2025-01-16,706663,3,No,Diploma,Single,1,Yes,1,Pune
5473,Employee 5473,Male,38,HR,Analyst,2023-01-21,612883,3,No,Master,Single,3,Yes,5,Pune
5474,Employee 5474,Male,22,Finance,Executive,2025-01-10,344373,3,No,Diploma,Married,1,Yes,2,Mumbai
5475,Employee 5475,Male,27,Sales,Analyst,2026-05-06,592850,4,Yes,Diploma,Single,0,Yes,1,Chennai
5476,Employee 5476,Male,57,IT,Executive,2021-03-09,1240565,5,No,Master,Single,5,No,2,Bengaluru
5477,Employee 5477,Male,56,Support,Manager,2021-09-04,859785,3,No,Diploma,Married,4,Yes,1,Delhi
5478,Employee 5478,Male,29,Support,Manager,2015-08-15,567291,4,No,Bachelor,Married,9,Yes,5,Pune
5479,Employee 5479,Female,36,Support,Manager,2018-11-22,1289287,5,No,Master,Single,7,Yes,5,Chennai
5480,Employee 5480,Male,34,Sales,Executive,2016-06-25,1078578,4,Yes,Diploma,Married,10,No,1,Pune
5481,Employee 5481,Male,32,Marketing,Specialist,2024-12-24,498814,4,No,Master,Single,1,Yes,1,Hyderabad
5482,Employee 5482,Female,59,Support,Analyst,2025-06-21,682822,1,Yes,Diploma,Single,1,No,1,Bengaluru
5483,Employee 5483,Male,42,Support,Associate,2024-12-11,801805,1,No,Diploma,Single,1,No,1,Pune
5484,Employee 5484,Male,33,Operations,Manager,2018-08-29,1534326,2,Yes,Bachelor,Single,7,Yes,5,Mumbai
5485,Employee 5485,Female,42,HR,Analyst,2016-03-29,366803,3,Yes,Diploma,Single,10,No,3,Ahmedabad
5486,Employee 5486,Male,52,HR,Analyst,2018-03-09,1393238,1,No,Master,Single,8,Yes,5,Ahmedabad
5487,Employee 5487,Male,21,IT,Specialist,2024-01-10,781197,1,No,Diploma,Married,1,Yes,4,Chennai
5488,Employee 5488,Female,56,Operations,Executive,2019-06-02,1441879,3,No,Diploma,Married,7,Yes,5,Hyderabad
5489,Employee 5489,Male,23,Sales,Manager,2023-07-23,1531451,4,No,Master,Single,2,No,3,Hyderabad
5490,Employee 5490,Female,45,Operations,Manager,2021-02-18,1692530,4,No,Master,Single,5,No,1,Chennai
5491,Employee 5491,Male,40,Sales,Engineer,2016-06-21,865001,3,No,Bachelor,Married,10,Yes,1,Chennai
5492,Employee 5492,Male,31,HR,Engineer,2023-08-12,1420343,1,No,Bachelor,Married,2,Yes,1,Ahmedabad
5493,Employee 5493,Female,58,HR,Manager,2022-09-18,308802,4,No,Bachelor,Married,3,No,3,Bengaluru
5494,Employee 5494,Male,24,HR,Analyst,2018-04-30,362539,2,No,Bachelor,Single,4,No,5,Delhi
5495,Employee 5495,Female,49,Operations,Analyst,2025-11-30,1694495,3,No,Diploma,Married,0,No,2,Mumbai
5496,Employee 5496,Female,28,Support,Engineer,2017-03-07,469518,2,No,Bachelor,Married,8,Yes,4,Mumbai
5497,Employee 5497,Male,47,Marketing,Engineer,2025-12-05,741080,5,No,Diploma,Married,0,Yes,5,Mumbai
5498,Employee 5498,Male,42,HR,Specialist,2018-04-10,293017,4,No,Bachelor,Single,8,No,4,Chennai
5499,Employee 5499,Male,45,Finance,Engineer,2015-04-11,493620,3,Yes,Bachelor,Single,11,Yes,3,Mumbai
5500,Employee 5500,Female,25,Support,Specialist,2015-12-22,572627,3,Yes,Master,Single,5,No,1,Hyderabad
5501,Employee 5501,Male,27,Marketing,Executive,2022-07-07,503246,2,No,Diploma,Single,3,No,2,Ahmedabad
5502,Employee 5502,Male,35,Finance,Associate,2016-05-25,1508155,4,No,Bachelor,Married,10,Yes,3,Pune
5503,Employee 5503,Female,21,Support,Engineer,2024-06-18,786180,4,No,Master,Single,1,No,1,Ahmedabad
5504,Employee 5504,Female,46,Marketing,Specialist,2024-01-02,421715,5,No,Master,Married,2,No,1,Mumbai
5505,Employee 5505,Male,46,Marketing,Analyst,2018-11-12,1635157,5,No,Diploma,Single,7,No,5,Hyderabad
5506,Employee 5506,Male,57,IT,Manager,2020-05-02,251118,2,No,Diploma,Married,6,Yes,1,Hyderabad
5507,Employee 5507,Female,35,Marketing,Analyst,2024-03-28,1115771,2,No,Bachelor,Single,2,No,2,Hyderabad
5508,Employee 5508,Female,42,Operations,Associate,2017-09-07,606059,5,No,Diploma,Single,8,No,5,Delhi
5509,Employee 5509,Female,42,Sales,Engineer,2018-12-11,1121138,2,No,Master,Married,7,Yes,1,Chennai
5510,Employee 5510,Female,33,Support,Manager,2026-04-10,1761574,3,No,Diploma,Single,0,No,2,Mumbai
5511,Employee 5511,Male,52,Operations,Manager,2023-05-10,1091184,3,Yes,Bachelor,Married,3,Yes,2,Chennai
5512,Employee 5512,Male,36,Sales,Engineer,2017-01-17,367505,4,No,Diploma,Married,9,Yes,5,Ahmedabad
5513,Employee 5513,Male,40,Marketing,Analyst,2021-06-05,586011,2,Yes,Bachelor,Single,5,Yes,3,Bengaluru
5514,Employee 5514,Male,37,HR,Specialist,2020-10-20,1249561,2,Yes,Bachelor,Married,5,Yes,5,Delhi
5515,Employee 5515,Male,43,Sales,Specialist,2022-03-11,1191978,1,No,Bachelor,Married,4,No,4,Chennai
5516,Employee 5516,Male,38,Operations,Executive,2016-02-11,1126177,1,No,Master,Married,10,No,2,Mumbai
5517,Employee 5517,Female,50,Support,Manager,2026-05-26,1657854,4,No,Master,Single,0,No,1,Hyderabad
5518,Employee 5518,Female,24,Marketing,Engineer,2017-05-17,1381158,4,No,Bachelor,Single,4,No,4,Pune
5519,Employee 5519,Male,45,Marketing,Executive,2023-10-17,1018655,2,No,Bachelor,Married,2,No,2,Bengaluru
5520,Employee 5520,Male,54,Sales,Associate,2016-04-26,468325,3,No,Master,Married,10,Yes,1,Delhi
5521,Employee 5521,Female,21,Finance,Executive,2019-09-19,467222,1,Yes,Bachelor,Married,1,No,4,Ahmedabad
5522,Employee 5522,Male,56,IT,Analyst,2019-05-04,1068977,4,No,Bachelor,Single,7,Yes,1,Hyderabad
5523,Employee 5523,Male,55,Marketing,Engineer,2021-12-08,1106394,1,No,Bachelor,Married,4,Yes,4,Mumbai
5524,Employee 5524,Male,53,Finance,Associate,2023-10-07,513060,3,No,Bachelor,Married,2,No,4,Pune
5525,Employee 5525,Female,56,Marketing,Engineer,2024-10-20,844283,2,No,Bachelor,Single,1,No,5,Pune
5526,Employee 5526,Male,60,Finance,Executive,2015-09-01,452035,2,No,Diploma,Single,10,Yes,3,Hyderabad
5527,Employee 5527,Female,42,Sales,Engineer,2022-03-29,1435225,1,No,Bachelor,Married,4,Yes,4,Hyderabad
5528,Employee 5528,Male,33,Sales,Engineer,2024-10-27,928516,2,No,Master,Married,1,No,1,Mumbai
5529,Employee 5529,Male,42,Operations,Specialist,2024-11-10,1136633,5,Yes,Diploma,Married,1,No,4,Bengaluru
5530,Employee 5530,Female,45,Finance,Associate,2017-06-12,1449858,1,Yes,Bachelor,Single,9,Yes,2,Mumbai
5531,Employee 5531,Female,58,IT,Associate,2024-07-13,493600,2,No,Bachelor,Single,1,Yes,4,Mumbai
5532,Employee 5532,Male,49,HR,Analyst,2016-06-24,1349976,3,No,Master,Married,10,No,2,Hyderabad
5533,Employee 5533,Female,24,IT,Executive,2016-02-02,315253,5,Yes,Master,Single,4,No,1,Chennai
5534,Employee 5534,Female,60,Finance,Executive,2017-05-22,1506909,1,No,Master,Single,9,Yes,5,Chennai
5535,Employee 5535,Male,40,Operations,Specialist,2024-09-13,1451954,4,No,Master,Married,1,Yes,4,Hyderabad
5536,Employee 5536,Female,31,IT,Analyst,2022-02-26,1509414,5,No,Bachelor,Single,4,No,1,Chennai
5537,Employee 5537,Female,37,Operations,Associate,2021-07-20,1280635,1,No,Diploma,Single,4,Yes,1,Chennai
5538,Employee 5538,Female,43,Marketing,Executive,2023-08-30,1411632,3,No,Bachelor,Single,2,Yes,4,Ahmedabad
5539,Employee 5539,Female,59,HR,Analyst,2024-11-11,791820,4,No,Bachelor,Married,1,Yes,2,Pune
5540,Employee 5540,Male,36,Finance,Associate,2019-10-18,854095,4,No,Diploma,Single,6,Yes,3,Mumbai
5541,Employee 5541,Female,51,IT,Analyst,2017-09-03,853519,4,No,Diploma,Married,8,No,1,Chennai
5542,Employee 5542,Female,39,Marketing,Executive,2025-03-24,1652991,3,No,Bachelor,Married,1,Yes,5,Ahmedabad
5543,Employee 5543,Female,30,Marketing,Manager,2022-01-07,782729,3,No,Diploma,Single,4,Yes,3,Delhi
5544,Employee 5544,Female,35,Support,Engineer,2024-07-01,979171,5,No,Diploma,Married,2,Yes,1,Hyderabad
5545,Employee 5545,Male,53,Operations,Associate,2020-11-22,843382,5,No,Bachelor,Married,5,Yes,3,Mumbai
5546,Employee 5546,Male,24,Finance,Analyst,2021-01-10,828063,5,No,Master,Married,4,Yes,5,Bengaluru
5547,Employee 5547,Female,46,Sales,Executive,2019-01-14,1307555,5,No,Master,Single,7,No,5,Bengaluru
5548,Employee 5548,Female,52,Operations,Executive,2020-08-26,614143,2,Yes,Diploma,Single,5,No,1,Ahmedabad
5549,Employee 5549,Male,60,Sales,Engineer,2024-06-10,733291,5,No,Master,Single,2,Yes,5,Hyderabad
5550,Employee 5550,Male,32,HR,Executive,2020-03-08,1076624,4,No,Diploma,Single,6,No,1,Delhi
5551,Employee 5551,Female,32,Sales,Specialist,2017-05-13,1365914,2,No,Bachelor,Single,9,No,2,Chennai
5552,Employee 5552,Female,56,Marketing,Executive,2019-09-25,638021,5,Yes,Master,Single,6,No,1,Pune
5553,Employee 5553,Female,55,IT,Specialist,2025-06-25,1356056,3,No,Bachelor,Married,1,No,1,Pune
5554,Employee 5554,Male,32,Support,Executive,2021-06-28,1455485,3,No,Master,Single,5,No,3,Bengaluru
5555,Employee 5555,Female,30,Marketing,Executive,2022-11-10,1394584,4,No,Master,Single,3,Yes,3,Mumbai
5556,Employee 5556,Female,34,HR,Analyst,2017-05-05,1367939,4,No,Bachelor,Married,9,Yes,4,Bengaluru
5557,Employee 5557,Male,45,Marketing,Engineer,2019-08-17,682792,1,No,Bachelor,Single,6,Yes,4,Mumbai
5558,Employee 5558,Female,35,Operations,Specialist,2020-11-27,936863,1,Yes,Diploma,Married,5,No,1,Ahmedabad
5559,Employee 5559,Male,53,IT,Engineer,2016-11-09,889948,1,No,Diploma,Single,9,Yes,3,Bengaluru
5560,Employee 5560,Male,55,Operations,Specialist,2019-01-24,708497,5,No,Master,Married,7,Yes,4,Mumbai
5561,Employee 5561,Male,49,Support,Manager,2018-01-07,1430477,4,No,Diploma,Married,8,Yes,1,Pune
5562,Employee 5562,Male,56,IT,Engineer,2024-04-18,337585,1,No,Bachelor,Married,2,Yes,3,Delhi
5563,Employee 5563,Female,31,Sales,Specialist,2017-04-21,291348,3,No,Bachelor,Single,9,Yes,2,Ahmedabad
5564,Employee 5564,Male,57,Sales,Associate,2023-07-23,653525,1,No,Bachelor,Single,2,Yes,5,Bengaluru
5565,Employee 5565,Male,32,Finance,Analyst,2025-10-19,1359184,3,No,Diploma,Married,0,Yes,3,Chennai
5566,Employee 5566,Male,55,Finance,Engineer,2024-02-20,361905,4,No,Diploma,Married,2,No,4,Pune
5567,Employee 5567,Female,41,Operations,Specialist,2024-05-17,672132,5,No,Diploma,Married,2,No,1,Chennai
5568,Employee 5568,Female,26,Finance,Executive,2017-11-19,343001,4,No,Master,Single,6,No,4,Mumbai
5569,Employee 5569,Female,36,Sales,Manager,2017-03-14,1759900,5,No,Master,Single,9,Yes,1,Mumbai
5570,Employee 5570,Male,30,HR,Manager,2017-10-15,1239850,1,No,Diploma,Married,8,Yes,1,Mumbai
5571,Employee 5571,Female,45,Marketing,Associate,2022-04-09,1081496,1,No,Bachelor,Married,4,No,1,Chennai
5572,Employee 5572,Male,53,Operations,Manager,2024-10-15,1356411,5,No,Bachelor,Single,1,No,5,Ahmedabad
5573,Employee 5573,Female,23,HR,Analyst,2021-07-23,1773754,3,No,Diploma,Single,3,Yes,5,Bengaluru
5574,Employee 5574,Female,31,Sales,Specialist,2020-03-23,1661316,2,Yes,Diploma,Married,6,No,3,Pune
5575,Employee 5575,Female,37,HR,Executive,2018-04-27,1305217,2,No,Bachelor,Married,8,Yes,3,Hyderabad
5576,Employee 5576,Male,39,IT,Specialist,2018-06-16,1152418,5,No,Master,Married,8,Yes,5,Ahmedabad
5577,Employee 5577,Female,25,IT,Analyst,2025-06-21,1445482,3,No,Master,Married,1,No,5,Pune
5578,Employee 5578,Male,25,Finance,Specialist,2019-08-19,1734683,2,No,Diploma,Single,5,Yes,5,Hyderabad
5579,Employee 5579,Male,41,Finance,Engineer,2023-10-14,795916,5,No,Bachelor,Married,2,Yes,4,Chennai
5580,Employee 5580,Female,25,Sales,Specialist,2015-07-16,1512797,3,No,Bachelor,Married,5,No,3,Mumbai
5581,Employee 5581,Female,28,HR,Specialist,2026-03-09,1541966,2,No,Bachelor,Married,0,No,2,Mumbai
5582,Employee 5582,Male,44,Support,Associate,2022-07-09,1051728,1,No,Master,Married,3,Yes,1,Chennai
5583,Employee 5583,Male,26,Support,Associate,2025-10-05,596900,2,No,Bachelor,Married,0,Yes,2,Delhi
5584,Employee 5584,Female,32,Marketing,Specialist,2025-02-08,1771644,1,No,Bachelor,Married,1,No,3,Hyderabad
5585,Employee 5585,Male,49,IT,Specialist,2015-10-14,1318452,5,Yes,Diploma,Single,10,Yes,5,Bengaluru
5586,Employee 5586,Female,40,IT,Analyst,2024-03-08,1705833,2,No,Master,Single,2,No,5,Pune
5587,Employee 5587,Female,28,IT,Analyst,2016-10-31,1710999,3,Yes,Bachelor,Single,8,No,3,Pune
5588,Employee 5588,Male,31,Finance,Engineer,2025-07-10,1734883,3,Yes,Bachelor,Single,0,Yes,2,Ahmedabad
5589,Employee 5589,Male,37,Operations,Engineer,2016-06-10,1237101,4,No,Bachelor,Married,10,Yes,4,Chennai
5590,Employee 5590,Male,58,Finance,Associate,2024-08-20,1690280,2,Yes,Bachelor,Single,1,Yes,3,Hyderabad
5591,Employee 5591,Male,54,Support,Associate,2021-05-23,572059,2,No,Diploma,Married,5,No,2,Mumbai
5592,Employee 5592,Female,39,Finance,Executive,2017-08-27,709583,5,No,Bachelor,Married,8,No,2,Chennai
5593,Employee 5593,Female,29,Marketing,Analyst,2021-11-22,1498063,2,No,Bachelor,Married,4,No,5,Pune
5594,Employee 5594,Female,43,Support,Executive,2026-03-25,938184,3,No,Master,Married,0,Yes,4,Pune
5595,Employee 5595,Female,37,Support,Executive,2023-05-14,892018,1,No,Diploma,Married,3,No,5,Pune
5596,Employee 5596,Female,50,HR,Specialist,2025-12-21,570872,3,No,Master,Married,0,No,1,Ahmedabad
5597,Employee 5597,Male,47,Finance,Analyst,2016-04-09,1775635,4,No,Master,Single,10,Yes,3,Mumbai
5598,Employee 5598,Male,57,Sales,Specialist,2017-12-20,1552649,5,Yes,Diploma,Single,8,Yes,3,Delhi
5599,Employee 5599,Female,34,Sales,Executive,2018-03-16,387323,1,No,Bachelor,Single,8,Yes,2,Mumbai
5600,Employee 5600,Male,36,IT,Manager,2022-01-06,778606,1,No,Bachelor,Married,4,No,4,Ahmedabad
5601,Employee 5601,Female,48,Support,Associate,2025-11-22,281711,3,No,Bachelor,Married,0,Yes,5,Hyderabad
5602,Employee 5602,Female,29,HR,Analyst,2019-06-25,763945,5,Yes,Diploma,Married,7,Yes,4,Chennai
5603,Employee 5603,Male,47,Support,Specialist,2026-02-09,928809,3,No,Bachelor,Single,0,No,2,Pune
5604,Employee 5604,Female,39,Operations,Engineer,2024-08-03,277371,1,No,Master,Single,1,Yes,3,Mumbai
5605,Employee 5605,Male,31,Finance,Manager,2021-03-11,1514416,2,No,Bachelor,Married,5,Yes,3,Hyderabad
5606,Employee 5606,Female,41,IT,Engineer,2016-04-15,1457121,4,Yes,Master,Single,10,No,2,Pune
5607,Employee 5607,Female,56,Marketing,Executive,2022-02-25,1039532,4,No,Diploma,Married,4,No,4,Mumbai
5608,Employee 5608,Female,40,Operations,Associate,2022-07-06,1664248,5,No,Bachelor,Single,3,Yes,5,Delhi
5609,Employee 5609,Female,35,Support,Executive,2019-04-26,1615946,2,No,Bachelor,Married,7,No,2,Hyderabad
5610,Employee 5610,Male,41,IT,Manager,2018-06-12,1782449,2,No,Diploma,Single,8,Yes,1,Hyderabad
5611,Employee 5611,Female,51,Support,Manager,2016-07-24,1765606,2,No,Bachelor,Married,9,Yes,2,Hyderabad
5612,Employee 5612,Female,57,Marketing,Engineer,2019-08-15,367481,1,No,Bachelor,Married,6,Yes,2,Delhi
5613,Employee 5613,Female,48,Operations,Specialist,2019-07-24,360838,1,No,Diploma,Single,6,No,4,Chennai
5614,Employee 5614,Male,32,Sales,Engineer,2026-04-18,1378322,5,No,Master,Single,0,Yes,5,Pune
5615,Employee 5615,Male,51,Finance,Executive,2018-05-19,1523706,3,No,Master,Married,8,Yes,3,Pune
5616,Employee 5616,Male,39,Operations,Engineer,2015-07-24,1295621,4,No,Master,Married,10,Yes,2,Chennai
5617,Employee 5617,Male,58,Operations,Associate,2015-08-06,532561,4,No,Diploma,Single,10,Yes,4,Delhi
5618,Employee 5618,Female,49,Support,Specialist,2020-06-21,409212,5,No,Master,Single,6,Yes,3,Ahmedabad
5619,Employee 5619,Female,40,Finance,Engineer,2017-07-30,1324564,4,Yes,Master,Married,8,No,3,Hyderabad
5620,Employee 5620,Female,35,HR,Executive,2025-01-28,292976,1,No,Diploma,Married,1,No,1,Ahmedabad
5621,Employee 5621,Male,22,HR,Engineer,2018-07-15,843686,4,No,Diploma,Single,2,Yes,4,Mumbai
5622,Employee 5622,Female,38,HR,Analyst,2021-09-13,1006017,4,No,Diploma,Single,4,Yes,3,Chennai
5623,Employee 5623,Female,57,IT,Manager,2017-02-17,1751553,1,No,Master,Married,9,No,3,Pune
5624,Employee 5624,Male,60,Support,Manager,2018-06-25,382227,5,No,Diploma,Single,8,Yes,5,Bengaluru
5625,Employee 5625,Female,45,Operations,Engineer,2025-12-15,945035,3,No,Bachelor,Married,0,No,1,Delhi
5626,Employee 5626,Female,38,Sales,Associate,2021-06-24,1007242,1,No,Diploma,Married,5,Yes,3,Ahmedabad
5627,Employee 5627,Female,38,Finance,Engineer,2022-09-27,1613831,3,Yes,Diploma,Married,3,No,4,Bengaluru
5628,Employee 5628,Male,38,Operations,Manager,2017-09-22,471926,2,No,Bachelor,Married,8,Yes,2,Chennai
5629,Employee 5629,Female,35,IT,Analyst,2021-10-20,851281,2,Yes,Master,Single,4,No,3,Mumbai
5630,Employee 5630,Male,33,Marketing,Associate,2023-12-10,487753,5,No,Bachelor,Single,2,Yes,5,Pune
5631,Employee 5631,Male,37,Marketing,Executive,2017-09-20,1038371,5,No,Master,Single,8,No,5,Hyderabad
5632,Employee 5632,Male,58,Sales,Specialist,2017-05-03,1359563,5,No,Bachelor,Married,9,No,2,Pune
5633,Employee 5633,Female,36,IT,Engineer,2022-01-22,1033707,4,No,Master,Single,4,Yes,3,Delhi
5634,Employee 5634,Female,51,Finance,Associate,2018-01-16,507648,5,No,Master,Single,8,No,3,Hyderabad
5635,Employee 5635,Male,54,HR,Associate,2019-02-01,1431032,4,No,Diploma,Married,7,No,3,Mumbai
5636,Employee 5636,Male,40,Operations,Engineer,2019-12-10,1103657,3,No,Bachelor,Single,6,Yes,4,Delhi
5637,Employee 5637,Female,52,HR,Analyst,2020-02-13,961691,1,No,Diploma,Married,6,Yes,4,Pune
5638,Employee 5638,Male,54,HR,Engineer,2020-11-27,867590,2,Yes,Diploma,Married,5,No,4,Bengaluru
5639,Employee 5639,Male,28,Support,Analyst,2025-04-18,539629,4,Yes,Master,Married,1,Yes,5,Delhi
5640,Employee 5640,Male,56,HR,Executive,2018-11-24,555744,4,No,Bachelor,Married,7,Yes,4,Bengaluru
5641,Employee 5641,Male,44,Support,Associate,2021-10-29,1610616,4,No,Bachelor,Married,4,No,2,Delhi
5642,Employee 5642,Female,60,Marketing,Executive,2018-11-10,834366,3,No,Master,Single,7,Yes,2,Chennai
5643,Employee 5643,Female,36,Operations,Engineer,2023-03-29,995872,2,No,Master,Single,3,Yes,1,Hyderabad
5644,Employee 5644,Male,35,Sales,Associate,2020-01-19,692784,2,No,Master,Married,6,Yes,5,Pune
5645,Employee 5645,Male,26,Sales,Associate,2022-12-18,376750,2,No,Bachelor,Married,3,No,5,Bengaluru
5646,Employee 5646,Male,56,Sales,Manager,2022-07-22,1376679,2,No,Master,Single,3,No,2,Mumbai
5647,Employee 5647,Male,22,Finance,Engineer,2022-12-27,640205,2,No,Bachelor,Married,2,Yes,4,Delhi
5648,Employee 5648,Female,50,Finance,Associate,2018-05-24,1297277,3,No,Diploma,Single,8,Yes,3,Pune
5649,Employee 5649,Female,49,Marketing,Manager,2020-01-25,1350039,5,No,Bachelor,Single,6,No,5,Chennai
5650,Employee 5650,Male,44,IT,Analyst,2022-01-21,1052940,3,No,Bachelor,Single,4,No,3,Delhi
5651,Employee 5651,Male,27,HR,Engineer,2020-11-14,1641226,1,No,Bachelor,Single,5,No,4,Delhi
5652,Employee 5652,Male,41,Marketing,Executive,2018-01-28,772314,1,No,Diploma,Married,8,No,3,Bengaluru
5653,Employee 5653,Female,60,Marketing,Executive,2024-09-04,1007142,5,Yes,Bachelor,Married,1,No,4,Mumbai
5654,Employee 5654,Female,30,Marketing,Manager,2021-08-08,574199,4,No,Master,Married,4,Yes,1,Hyderabad
5655,Employee 5655,Female,45,Operations,Specialist,2023-07-20,1540442,3,No,Bachelor,Married,2,Yes,1,Bengaluru
5656,Employee 5656,Female,30,Finance,Analyst,2016-04-17,1088064,3,No,Bachelor,Single,10,Yes,4,Hyderabad
5657,Employee 5657,Female,24,Operations,Analyst,2019-07-16,393128,5,No,Master,Single,4,Yes,1,Ahmedabad
5658,Employee 5658,Male,31,IT,Analyst,2019-08-25,318173,5,No,Diploma,Single,6,No,1,Ahmedabad
5659,Employee 5659,Female,22,Operations,Specialist,2020-12-04,452066,4,No,Master,Married,2,Yes,2,Ahmedabad
5660,Employee 5660,Male,39,Finance,Analyst,2022-02-02,1569888,1,No,Master,Married,4,No,5,Mumbai
5661,Employee 5661,Male,46,Support,Executive,2022-04-24,1182796,2,No,Master,Married,4,Yes,1,Hyderabad
5662,Employee 5662,Male,60,IT,Executive,2017-10-21,1258223,1,No,Bachelor,Married,8,Yes,4,Chennai
5663,Employee 5663,Female,45,Support,Manager,2023-05-31,1787451,5,No,Master,Married,3,No,1,Bengaluru
5664,Employee 5664,Male,36,IT,Associate,2018-12-08,1792468,4,No,Master,Married,7,Yes,3,Bengaluru
5665,Employee 5665,Female,40,HR,Executive,2019-06-28,1003702,1,No,Master,Single,7,Yes,1,Bengaluru
5666,Employee 5666,Male,39,HR,Manager,2020-11-15,1499572,3,Yes,Bachelor,Married,5,Yes,5,Ahmedabad
5667,Employee 5667,Female,50,Operations,Analyst,2024-02-23,461672,2,No,Master,Married,2,Yes,5,Pune
5668,Employee 5668,Male,39,Support,Engineer,2017-07-30,972440,3,No,Bachelor,Married,8,Yes,2,Chennai
5669,Employee 5669,Female,60,Sales,Associate,2016-01-20,354769,5,Yes,Bachelor,Single,10,No,4,Pune
5670,Employee 5670,Female,34,Finance,Associate,2015-12-08,1466693,1,Yes,Bachelor,Single,10,Yes,3,Hyderabad
5671,Employee 5671,Male,27,Marketing,Manager,2019-03-07,520590,4,No,Diploma,Single,7,No,5,Delhi
5672,Employee 5672,Female,25,IT,Engineer,2016-06-03,612189,4,No,Diploma,Single,5,Yes,4,Ahmedabad
5673,Employee 5673,Female,27,Operations,Manager,2015-06-30,1514126,1,No,Master,Married,7,No,3,Mumbai
5674,Employee 5674,Female,50,HR,Analyst,2019-04-25,1391707,3,No,Diploma,Single,7,Yes,2,Pune
5675,Employee 5675,Male,49,Operations,Manager,2015-04-02,1620398,2,No,Diploma,Married,11,No,4,Pune
5676,Employee 5676,Male,29,IT,Manager,2020-11-25,1057640,2,No,Bachelor,Single,5,Yes,1,Chennai
5677,Employee 5677,Male,22,Sales,Analyst,2019-11-12,1687343,1,No,Bachelor,Married,2,No,5,Bengaluru
5678,Employee 5678,Female,43,Support,Executive,2025-03-23,1135742,2,No,Bachelor,Married,1,Yes,5,Chennai
5679,Employee 5679,Female,23,Finance,Analyst,2025-11-18,1154412,1,No,Master,Married,0,No,1,Mumbai
5680,Employee 5680,Male,26,Operations,Analyst,2018-10-19,1762510,5,No,Master,Married,6,Yes,1,Delhi
5681,Employee 5681,Female,54,HR,Manager,2017-02-14,1554197,1,No,Bachelor,Single,9,Yes,3,Bengaluru
5682,Employee 5682,Male,55,IT,Associate,2025-07-01,776390,4,No,Diploma,Married,1,No,2,Hyderabad
5683,Employee 5683,Male,59,Marketing,Associate,2018-11-16,305853,1,No,Diploma,Married,7,No,2,Chennai
5684,Employee 5684,Male,23,IT,Executive,2016-09-20,960038,1,No,Diploma,Married,3,No,4,Delhi
5685,Employee 5685,Male,26,Marketing,Engineer,2015-12-04,620708,5,No,Master,Married,6,Yes,4,Mumbai
5686,Employee 5686,Male,56,Support,Engineer,2023-11-11,1191612,4,No,Master,Married,2,No,3,Delhi
5687,Employee 5687,Female,58,IT,Associate,2020-07-19,851641,1,No,Bachelor,Married,5,No,2,Hyderabad
5688,Employee 5688,Male,34,Support,Specialist,2024-11-25,1735637,3,No,Diploma,Married,1,Yes,1,Ahmedabad
5689,Employee 5689,Male,26,Operations,Manager,2023-11-26,1430870,3,Yes,Bachelor,Married,2,Yes,4,Ahmedabad
5690,Employee 5690,Female,40,Sales,Manager,2017-08-04,706112,3,No,Master,Single,8,No,3,Bengaluru
5691,Employee 5691,Female,31,Marketing,Executive,2025-03-17,445758,5,No,Diploma,Single,1,No,4,Mumbai
5692,Employee 5692,Male,49,Marketing,Executive,2023-02-25,1388814,3,No,Bachelor,Married,3,Yes,2,Ahmedabad
5693,Employee 5693,Female,23,Sales,Analyst,2021-01-02,1561624,3,Yes,Diploma,Married,3,No,2,Mumbai
5694,Employee 5694,Female,54,Sales,Associate,2017-08-10,1503690,1,No,Master,Single,8,Yes,5,Pune
5695,Employee 5695,Male,23,Support,Manager,2023-09-23,402581,3,No,Bachelor,Married,2,Yes,5,Ahmedabad
5696,Employee 5696,Male,47,IT,Associate,2023-08-11,1384359,1,No,Diploma,Single,2,Yes,3,Ahmedabad
5697,Employee 5697,Female,22,Marketing,Associate,2019-04-16,1295987,5,No,Diploma,Married,2,Yes,1,Hyderabad
5698,Employee 5698,Female,21,Sales,Specialist,2021-05-01,689384,2,No,Master,Single,1,Yes,4,Pune
5699,Employee 5699,Female,23,Sales,Executive,2019-09-06,1752994,1,Yes,Bachelor,Single,3,No,2,Pune
5700,Employee 5700,Female,60,HR,Associate,2015-08-07,724282,2,No,Diploma,Married,10,No,3,Delhi
5701,Employee 5701,Male,48,Finance,Engineer,2023-05-04,1080068,3,No,Master,Married,3,Yes,5,Bengaluru
5702,Employee 5702,Male,22,Marketing,Manager,2015-06-24,574335,5,No,Diploma,Single,2,No,3,Bengaluru
5703,Employee 5703,Female,44,Sales,Executive,2019-02-25,1053482,1,No,Diploma,Married,7,Yes,5,Pune
5704,Employee 5704,Male,53,Sales,Engineer,2019-04-24,404893,5,No,Diploma,Married,7,No,5,Ahmedabad
5705,Employee 5705,Female,48,Marketing,Executive,2021-07-09,353895,1,No,Diploma,Single,4,No,5,Delhi
5706,Employee 5706,Male,30,Marketing,Associate,2023-07-15,970393,5,No,Master,Married,2,No,5,Hyderabad
5707,Employee 5707,Male,55,IT,Associate,2017-11-01,1310505,3,No,Diploma,Single,8,No,3,Mumbai
5708,Employee 5708,Female,40,Finance,Analyst,2015-04-01,846478,2,No,Bachelor,Married,11,No,1,Delhi
5709,Employee 5709,Female,26,Support,Analyst,2019-09-08,382883,3,No,Master,Married,6,No,1,Pune
5710,Employee 5710,Male,37,Sales,Engineer,2026-04-17,1143094,4,No,Diploma,Single,0,No,1,Ahmedabad
5711,Employee 5711,Male,31,Support,Associate,2018-03-28,874206,1,Yes,Diploma,Married,8,No,1,Mumbai
5712,Employee 5712,Male,29,Finance,Specialist,2021-06-19,354975,2,No,Diploma,Married,5,Yes,5,Delhi
5713,Employee 5713,Female,56,HR,Engineer,2022-04-16,991778,5,No,Bachelor,Married,4,Yes,5,Pune
5714,Employee 5714,Female,42,Operations,Specialist,2024-10-21,1446412,1,No,Bachelor,Single,1,Yes,4,Mumbai
5715,Employee 5715,Male,58,IT,Analyst,2015-07-14,1632275,2,No,Diploma,Married,10,No,3,Mumbai
5716,Employee 5716,Male,42,Support,Associate,2025-08-13,376420,3,No,Master,Single,0,No,5,Delhi
5717,Employee 5717,Female,35,Support,Associate,2024-01-23,530685,1,No,Diploma,Single,2,No,4,Ahmedabad
5718,Employee 5718,Female,56,IT,Specialist,2017-08-18,1586203,4,No,Diploma,Married,8,No,5,Mumbai
5719,Employee 5719,Female,56,Support,Specialist,2022-02-20,1459532,5,No,Bachelor,Single,4,No,3,Ahmedabad
5720,Employee 5720,Female,35,HR,Executive,2019-12-30,1279315,4,No,Diploma,Married,6,No,4,Bengaluru
5721,Employee 5721,Female,45,Operations,Engineer,2015-09-10,1102600,1,No,Bachelor,Married,10,No,1,Hyderabad
5722,Employee 5722,Male,35,Marketing,Associate,2016-11-11,1259820,3,Yes,Bachelor,Married,9,No,1,Mumbai
5723,Employee 5723,Male,30,Marketing,Associate,2020-05-14,970418,4,No,Diploma,Married,6,Yes,5,Chennai
5724,Employee 5724,Male,28,Finance,Associate,2015-06-03,1065175,1,No,Bachelor,Married,8,Yes,1,Hyderabad
5725,Employee 5725,Male,34,Sales,Manager,2015-12-21,896739,5,No,Diploma,Married,10,Yes,4,Hyderabad
5726,Employee 5726,Female,59,Sales,Associate,2023-06-01,1293562,4,No,Master,Single,3,No,2,Hyderabad
5727,Employee 5727,Female,42,Finance,Analyst,2021-12-02,993884,2,No,Master,Married,4,Yes,3,Chennai
5728,Employee 5728,Male,59,Operations,Analyst,2018-01-07,1001803,5,No,Diploma,Married,8,Yes,2,Bengaluru
5729,Employee 5729,Female,42,Marketing,Associate,2023-09-14,1480233,4,No,Diploma,Single,2,Yes,4,Delhi
5730,Employee 5730,Male,22,Sales,Specialist,2016-10-23,479245,1,No,Diploma,Married,2,Yes,4,Delhi
5731,Employee 5731,Female,57,Sales,Specialist,2019-10-04,464167,2,No,Bachelor,Married,6,Yes,2,Bengaluru
5732,Employee 5732,Female,55,Operations,Analyst,2019-10-19,1576926,4,No,Bachelor,Married,6,No,4,Chennai
5733,Employee 5733,Male,22,HR,Engineer,2021-09-24,1782018,1,No,Master,Single,2,Yes,2,Pune
5734,Employee 5734,Male,55,IT,Executive,2025-10-10,1253327,5,No,Master,Married,0,No,3,Pune
5735,Employee 5735,Female,35,Sales,Associate,2023-08-14,638779,3,No,Bachelor,Married,2,Yes,3,Ahmedabad
5736,Employee 5736,Female,26,HR,Specialist,2021-09-20,1214594,3,No,Diploma,Married,4,No,2,Mumbai
5737,Employee 5737,Male,24,Marketing,Manager,2017-01-31,929221,2,No,Diploma,Single,4,No,5,Delhi
5738,Employee 5738,Female,24,HR,Analyst,2020-06-15,1482974,1,No,Diploma,Single,4,Yes,5,Mumbai
5739,Employee 5739,Male,30,IT,Manager,2018-10-01,972985,1,No,Master,Single,7,No,1,Hyderabad
5740,Employee 5740,Female,51,HR,Manager,2018-10-08,536005,1,No,Master,Married,7,Yes,4,Hyderabad
5741,Employee 5741,Female,59,Operations,Associate,2023-09-23,1500543,1,Yes,Diploma,Single,2,Yes,2,Hyderabad
5742,Employee 5742,Male,52,Finance,Analyst,2021-11-29,1272192,5,No,Diploma,Single,4,Yes,5,Chennai
5743,Employee 5743,Male,49,Support,Specialist,2016-05-02,1174527,5,No,Bachelor,Married,10,No,2,Hyderabad
5744,Employee 5744,Male,44,IT,Executive,2017-11-08,499660,4,No,Diploma,Married,8,No,4,Hyderabad
5745,Employee 5745,Female,54,Sales,Engineer,2025-11-15,1793408,2,No,Diploma,Married,0,No,5,Pune
5746,Employee 5746,Female,23,Sales,Analyst,2021-11-18,1619323,4,No,Bachelor,Single,3,No,5,Pune
5747,Employee 5747,Male,33,Support,Specialist,2022-01-31,424802,4,No,Bachelor,Married,4,No,2,Hyderabad
5748,Employee 5748,Female,53,HR,Specialist,2025-12-12,1755046,4,No,Diploma,Single,0,Yes,4,Chennai
5749,Employee 5749,Female,21,Marketing,Analyst,2019-01-20,1391475,5,No,Bachelor,Married,1,Yes,3,Delhi
5750,Employee 5750,Male,57,Operations,Specialist,2023-09-24,730880,2,No,Diploma,Single,2,Yes,4,Ahmedabad
5751,Employee 5751,Female,34,IT,Specialist,2025-04-18,1400783,5,No,Bachelor,Single,1,Yes,1,Bengaluru
5752,Employee 5752,Female,41,IT,Engineer,2017-12-03,1393478,4,No,Bachelor,Married,8,No,1,Pune
5753,Employee 5753,Female,22,Support,Executive,2019-12-31,1480119,5,No,Bachelor,Single,2,Yes,1,Ahmedabad
5754,Employee 5754,Male,25,Support,Associate,2015-06-10,1157747,3,No,Diploma,Single,5,No,1,Mumbai
5755,Employee 5755,Male,36,HR,Engineer,2017-11-27,504705,3,Yes,Master,Single,8,No,2,Pune
5756,Employee 5756,Male,59,Support,Engineer,2016-06-07,1744269,4,No,Bachelor,Married,10,Yes,3,Mumbai
5757,Employee 5757,Female,28,Finance,Specialist,2023-12-29,1364891,2,No,Diploma,Single,2,Yes,3,Delhi
5758,Employee 5758,Female,51,IT,Specialist,2018-04-01,433278,4,No,Diploma,Single,8,No,4,Bengaluru
5759,Employee 5759,Female,43,Marketing,Executive,2018-11-19,909696,1,No,Bachelor,Married,7,Yes,4,Mumbai
5760,Employee 5760,Female,30,IT,Executive,2020-10-26,1477514,4,No,Bachelor,Single,5,No,3,Hyderabad
5761,Employee 5761,Male,53,Support,Analyst,2023-05-01,1280962,3,No,Master,Married,3,No,4,Chennai
5762,Employee 5762,Male,56,HR,Manager,2018-07-14,281242,2,No,Master,Married,7,No,3,Bengaluru
5763,Employee 5763,Male,41,Finance,Analyst,2021-05-05,546179,1,No,Bachelor,Single,5,No,2,Mumbai
5764,Employee 5764,Female,31,Marketing,Manager,2023-11-05,1183651,5,No,Bachelor,Single,2,No,1,Bengaluru
5765,Employee 5765,Female,27,Operations,Specialist,2017-10-07,510212,4,No,Diploma,Single,7,No,3,Pune
5766,Employee 5766,Female,22,Finance,Specialist,2016-01-16,464879,4,No,Master,Single,2,Yes,4,Chennai
5767,Employee 5767,Male,53,IT,Manager,2020-12-06,1169904,5,No,Diploma,Single,5,No,1,Mumbai
5768,Employee 5768,Male,37,HR,Analyst,2021-08-17,1197341,3,No,Bachelor,Single,4,Yes,1,Ahmedabad
5769,Employee 5769,Female,44,Operations,Manager,2018-11-29,783109,5,No,Diploma,Single,7,Yes,2,Mumbai
5770,Employee 5770,Male,51,Finance,Engineer,2015-04-03,409314,2,No,Master,Single,11,Yes,5,Mumbai
5771,Employee 5771,Male,28,Finance,Associate,2025-02-14,826261,5,No,Bachelor,Married,1,Yes,2,Pune
5772,Employee 5772,Female,26,Finance,Associate,2020-03-09,603826,5,No,Bachelor,Single,6,Yes,2,Hyderabad
5773,Employee 5773,Male,56,IT,Manager,2026-05-19,1530956,1,No,Bachelor,Married,0,No,2,Mumbai
5774,Employee 5774,Female,26,Finance,Analyst,2019-03-01,946964,5,No,Bachelor,Married,6,No,3,Chennai
5775,Employee 5775,Female,34,Marketing,Analyst,2024-05-24,1292189,1,No,Bachelor,Married,2,No,5,Hyderabad
5776,Employee 5776,Female,34,Sales,Specialist,2022-07-31,1521910,1,No,Master,Single,3,No,5,Ahmedabad
5777,Employee 5777,Female,34,Sales,Specialist,2023-06-23,1749316,4,No,Bachelor,Single,3,Yes,4,Ahmedabad
5778,Employee 5778,Female,30,Marketing,Associate,2015-04-24,900924,4,No,Diploma,Single,10,No,3,Mumbai
5779,Employee 5779,Female,42,Support,Manager,2024-11-29,280165,5,Yes,Master,Married,1,No,3,Ahmedabad
5780,Employee 5780,Female,60,Sales,Manager,2022-12-09,384476,2,Yes,Diploma,Single,3,Yes,1,Chennai
5781,Employee 5781,Male,44,Operations,Engineer,2015-07-20,435981,4,No,Master,Married,10,No,4,Pune
5782,Employee 5782,Male,44,IT,Executive,2021-06-19,984166,2,No,Diploma,Married,5,Yes,2,Pune
5783,Employee 5783,Male,51,Operations,Manager,2023-01-11,1075831,2,No,Diploma,Single,3,Yes,2,Bengaluru
5784,Employee 5784,Male,55,Sales,Associate,2020-01-10,1293503,2,No,Diploma,Married,6,Yes,3,Mumbai
5785,Employee 5785,Female,39,Sales,Associate,2015-12-05,399375,2,No,Master,Single,10,Yes,5,Delhi
5786,Employee 5786,Female,43,Marketing,Analyst,2025-07-17,793678,1,No,Master,Married,0,Yes,4,Chennai
5787,Employee 5787,Female,59,Finance,Specialist,2020-05-06,1133450,4,No,Bachelor,Married,6,No,3,Mumbai
5788,Employee 5788,Female,57,Marketing,Executive,2026-03-18,1565137,4,Yes,Master,Single,0,Yes,5,Bengaluru
5789,Employee 5789,Female,22,IT,Engineer,2024-11-08,546288,1,No,Bachelor,Married,1,No,3,Pune
5790,Employee 5790,Male,21,Sales,Analyst,2019-10-18,1533066,4,No,Diploma,Married,1,No,2,Chennai
5791,Employee 5791,Female,60,HR,Analyst,2022-03-20,1314681,2,No,Master,Married,4,No,5,Bengaluru
5792,Employee 5792,Male,58,HR,Executive,2021-04-30,296330,3,No,Master,Single,5,Yes,3,Hyderabad
5793,Employee 5793,Male,36,IT,Executive,2020-04-11,1062493,5,No,Master,Single,6,Yes,5,Bengaluru
5794,Employee 5794,Female,31,IT,Manager,2017-10-24,325677,3,No,Diploma,Married,8,Yes,1,Hyderabad
5795,Employee 5795,Male,29,IT,Executive,2023-08-27,1535179,5,No,Bachelor,Married,2,No,3,Delhi
5796,Employee 5796,Female,33,IT,Executive,2020-11-07,700455,1,No,Bachelor,Married,5,Yes,2,Delhi
5797,Employee 5797,Male,36,Marketing,Executive,2025-03-12,1129023,3,No,Diploma,Single,1,No,4,Chennai
5798,Employee 5798,Female,47,Operations,Manager,2026-03-15,402731,1,No,Diploma,Married,0,No,3,Pune
5799,Employee 5799,Male,53,Finance,Executive,2021-10-11,1756221,2,No,Master,Single,4,No,2,Mumbai
5800,Employee 5800,Female,57,Sales,Manager,2019-11-12,598963,3,Yes,Diploma,Single,6,Yes,3,Chennai
5801,Employee 5801,Male,37,Sales,Manager,2019-12-07,634442,1,No,Bachelor,Single,6,No,3,Bengaluru
5802,Employee 5802,Male,34,Operations,Associate,2015-09-19,962125,2,No,Master,Married,10,No,4,Delhi
5803,Employee 5803,Female,44,Marketing,Specialist,2019-09-15,649351,3,No,Diploma,Married,6,Yes,5,Ahmedabad
5804,Employee 5804,Male,31,Support,Manager,2026-02-22,510020,4,No,Bachelor,Married,0,Yes,5,Chennai
5805,Employee 5805,Male,43,HR,Engineer,2024-07-13,358206,3,Yes,Diploma,Single,1,No,2,Delhi
5806,Employee 5806,Male,54,Marketing,Associate,2019-10-28,1137754,4,Yes,Diploma,Married,6,Yes,5,Chennai
5807,Employee 5807,Female,35,Support,Manager,2021-10-23,1138949,3,No,Bachelor,Married,4,Yes,5,Hyderabad
5808,Employee 5808,Female,43,Marketing,Specialist,2022-07-04,709924,4,Yes,Diploma,Married,3,No,1,Pune
5809,Employee 5809,Male,25,Marketing,Executive,2023-07-07,1125979,5,No,Diploma,Single,2,Yes,2,Ahmedabad
5810,Employee 5810,Male,21,Operations,Associate,2023-12-27,1356077,1,No,Diploma,Married,1,Yes,3,Mumbai
5811,Employee 5811,Female,45,IT,Associate,2024-06-29,535543,4,No,Bachelor,Single,2,Yes,2,Chennai
5812,Employee 5812,Male,60,Support,Analyst,2015-10-02,1050085,4,No,Diploma,Married,10,Yes,4,Mumbai
5813,Employee 5813,Female,42,HR,Specialist,2018-11-18,863380,5,No,Bachelor,Single,7,Yes,4,Chennai
5814,Employee 5814,Female,48,HR,Executive,2021-10-18,1012104,3,No,Diploma,Single,4,Yes,5,Ahmedabad
5815,Employee 5815,Male,36,IT,Engineer,2021-01-06,1401373,5,No,Master,Married,5,Yes,2,Ahmedabad
5816,Employee 5816,Male,28,Support,Engineer,2018-07-02,1060921,3,No,Diploma,Single,8,No,3,Hyderabad
5817,Employee 5817,Female,47,Finance,Analyst,2017-10-11,1647099,5,No,Diploma,Married,8,No,1,Pune
5818,Employee 5818,Female,52,Sales,Associate,2022-06-08,891965,4,No,Diploma,Single,4,No,1,Mumbai
5819,Employee 5819,Male,53,Finance,Specialist,2019-04-26,665266,3,No,Bachelor,Married,7,No,2,Chennai
5820,Employee 5820,Female,23,IT,Associate,2017-11-06,525603,3,No,Bachelor,Single,3,No,1,Bengaluru
5821,Employee 5821,Male,38,Support,Analyst,2021-08-02,546677,3,No,Diploma,Single,4,No,2,Pune
5822,Employee 5822,Male,54,Sales,Associate,2024-08-26,397872,2,No,Master,Single,1,No,1,Mumbai
5823,Employee 5823,Male,40,HR,Associate,2019-08-23,519310,2,No,Bachelor,Single,6,No,3,Hyderabad
5824,Employee 5824,Female,37,Support,Specialist,2023-10-11,298594,1,No,Bachelor,Single,2,Yes,2,Bengaluru
5825,Employee 5825,Female,48,Support,Executive,2019-08-07,586609,2,Yes,Master,Married,6,Yes,1,Delhi
5826,Employee 5826,Female,59,Operations,Executive,2018-05-01,1318519,5,No,Master,Single,8,No,2,Hyderabad
5827,Employee 5827,Male,21,Support,Manager,2024-04-06,1321120,5,Yes,Master,Married,1,Yes,1,Hyderabad
5828,Employee 5828,Male,25,Marketing,Manager,2025-04-25,610857,5,No,Diploma,Single,1,No,2,Delhi
5829,Employee 5829,Male,60,Marketing,Manager,2024-08-26,1789502,1,No,Bachelor,Married,1,No,3,Pune
5830,Employee 5830,Female,29,HR,Associate,2015-07-24,1532342,2,No,Master,Single,9,No,2,Hyderabad
5831,Employee 5831,Female,29,Marketing,Associate,2024-06-16,1688520,3,No,Master,Single,2,No,4,Chennai
5832,Employee 5832,Female,31,Finance,Associate,2019-09-08,1278764,4,No,Master,Single,6,Yes,4,Pune
5833,Employee 5833,Male,50,Operations,Executive,2022-12-11,859127,3,No,Master,Married,3,Yes,5,Pune
5834,Employee 5834,Male,30,Support,Analyst,2016-05-25,356841,4,No,Diploma,Married,10,No,1,Bengaluru
5835,Employee 5835,Female,22,Marketing,Manager,2022-04-18,1656146,5,No,Master,Married,2,No,1,Chennai
5836,Employee 5836,Female,59,HR,Manager,2026-04-22,1493672,1,No,Bachelor,Married,0,Yes,4,Bengaluru
5837,Employee 5837,Male,56,IT,Specialist,2022-01-03,1291709,1,No,Master,Married,4,Yes,4,Pune
5838,Employee 5838,Male,21,Marketing,Executive,2017-12-27,1645703,5,No,Master,Married,1,Yes,4,Mumbai
5839,Employee 5839,Male,21,Support,Associate,2015-07-09,611570,1,No,Bachelor,Single,1,Yes,1,Pune
5840,Employee 5840,Female,45,HR,Specialist,2023-12-14,428899,5,No,Master,Married,2,Yes,4,Hyderabad
5841,Employee 5841,Female,48,HR,Manager,2021-12-06,1081227,5,No,Master,Married,4,No,5,Chennai
5842,Employee 5842,Female,37,Operations,Engineer,2022-06-28,1550673,4,No,Diploma,Married,4,Yes,5,Pune
5843,Employee 5843,Male,51,Operations,Engineer,2025-05-31,1077704,2,No,Diploma,Single,1,No,4,Bengaluru
5844,Employee 5844,Male,36,Operations,Manager,2018-04-22,1685056,2,No,Master,Single,8,No,2,Ahmedabad
5845,Employee 5845,Male,37,IT,Engineer,2017-08-30,1249070,2,No,Diploma,Single,8,No,5,Delhi
5846,Employee 5846,Male,55,HR,Executive,2019-07-10,507331,1,No,Bachelor,Married,6,No,4,Ahmedabad
5847,Employee 5847,Female,57,Operations,Analyst,2024-10-20,1388063,1,Yes,Bachelor,Married,1,No,4,Mumbai
5848,Employee 5848,Male,32,HR,Engineer,2019-12-26,1257934,3,No,Diploma,Married,6,Yes,5,Ahmedabad
5849,Employee 5849,Male,59,IT,Specialist,2026-04-18,573022,5,No,Master,Married,0,No,5,Delhi
5850,Employee 5850,Male,57,Finance,Associate,2026-03-20,963754,3,No,Diploma,Single,0,Yes,4,Delhi
5851,Employee 5851,Female,49,HR,Analyst,2022-04-18,1782446,3,No,Bachelor,Single,4,Yes,3,Hyderabad
5852,Employee 5852,Female,55,Marketing,Associate,2015-06-28,831740,2,No,Bachelor,Single,11,Yes,4,Chennai
5853,Employee 5853,Female,55,HR,Specialist,2022-12-12,1380712,5,No,Master,Married,3,No,5,Delhi
5854,Employee 5854,Female,56,Support,Manager,2021-08-11,347240,1,No,Diploma,Married,4,Yes,3,Delhi
5855,Employee 5855,Male,48,IT,Specialist,2016-07-25,1711570,4,No,Bachelor,Married,9,Yes,3,Ahmedabad
5856,Employee 5856,Female,58,Finance,Engineer,2021-02-05,1458380,1,Yes,Bachelor,Single,5,No,1,Delhi
5857,Employee 5857,Male,33,Marketing,Analyst,2026-01-29,472712,2,No,Diploma,Married,0,No,3,Bengaluru
5858,Employee 5858,Female,27,HR,Manager,2023-01-21,653308,3,Yes,Master,Married,3,No,3,Delhi
5859,Employee 5859,Female,25,Sales,Executive,2015-09-17,576971,4,Yes,Bachelor,Single,5,No,5,Chennai
5860,Employee 5860,Female,22,Operations,Analyst,2024-06-06,733378,1,No,Diploma,Married,2,No,4,Bengaluru
5861,Employee 5861,Female,47,IT,Manager,2022-12-11,531347,2,No,Diploma,Single,3,Yes,3,Bengaluru
5862,Employee 5862,Male,31,IT,Engineer,2019-06-03,1552025,4,No,Bachelor,Married,7,No,2,Ahmedabad
5863,Employee 5863,Female,39,Support,Analyst,2026-06-21,1240429,2,No,Master,Single,0,No,4,Delhi
5864,Employee 5864,Female,40,IT,Specialist,2018-03-29,916775,4,No,Bachelor,Married,8,Yes,2,Mumbai
5865,Employee 5865,Female,32,HR,Manager,2018-01-17,1779338,4,No,Bachelor,Single,8,No,2,Mumbai
5866,Employee 5866,Female,28,Support,Manager,2018-08-24,394550,3,No,Master,Single,7,Yes,5,Pune
5867,Employee 5867,Male,56,IT,Manager,2024-12-09,1431275,2,No,Diploma,Married,1,No,5,Pune
5868,Employee 5868,Female,49,Operations,Executive,2020-03-06,1796573,3,No,Diploma,Married,6,Yes,4,Pune
5869,Employee 5869,Female,56,IT,Engineer,2016-05-24,1028677,3,No,Bachelor,Single,10,Yes,4,Hyderabad
5870,Employee 5870,Male,45,Sales,Engineer,2023-07-14,293190,4,No,Master,Married,2,No,5,Chennai
5871,Employee 5871,Female,48,Finance,Specialist,2016-10-02,1357617,1,No,Bachelor,Married,9,Yes,5,Mumbai
5872,Employee 5872,Female,56,IT,Associate,2025-10-04,1164078,2,No,Bachelor,Married,0,No,5,Hyderabad
5873,Employee 5873,Male,60,Marketing,Associate,2021-06-15,1646265,2,No,Diploma,Married,5,Yes,4,Chennai
5874,Employee 5874,Female,55,Finance,Engineer,2017-01-06,470379,3,No,Diploma,Single,9,No,1,Ahmedabad
5875,Employee 5875,Male,56,Finance,Manager,2018-05-16,885960,2,No,Diploma,Single,8,No,3,Mumbai
5876,Employee 5876,Female,26,Marketing,Associate,2026-01-22,1651271,2,No,Bachelor,Married,0,No,4,Ahmedabad
5877,Employee 5877,Male,54,Finance,Specialist,2016-10-01,1768846,3,No,Master,Single,9,No,2,Delhi
5878,Employee 5878,Male,24,Sales,Executive,2020-02-15,1083484,1,No,Bachelor,Married,4,No,2,Bengaluru
5879,Employee 5879,Male,60,Sales,Engineer,2022-05-31,1296443,5,No,Master,Married,4,Yes,1,Bengaluru
5880,Employee 5880,Female,35,IT,Specialist,2021-03-14,358037,2,Yes,Master,Single,5,No,1,Bengaluru
5881,Employee 5881,Male,24,Operations,Manager,2020-07-23,983240,2,No,Bachelor,Married,4,Yes,1,Pune
5882,Employee 5882,Male,46,Marketing,Manager,2015-05-27,1186481,5,No,Diploma,Single,11,Yes,3,Chennai
5883,Employee 5883,Female,58,Sales,Associate,2022-04-09,413835,5,No,Bachelor,Married,4,Yes,1,Chennai
5884,Employee 5884,Female,56,Finance,Analyst,2025-01-20,282414,3,No,Master,Married,1,No,3,Delhi
5885,Employee 5885,Male,35,Support,Analyst,2018-09-17,737332,4,No,Bachelor,Married,7,No,1,Mumbai
5886,Employee 5886,Female,44,Finance,Analyst,2020-01-12,361472,3,No,Master,Married,6,No,4,Delhi
5887,Employee 5887,Female,23,Finance,Engineer,2024-04-24,512770,4,No,Diploma,Single,2,Yes,4,Bengaluru
5888,Employee 5888,Male,57,Operations,Manager,2016-12-31,1027702,4,Yes,Master,Single,9,No,5,Mumbai
5889,Employee 5889,Male,21,Operations,Manager,2019-05-01,831487,3,No,Bachelor,Single,1,No,3,Chennai
5890,Employee 5890,Male,48,Marketing,Manager,2016-08-08,1681464,1,No,Master,Single,9,Yes,1,Mumbai
5891,Employee 5891,Female,37,Support,Manager,2025-03-08,961849,3,No,Bachelor,Single,1,Yes,2,Pune
5892,Employee 5892,Male,24,Operations,Engineer,2017-01-27,894241,4,No,Diploma,Married,4,Yes,2,Delhi
5893,Employee 5893,Male,45,Sales,Engineer,2021-03-22,798295,3,Yes,Bachelor,Single,5,No,3,Ahmedabad
5894,Employee 5894,Male,55,Marketing,Manager,2015-07-03,1102687,2,No,Bachelor,Married,11,No,4,Ahmedabad
5895,Employee 5895,Female,40,Operations,Specialist,2022-12-31,938329,3,No,Diploma,Married,3,Yes,4,Hyderabad
5896,Employee 5896,Female,31,Marketing,Manager,2025-01-26,1740348,5,Yes,Diploma,Single,1,No,5,Hyderabad
5897,Employee 5897,Female,60,Sales,Executive,2019-04-11,1669615,5,No,Master,Single,7,No,5,Pune
5898,Employee 5898,Female,30,IT,Specialist,2024-09-03,1382831,4,No,Bachelor,Married,1,No,5,Delhi
5899,Employee 5899,Male,52,Marketing,Engineer,2020-02-24,419570,2,No,Bachelor,Single,6,No,4,Mumbai
5900,Employee 5900,Male,43,Sales,Executive,2022-05-19,289644,2,No,Diploma,Single,4,No,5,Pune
5901,Employee 5901,Male,34,IT,Engineer,2021-08-22,766321,1,No,Master,Married,4,No,2,Delhi
5902,Employee 5902,Female,44,HR,Analyst,2021-11-30,863349,3,No,Bachelor,Single,4,Yes,3,Hyderabad
5903,Employee 5903,Female,32,HR,Associate,2021-08-19,1728848,1,No,Diploma,Married,4,Yes,5,Bengaluru
5904,Employee 5904,Female,41,Operations,Engineer,2025-02-28,1683612,2,No,Master,Married,1,No,1,Hyderabad
5905,Employee 5905,Male,22,Sales,Engineer,2016-08-30,415207,5,Yes,Master,Single,2,No,5,Hyderabad
5906,Employee 5906,Male,27,Operations,Analyst,2025-01-17,933631,1,Yes,Bachelor,Married,1,Yes,2,Ahmedabad
5907,Employee 5907,Female,29,Sales,Manager,2023-09-21,1018540,4,No,Master,Married,2,Yes,2,Pune
5908,Employee 5908,Male,40,Marketing,Executive,2016-05-14,1435529,4,No,Bachelor,Single,10,No,2,Pune
5909,Employee 5909,Female,36,Operations,Specialist,2020-09-09,1505399,5,Yes,Bachelor,Married,5,No,3,Ahmedabad
5910,Employee 5910,Female,45,Finance,Specialist,2020-01-19,313100,4,No,Diploma,Single,6,No,2,Bengaluru
5911,Employee 5911,Male,58,Finance,Executive,2026-06-03,542103,2,No,Diploma,Married,0,No,3,Chennai
5912,Employee 5912,Female,52,Operations,Executive,2023-07-14,692954,3,No,Diploma,Married,2,No,3,Ahmedabad
5913,Employee 5913,Male,57,Operations,Engineer,2015-01-14,1426516,5,Yes,Master,Single,11,Yes,3,Mumbai
5914,Employee 5914,Male,25,IT,Analyst,2025-01-03,609756,1,No,Bachelor,Married,1,Yes,2,Mumbai
5915,Employee 5915,Male,45,Finance,Executive,2025-05-18,1685598,1,No,Diploma,Single,1,Yes,1,Ahmedabad
5916,Employee 5916,Female,46,HR,Executive,2024-04-18,309043,2,No,Master,Single,2,No,5,Pune
5917,Employee 5917,Female,31,HR,Manager,2021-07-23,920559,3,No,Diploma,Single,4,Yes,5,Bengaluru
5918,Employee 5918,Female,47,HR,Specialist,2022-08-24,369154,4,No,Master,Married,3,No,1,Bengaluru
5919,Employee 5919,Male,35,Support,Executive,2025-11-16,928565,2,No,Master,Married,0,Yes,1,Mumbai
5920,Employee 5920,Female,46,Support,Associate,2019-04-06,262893,2,No,Master,Single,7,Yes,1,Mumbai
5921,Employee 5921,Female,39,Finance,Executive,2015-01-11,482535,2,No,Diploma,Single,11,No,4,Mumbai
5922,Employee 5922,Female,49,Sales,Analyst,2019-12-24,1553229,1,Yes,Master,Married,6,No,1,Hyderabad
5923,Employee 5923,Female,23,HR,Analyst,2021-12-08,491082,1,No,Diploma,Single,3,No,5,Chennai
5924,Employee 5924,Male,40,Support,Executive,2016-09-01,1176960,4,No,Bachelor,Single,9,No,3,Ahmedabad
5925,Employee 5925,Female,45,IT,Associate,2018-04-02,466829,4,No,Diploma,Married,8,Yes,4,Bengaluru
5926,Employee 5926,Male,55,Sales,Manager,2024-05-02,1278998,4,No,Bachelor,Married,2,Yes,1,Ahmedabad
5927,Employee 5927,Female,29,Sales,Specialist,2019-05-25,1757259,3,Yes,Master,Married,7,No,4,Hyderabad
5928,Employee 5928,Female,55,Support,Executive,2022-02-11,1468539,4,No,Master,Single,4,No,1,Bengaluru
5929,Employee 5929,Female,40,IT,Specialist,2021-10-11,1064146,4,No,Diploma,Single,4,No,5,Ahmedabad
5930,Employee 5930,Female,36,HR,Analyst,2020-02-06,1395756,4,No,Master,Single,6,Yes,2,Hyderabad
5931,Employee 5931,Female,44,Support,Associate,2021-08-18,1790055,5,No,Bachelor,Single,4,Yes,4,Mumbai
5932,Employee 5932,Female,36,IT,Engineer,2016-01-01,1011585,3,Yes,Bachelor,Married,10,No,2,Pune
5933,Employee 5933,Male,50,IT,Engineer,2015-07-18,807288,1,Yes,Bachelor,Married,10,Yes,3,Pune
5934,Employee 5934,Male,24,Marketing,Manager,2021-07-23,1011144,2,No,Diploma,Single,4,No,3,Hyderabad
5935,Employee 5935,Female,45,Marketing,Analyst,2017-02-27,1282419,3,No,Diploma,Single,9,Yes,3,Bengaluru
5936,Employee 5936,Female,47,HR,Manager,2025-08-06,1570873,2,No,Master,Married,0,No,4,Ahmedabad
5937,Employee 5937,Male,58,Support,Engineer,2020-07-24,570847,5,No,Diploma,Married,5,Yes,2,Mumbai
5938,Employee 5938,Male,49,Sales,Specialist,2018-04-11,840323,3,No,Bachelor,Married,8,Yes,3,Delhi
5939,Employee 5939,Male,44,Operations,Engineer,2024-09-02,1588307,5,No,Master,Single,1,Yes,2,Delhi
5940,Employee 5940,Female,52,HR,Associate,2021-08-04,717709,2,No,Diploma,Married,4,No,1,Mumbai
5941,Employee 5941,Female,34,HR,Manager,2017-05-16,947287,1,No,Master,Married,9,No,3,Bengaluru
5942,Employee 5942,Female,54,IT,Executive,2024-07-09,1074274,2,No,Diploma,Single,1,Yes,3,Delhi
5943,Employee 5943,Female,49,Operations,Analyst,2024-01-27,476513,5,No,Master,Married,2,No,5,Pune
5944,Employee 5944,Male,48,Marketing,Engineer,2020-10-22,325191,3,Yes,Bachelor,Single,5,No,5,Chennai
5945,Employee 5945,Female,40,Marketing,Manager,2025-04-04,1331113,2,No,Diploma,Single,1,No,5,Pune
5946,Employee 5946,Female,60,HR,Associate,2025-03-04,1203202,3,No,Diploma,Single,1,No,1,Pune
5947,Employee 5947,Male,25,Sales,Analyst,2020-11-22,976224,4,No,Diploma,Single,5,No,3,Ahmedabad
5948,Employee 5948,Female,32,Sales,Analyst,2022-03-10,1302956,2,No,Master,Married,4,No,1,Pune
5949,Employee 5949,Female,26,Support,Manager,2021-06-13,1051276,1,No,Master,Single,5,Yes,1,Bengaluru
5950,Employee 5950,Female,29,Finance,Executive,2026-01-14,369177,4,No,Master,Married,0,Yes,4,Bengaluru
5951,Employee 5951,Female,54,Sales,Associate,2020-08-13,846873,2,No,Diploma,Single,5,No,4,Hyderabad
5952,Employee 5952,Male,29,Finance,Associate,2026-02-11,981999,2,No,Bachelor,Married,0,No,1,Delhi
5953,Employee 5953,Female,43,Marketing,Engineer,2022-06-09,721608,3,No,Diploma,Single,4,Yes,1,Mumbai
5954,Employee 5954,Male,60,Support,Manager,2020-07-25,1659997,4,No,Bachelor,Single,5,No,5,Bengaluru
5955,Employee 5955,Male,24,Finance,Associate,2016-09-30,1024349,2,No,Bachelor,Married,4,No,3,Delhi
5956,Employee 5956,Female,53,Sales,Manager,2021-04-02,1021032,2,No,Bachelor,Married,5,Yes,1,Delhi
5957,Employee 5957,Female,58,Operations,Analyst,2023-08-11,1792098,2,No,Bachelor,Single,2,No,4,Ahmedabad
5958,Employee 5958,Female,23,Operations,Associate,2019-05-25,970115,5,No,Master,Married,3,No,4,Bengaluru
5959,Employee 5959,Male,21,HR,Engineer,2026-02-22,1248637,3,No,Master,Married,0,Yes,5,Hyderabad
5960,Employee 5960,Female,46,HR,Specialist,2015-07-26,1337496,4,No,Diploma,Married,10,No,4,Ahmedabad
5961,Employee 5961,Female,51,Sales,Engineer,2016-02-16,1474770,5,Yes,Master,Married,10,Yes,3,Delhi
5962,Employee 5962,Female,53,Marketing,Executive,2024-08-10,1358768,1,Yes,Diploma,Married,1,No,1,Pune
5963,Employee 5963,Female,42,Marketing,Manager,2021-05-04,1269422,5,No,Diploma,Single,5,Yes,2,Ahmedabad
5964,Employee 5964,Female,41,Finance,Manager,2022-12-10,940385,1,No,Master,Married,3,Yes,3,Bengaluru
5965,Employee 5965,Female,22,HR,Manager,2021-03-01,821392,2,No,Bachelor,Married,2,No,5,Chennai
5966,Employee 5966,Female,54,Support,Executive,2024-09-22,854934,5,No,Diploma,Married,1,Yes,5,Bengaluru
5967,Employee 5967,Female,24,Finance,Associate,2022-02-11,718671,5,No,Bachelor,Single,4,No,4,Delhi
5968,Employee 5968,Female,33,Sales,Analyst,2018-07-29,1053958,2,No,Bachelor,Married,7,Yes,4,Pune
5969,Employee 5969,Male,25,Sales,Analyst,2019-07-20,1052103,2,No,Master,Single,5,Yes,5,Ahmedabad
5970,Employee 5970,Female,45,Operations,Manager,2021-01-29,1291865,2,No,Master,Married,5,No,5,Delhi
5971,Employee 5971,Female,54,HR,Engineer,2018-11-06,1149981,5,No,Master,Married,7,No,5,Chennai
5972,Employee 5972,Female,31,Operations,Specialist,2021-01-31,1133920,5,No,Master,Single,5,No,1,Hyderabad
5973,Employee 5973,Female,55,Support,Manager,2024-06-23,1786754,3,No,Bachelor,Married,2,Yes,4,Bengaluru
5974,Employee 5974,Female,57,Sales,Engineer,2026-05-21,1319568,1,No,Master,Single,0,Yes,4,Pune
5975,Employee 5975,Male,42,Marketing,Associate,2025-02-02,870539,5,No,Bachelor,Single,1,Yes,1,Chennai
5976,Employee 5976,Male,24,Finance,Manager,2018-10-16,1551566,5,No,Master,Single,4,No,1,Bengaluru
5977,Employee 5977,Female,54,Finance,Executive,2026-06-25,600750,1,No,Master,Married,0,No,2,Pune
5978,Employee 5978,Female,38,IT,Specialist,2016-10-05,1194731,5,No,Master,Single,9,No,5,Hyderabad
5979,Employee 5979,Male,50,Sales,Executive,2015-02-26,1280851,5,No,Master,Married,11,Yes,1,Hyderabad
5980,Employee 5980,Female,37,Operations,Engineer,2016-11-26,1245359,2,No,Master,Married,9,No,2,Ahmedabad
5981,Employee 5981,Male,38,HR,Executive,2025-12-23,1288634,4,No,Diploma,Single,0,Yes,1,Pune
5982,Employee 5982,Male,31,IT,Associate,2022-02-17,1192974,2,No,Diploma,Single,4,Yes,2,Bengaluru
5983,Employee 5983,Female,25,Finance,Associate,2024-07-10,850030,2,No,Diploma,Married,1,Yes,2,Pune
5984,Employee 5984,Female,60,Finance,Analyst,2016-10-07,1553614,4,No,Master,Married,9,No,3,Pune
5985,Employee 5985,Female,58,Operations,Engineer,2022-03-21,1791038,2,No,Diploma,Single,4,Yes,2,Delhi
5986,Employee 5986,Female,49,HR,Manager,2024-07-15,390931,1,No,Bachelor,Married,1,No,3,Delhi
5987,Employee 5987,Male,53,Support,Analyst,2018-09-02,642161,3,Yes,Diploma,Married,7,No,5,Mumbai
5988,Employee 5988,Female,33,HR,Manager,2017-03-04,779881,4,No,Diploma,Single,9,No,4,Delhi
5989,Employee 5989,Female,45,Operations,Analyst,2024-07-10,1743662,4,No,Bachelor,Married,1,No,2,Pune
5990,Employee 5990,Female,23,Sales,Associate,2021-11-29,1635493,2,Yes,Bachelor,Single,3,No,2,Chennai
5991,Employee 5991,Male,31,HR,Engineer,2015-04-06,1108759,5,No,Diploma,Married,11,Yes,4,Chennai
5992,Employee 5992,Male,39,IT,Associate,2022-11-29,1756336,2,No,Diploma,Single,3,Yes,3,Pune
5993,Employee 5993,Female,50,Operations,Associate,2024-04-14,596185,1,No,Master,Married,2,Yes,5,Mumbai
5994,Employee 5994,Male,29,Sales,Specialist,2020-09-05,1652017,5,No,Diploma,Single,5,No,5,Chennai
5995,Employee 5995,Male,36,HR,Analyst,2016-02-10,1538042,1,No,Master,Married,10,No,2,Chennai
5996,Employee 5996,Male,42,Marketing,Associate,2017-09-24,1537645,5,No,Diploma,Married,8,No,1,Mumbai
5997,Employee 5997,Male,26,Finance,Executive,2021-03-28,1047763,5,No,Diploma,Married,5,No,3,Pune
5998,Employee 5998,Female,60,Operations,Associate,2018-08-15,739485,2,No,Bachelor,Married,7,Yes,2,Hyderabad
5999,Employee 5999,Male,47,Finance,Specialist,2021-11-20,1070021,3,No,Diploma,Single,4,Yes,5,Chennai
6000,Employee 6000,Male,26,Finance,Associate,2015-01-02,526567,1,No,Bachelor,Single,6,Yes,5,Ahmedabad
6001,Employee 6001,Male,27,IT,Specialist,2018-11-16,1751373,5,No,Bachelor,Single,7,Yes,4,Pune
6002,Employee 6002,Female,52,Sales,Associate,2018-08-13,1472478,5,No,Bachelor,Married,7,Yes,5,Hyderabad
6003,Employee 6003,Female,22,Marketing,Engineer,2022-06-11,735490,3,No,Diploma,Single,2,Yes,2,Delhi
6004,Employee 6004,Male,35,HR,Manager,2026-05-05,1350975,2,No,Diploma,Married,0,Yes,5,Pune
6005,Employee 6005,Female,45,HR,Specialist,2026-05-25,1313606,1,No,Bachelor,Single,0,No,2,Bengaluru
6006,Employee 6006,Female,37,Support,Executive,2022-03-22,1246293,5,Yes,Master,Married,4,No,5,Pune
6007,Employee 6007,Female,44,HR,Analyst,2024-05-17,1385206,2,Yes,Bachelor,Single,2,No,3,Ahmedabad
6008,Employee 6008,Male,27,Sales,Manager,2022-11-12,796784,2,Yes,Bachelor,Married,3,Yes,5,Delhi
6009,Employee 6009,Male,35,Operations,Specialist,2020-06-23,843943,1,No,Diploma,Married,6,Yes,1,Delhi
6010,Employee 6010,Male,25,HR,Executive,2023-05-16,1153242,3,Yes,Diploma,Married,3,No,3,Bengaluru
6011,Employee 6011,Female,40,Operations,Executive,2019-05-28,267252,1,No,Bachelor,Married,7,Yes,5,Pune
6012,Employee 6012,Female,22,Support,Manager,2026-01-16,1298668,5,No,Bachelor,Single,0,Yes,5,Bengaluru
6013,Employee 6013,Male,49,Sales,Engineer,2016-02-04,355213,1,No,Master,Married,10,Yes,5,Pune
6014,Employee 6014,Female,34,HR,Manager,2022-08-02,1442848,5,No,Master,Married,3,No,1,Chennai
6015,Employee 6015,Female,59,Operations,Executive,2026-03-16,504851,5,No,Diploma,Married,0,No,2,Mumbai
6016,Employee 6016,Female,39,HR,Analyst,2019-06-23,1327319,4,No,Bachelor,Single,7,No,3,Mumbai
6017,Employee 6017,Male,57,Marketing,Engineer,2017-08-21,831898,3,No,Master,Single,8,Yes,1,Mumbai
6018,Employee 6018,Male,45,Operations,Associate,2015-03-05,335928,2,No,Bachelor,Single,11,No,5,Delhi
6019,Employee 6019,Male,55,Sales,Engineer,2018-02-17,640748,3,No,Bachelor,Married,8,No,2,Chennai
6020,Employee 6020,Female,28,Finance,Manager,2018-08-18,480986,5,No,Diploma,Married,7,No,3,Delhi
6021,Employee 6021,Male,41,HR,Manager,2015-06-12,278490,1,No,Master,Single,11,No,2,Chennai
6022,Employee 6022,Male,60,Sales,Analyst,2021-04-01,1722048,3,No,Bachelor,Married,5,No,3,Bengaluru
6023,Employee 6023,Male,56,Operations,Analyst,2019-04-07,1322833,3,No,Master,Single,7,Yes,4,Ahmedabad
6024,Employee 6024,Male,55,Support,Analyst,2019-12-21,1662653,2,Yes,Diploma,Single,6,Yes,1,Hyderabad
6025,Employee 6025,Female,48,Sales,Engineer,2020-07-02,1097391,1,No,Master,Married,6,Yes,2,Pune
6026,Employee 6026,Male,33,Sales,Specialist,2021-10-29,1334851,2,No,Master,Married,4,Yes,3,Mumbai
6027,Employee 6027,Female,36,Operations,Engineer,2024-05-25,1580590,1,No,Master,Single,2,Yes,1,Bengaluru
6028,Employee 6028,Male,39,Finance,Specialist,2020-04-13,1060726,3,No,Master,Single,6,No,1,Hyderabad
6029,Employee 6029,Female,38,Support,Engineer,2021-10-20,1229635,2,No,Diploma,Single,4,Yes,2,Chennai
6030,Employee 6030,Male,49,Operations,Manager,2026-06-23,707470,4,No,Diploma,Single,0,No,1,Bengaluru
6031,Employee 6031,Female,50,Support,Executive,2024-06-29,295939,5,No,Diploma,Single,2,Yes,3,Hyderabad
6032,Employee 6032,Male,30,HR,Specialist,2023-11-20,420539,1,No,Master,Single,2,No,4,Pune
6033,Employee 6033,Male,48,IT,Analyst,2021-10-09,801012,4,Yes,Bachelor,Single,4,No,2,Ahmedabad
6034,Employee 6034,Male,52,Operations,Manager,2018-03-20,1427832,3,Yes,Master,Single,8,No,4,Chennai
6035,Employee 6035,Female,51,Sales,Associate,2019-10-29,1411137,4,No,Bachelor,Single,6,Yes,4,Chennai
6036,Employee 6036,Male,51,Sales,Engineer,2018-04-15,998382,1,No,Diploma,Married,8,Yes,1,Bengaluru
6037,Employee 6037,Female,41,Operations,Analyst,2026-03-15,507887,2,No,Diploma,Married,0,Yes,4,Mumbai
6038,Employee 6038,Male,33,IT,Manager,2016-09-29,1470229,3,No,Master,Single,9,No,3,Hyderabad
6039,Employee 6039,Female,49,Operations,Analyst,2026-06-18,408681,1,No,Diploma,Single,0,Yes,5,Mumbai
6040,Employee 6040,Male,55,IT,Analyst,2023-11-28,266698,2,No,Bachelor,Single,2,Yes,1,Mumbai
6041,Employee 6041,Female,58,Finance,Associate,2017-10-23,273025,2,No,Bachelor,Married,8,No,1,Delhi
6042,Employee 6042,Female,39,IT,Executive,2017-09-12,382574,4,Yes,Bachelor,Single,8,No,5,Ahmedabad
6043,Employee 6043,Female,37,Operations,Engineer,2015-02-28,1337287,4,No,Bachelor,Single,11,No,4,Mumbai
6044,Employee 6044,Female,25,HR,Executive,2022-08-19,609248,1,Yes,Diploma,Married,3,Yes,4,Pune
6045,Employee 6045,Female,43,IT,Specialist,2015-08-13,1058611,3,No,Diploma,Married,10,No,5,Mumbai
6046,Employee 6046,Male,36,IT,Associate,2023-09-27,1412805,2,No,Master,Single,2,Yes,2,Pune
6047,Employee 6047,Male,42,Marketing,Specialist,2022-10-19,1128006,3,No,Master,Married,3,Yes,3,Chennai
6048,Employee 6048,Female,34,HR,Executive,2015-07-17,1726338,4,No,Diploma,Married,10,Yes,4,Mumbai
6049,Employee 6049,Male,39,Finance,Engineer,2020-07-03,878190,4,No,Bachelor,Married,6,No,5,Delhi
6050,Employee 6050,Female,37,Finance,Engineer,2015-07-14,1559733,2,No,Diploma,Single,10,No,2,Chennai
6051,Employee 6051,Male,44,Marketing,Manager,2023-04-08,439658,5,No,Master,Single,3,Yes,5,Hyderabad
6052,Employee 6052,Male,31,Operations,Associate,2020-07-13,394123,1,No,Bachelor,Married,5,No,2,Pune
6053,Employee 6053,Female,23,Support,Engineer,2023-05-27,1596768,3,Yes,Bachelor,Single,3,No,3,Delhi
6054,Employee 6054,Male,28,Operations,Specialist,2026-04-27,1264294,4,Yes,Diploma,Married,0,Yes,3,Bengaluru
6055,Employee 6055,Male,39,HR,Associate,2019-01-02,660460,4,No,Master,Single,7,Yes,3,Delhi
6056,Employee 6056,Male,30,Finance,Engineer,2023-04-09,1355140,3,No,Master,Married,3,No,2,Pune
6057,Employee 6057,Male,47,HR,Engineer,2025-05-31,1570383,3,No,Diploma,Married,1,No,4,Hyderabad
6058,Employee 6058,Male,36,IT,Analyst,2022-09-01,1516907,5,No,Diploma,Married,3,No,2,Bengaluru
6059,Employee 6059,Female,41,Finance,Engineer,2018-10-05,1412480,2,No,Diploma,Single,7,No,2,Hyderabad
6060,Employee 6060,Female,41,Operations,Executive,2015-11-11,1768378,1,No,Diploma,Married,10,Yes,3,Pune
6061,Employee 6061,Male,26,Finance,Analyst,2015-01-24,1150463,5,No,Diploma,Single,6,No,3,Mumbai
6062,Employee 6062,Female,57,Support,Analyst,2016-01-15,1581921,4,Yes,Bachelor,Married,10,Yes,1,Delhi
6063,Employee 6063,Female,29,Marketing,Engineer,2021-12-03,935402,3,No,Bachelor,Single,4,No,2,Ahmedabad
6064,Employee 6064,Female,23,Finance,Associate,2015-11-24,1409282,5,No,Master,Single,3,Yes,2,Hyderabad
6065,Employee 6065,Male,23,Support,Specialist,2020-03-15,1266869,1,No,Diploma,Single,3,No,4,Mumbai
6066,Employee 6066,Male,57,Marketing,Executive,2019-08-30,625169,5,No,Bachelor,Married,6,Yes,3,Ahmedabad
6067,Employee 6067,Female,29,Support,Associate,2018-04-29,432711,4,Yes,Master,Single,8,Yes,4,Mumbai
6068,Employee 6068,Female,58,HR,Analyst,2023-02-04,251900,4,No,Diploma,Married,3,No,4,Bengaluru
6069,Employee 6069,Female,26,Operations,Associate,2023-08-13,1786452,1,No,Bachelor,Married,2,Yes,2,Ahmedabad
6070,Employee 6070,Female,28,Sales,Associate,2023-01-07,412876,1,No,Master,Married,3,No,3,Ahmedabad
6071,Employee 6071,Female,24,IT,Associate,2024-06-07,1396636,1,No,Diploma,Single,2,Yes,2,Ahmedabad
6072,Employee 6072,Male,46,Operations,Associate,2022-06-08,912217,1,No,Bachelor,Single,4,Yes,5,Chennai
6073,Employee 6073,Male,48,IT,Manager,2016-08-30,808957,2,No,Bachelor,Married,9,Yes,3,Bengaluru
6074,Employee 6074,Female,49,Marketing,Associate,2019-04-13,790605,4,No,Diploma,Single,7,Yes,1,Ahmedabad
6075,Employee 6075,Male,44,HR,Executive,2017-11-18,1100450,4,No,Bachelor,Married,8,Yes,5,Hyderabad
6076,Employee 6076,Male,59,IT,Analyst,2017-01-14,1532315,1,No,Bachelor,Married,9,Yes,1,Chennai
6077,Employee 6077,Female,60,HR,Executive,2021-08-14,1316304,1,No,Bachelor,Single,4,Yes,4,Bengaluru
6078,Employee 6078,Female,43,Finance,Executive,2020-01-27,1355139,5,No,Bachelor,Single,6,No,2,Chennai
6079,Employee 6079,Male,22,HR,Engineer,2015-12-16,1163183,4,No,Master,Single,2,No,1,Bengaluru
6080,Employee 6080,Female,21,Finance,Specialist,2019-06-27,1273008,5,No,Bachelor,Single,1,Yes,3,Ahmedabad
6081,Employee 6081,Female,22,Marketing,Analyst,2020-07-27,1064769,5,Yes,Bachelor,Married,2,No,1,Bengaluru
6082,Employee 6082,Male,43,IT,Analyst,2024-07-06,262996,1,No,Bachelor,Married,1,Yes,1,Bengaluru
6083,Employee 6083,Male,48,Support,Manager,2016-02-21,1127040,2,No,Diploma,Married,10,Yes,2,Delhi
6084,Employee 6084,Female,25,Finance,Specialist,2018-03-05,299917,5,No,Diploma,Single,5,Yes,2,Bengaluru
6085,Employee 6085,Female,55,Marketing,Associate,2017-08-11,822647,3,No,Bachelor,Married,8,No,3,Bengaluru
6086,Employee 6086,Female,29,HR,Executive,2017-04-09,1789595,2,No,Bachelor,Single,9,No,4,Hyderabad
6087,Employee 6087,Male,26,Support,Associate,2016-09-12,548891,5,No,Bachelor,Single,6,Yes,4,Pune
6088,Employee 6088,Female,47,Finance,Executive,2017-10-09,1353029,3,No,Bachelor,Single,8,No,5,Ahmedabad
6089,Employee 6089,Female,28,HR,Executive,2025-03-01,1081131,4,No,Master,Single,1,No,2,Ahmedabad
6090,Employee 6090,Male,48,Marketing,Associate,2018-10-21,1549650,5,Yes,Bachelor,Married,7,Yes,1,Delhi
6091,Employee 6091,Male,40,Sales,Executive,2020-05-14,1456635,2,No,Master,Single,6,Yes,2,Hyderabad
6092,Employee 6092,Female,43,Sales,Manager,2021-04-02,1225488,1,No,Bachelor,Single,5,No,5,Ahmedabad
6093,Employee 6093,Female,59,Finance,Specialist,2021-04-29,444310,3,No,Bachelor,Married,5,No,5,Ahmedabad
6094,Employee 6094,Female,59,Operations,Manager,2019-04-17,1584923,4,No,Diploma,Married,7,No,1,Mumbai
6095,Employee 6095,Female,21,Operations,Analyst,2020-02-11,1523527,1,No,Master,Single,1,Yes,1,Hyderabad
6096,Employee 6096,Female,37,Marketing,Specialist,2024-09-12,546681,2,No,Bachelor,Single,1,No,4,Chennai
6097,Employee 6097,Female,26,Support,Executive,2024-04-06,1680867,2,Yes,Diploma,Single,2,Yes,4,Pune
6098,Employee 6098,Male,35,Sales,Associate,2021-04-01,637747,3,No,Master,Single,5,Yes,1,Pune
6099,Employee 6099,Male,36,Support,Executive,2026-05-26,1031862,2,No,Bachelor,Married,0,No,4,Mumbai
6100,Employee 6100,Male,33,Sales,Specialist,2017-05-30,666925,4,No,Master,Single,9,Yes,2,Delhi
6101,Employee 6101,Female,46,Marketing,Executive,2015-08-16,1508881,3,No,Diploma,Married,10,Yes,5,Chennai
6102,Employee 6102,Female,60,HR,Associate,2017-09-23,829158,4,No,Master,Married,8,Yes,4,Chennai
6103,Employee 6103,Female,28,Operations,Manager,2022-05-16,265565,3,No,Bachelor,Married,4,No,5,Delhi
6104,Employee 6104,Female,24,IT,Manager,2017-10-19,364103,5,No,Master,Married,4,No,2,Bengaluru
6105,Employee 6105,Female,56,Finance,Analyst,2025-01-06,337463,5,No,Master,Married,1,No,1,Chennai
6106,Employee 6106,Male,49,Sales,Engineer,2020-01-25,1593740,3,No,Master,Single,6,Yes,1,Pune
6107,Employee 6107,Male,53,Sales,Specialist,2025-11-24,1503325,4,No,Diploma,Married,0,Yes,3,Hyderabad
6108,Employee 6108,Male,34,Operations,Analyst,2015-05-22,674079,3,Yes,Diploma,Married,11,No,3,Chennai
6109,Employee 6109,Male,47,Finance,Executive,2023-04-02,1266672,4,No,Diploma,Single,3,Yes,2,Hyderabad
6110,Employee 6110,Female,57,Marketing,Associate,2017-09-08,1225034,2,No,Master,Married,8,No,4,Delhi
6111,Employee 6111,Female,39,Support,Executive,2023-11-16,1539669,1,No,Master,Single,2,Yes,4,Mumbai
6112,Employee 6112,Male,28,HR,Associate,2019-10-10,1299916,1,No,Master,Married,6,Yes,1,Bengaluru
6113,Employee 6113,Female,38,HR,Manager,2026-04-21,1724220,3,No,Master,Married,0,No,2,Bengaluru
6114,Employee 6114,Female,24,HR,Analyst,2018-09-16,1113825,1,No,Bachelor,Single,4,Yes,4,Mumbai
6115,Employee 6115,Female,58,Marketing,Executive,2017-02-25,932286,5,No,Bachelor,Single,9,No,5,Hyderabad
6116,Employee 6116,Female,24,IT,Associate,2019-09-08,286010,1,No,Diploma,Single,4,No,1,Pune
6117,Employee 6117,Female,53,Marketing,Analyst,2018-02-11,1492172,4,Yes,Master,Married,8,No,3,Chennai
6118,Employee 6118,Male,30,IT,Manager,2023-04-24,1516696,3,No,Master,Single,3,No,3,Chennai
6119,Employee 6119,Male,23,Sales,Manager,2020-10-02,1141662,2,No,Diploma,Single,3,No,1,Mumbai
6120,Employee 6120,Male,60,Marketing,Engineer,2017-10-31,1184835,5,No,Diploma,Single,8,No,1,Pune
6121,Employee 6121,Male,39,Sales,Manager,2015-12-25,1354565,3,No,Bachelor,Single,10,No,5,Pune
6122,Employee 6122,Male,32,HR,Engineer,2026-02-11,1772924,2,No,Master,Married,0,Yes,4,Hyderabad
6123,Employee 6123,Male,43,Finance,Executive,2019-04-11,504573,2,No,Bachelor,Single,7,No,4,Hyderabad
6124,Employee 6124,Female,21,Support,Engineer,2022-01-31,1144123,3,No,Bachelor,Single,1,Yes,2,Bengaluru
6125,Employee 6125,Male,30,Operations,Analyst,2020-02-02,1631002,5,No,Master,Single,6,Yes,4,Chennai
6126,Employee 6126,Female,54,Operations,Executive,2016-07-03,519497,4,No,Diploma,Married,10,Yes,3,Mumbai
6127,Employee 6127,Male,23,HR,Engineer,2023-07-17,803135,3,No,Master,Single,2,Yes,4,Hyderabad
6128,Employee 6128,Male,37,Operations,Associate,2025-01-10,595067,2,No,Bachelor,Single,1,No,1,Ahmedabad
6129,Employee 6129,Female,34,Finance,Manager,2023-09-26,350895,2,No,Diploma,Single,2,Yes,4,Pune
6130,Employee 6130,Female,32,Support,Specialist,2025-08-17,1025020,2,No,Master,Married,0,No,2,Hyderabad
6131,Employee 6131,Female,44,Support,Executive,2015-03-14,449725,2,No,Diploma,Single,11,No,1,Ahmedabad
6132,Employee 6132,Female,56,Finance,Engineer,2017-10-30,289931,1,No,Master,Single,8,Yes,4,Pune
6133,Employee 6133,Male,32,Support,Manager,2017-03-06,333256,5,No,Bachelor,Married,9,Yes,1,Pune
6134,Employee 6134,Female,58,HR,Manager,2025-12-20,256566,5,No,Diploma,Single,0,No,2,Hyderabad
6135,Employee 6135,Female,26,Support,Engineer,2018-06-14,1000299,3,Yes,Bachelor,Married,6,Yes,3,Delhi
6136,Employee 6136,Male,35,Marketing,Analyst,2023-11-24,616970,3,No,Diploma,Single,2,No,3,Hyderabad
6137,Employee 6137,Female,41,IT,Analyst,2016-10-10,892785,3,Yes,Bachelor,Single,9,No,1,Delhi
6138,Employee 6138,Male,40,Support,Analyst,2018-10-12,1691151,4,No,Diploma,Single,7,No,1,Pune
6139,Employee 6139,Female,35,Finance,Executive,2016-08-19,678017,4,No,Diploma,Single,9,No,3,Mumbai
6140,Employee 6140,Male,32,Support,Engineer,2015-08-13,1364347,3,No,Diploma,Single,10,No,1,Bengaluru
6141,Employee 6141,Male,57,Finance,Engineer,2018-01-24,822895,2,No,Bachelor,Married,8,Yes,1,Bengaluru
6142,Employee 6142,Male,29,Sales,Executive,2019-07-31,501544,1,No,Bachelor,Married,6,No,5,Pune
6143,Employee 6143,Male,41,Support,Manager,2023-07-20,1613938,1,No,Master,Single,2,Yes,1,Pune
6144,Employee 6144,Male,45,Support,Executive,2024-05-11,1338376,3,No,Diploma,Married,2,No,1,Hyderabad
6145,Employee 6145,Male,33,Finance,Associate,2023-10-21,281909,4,No,Bachelor,Married,2,Yes,3,Chennai
6146,Employee 6146,Male,48,Operations,Executive,2024-09-10,1453451,4,No,Diploma,Married,1,No,1,Mumbai
6147,Employee 6147,Male,44,Support,Executive,2015-02-05,400060,2,No,Bachelor,Married,11,No,3,Ahmedabad
6148,Employee 6148,Female,22,Finance,Executive,2022-02-14,301229,1,Yes,Master,Single,2,No,1,Mumbai
6149,Employee 6149,Male,60,HR,Manager,2018-02-28,708950,1,Yes,Bachelor,Married,8,Yes,5,Mumbai
6150,Employee 6150,Male,28,HR,Analyst,2023-06-17,1667882,2,Yes,Bachelor,Married,3,No,5,Chennai
6151,Employee 6151,Male,25,Finance,Analyst,2015-04-06,317124,4,No,Diploma,Single,5,Yes,3,Bengaluru
6152,Employee 6152,Male,47,Finance,Associate,2015-02-12,460421,3,No,Master,Married,11,Yes,1,Ahmedabad
6153,Employee 6153,Female,47,Support,Associate,2017-07-14,742725,1,Yes,Master,Single,8,No,4,Chennai
6154,Employee 6154,Male,26,IT,Executive,2022-05-07,1707754,2,No,Bachelor,Single,4,Yes,2,Mumbai
6155,Employee 6155,Female,28,Sales,Associate,2016-12-17,839614,1,No,Master,Married,8,No,4,Chennai
6156,Employee 6156,Female,52,Finance,Analyst,2020-02-09,420787,2,No,Bachelor,Single,6,No,3,Bengaluru
6157,Employee 6157,Male,51,Support,Engineer,2017-07-15,1658603,5,No,Bachelor,Single,8,No,5,Hyderabad
6158,Employee 6158,Male,53,Sales,Executive,2017-10-21,946355,4,No,Bachelor,Single,8,No,3,Bengaluru
6159,Employee 6159,Male,39,Finance,Specialist,2021-01-06,1743587,4,No,Bachelor,Married,5,No,2,Bengaluru
6160,Employee 6160,Female,34,IT,Analyst,2019-11-04,1795419,3,Yes,Diploma,Married,6,No,4,Pune
6161,Employee 6161,Female,23,Marketing,Associate,2021-10-09,1430040,2,No,Bachelor,Married,3,No,3,Mumbai
6162,Employee 6162,Female,55,Support,Engineer,2021-10-12,1395642,1,No,Diploma,Married,4,Yes,5,Mumbai
6163,Employee 6163,Female,27,Operations,Associate,2015-06-30,966108,3,No,Master,Single,7,Yes,5,Mumbai
6164,Employee 6164,Male,32,Sales,Engineer,2016-07-30,1031507,2,No,Master,Married,9,No,1,Ahmedabad
6165,Employee 6165,Male,23,Finance,Manager,2025-05-03,574152,2,No,Bachelor,Single,1,Yes,5,Mumbai
6166,Employee 6166,Female,38,HR,Associate,2026-01-28,1018567,1,No,Diploma,Single,0,Yes,3,Bengaluru
6167,Employee 6167,Female,44,Operations,Associate,2025-05-21,652542,3,Yes,Diploma,Married,1,No,2,Hyderabad
6168,Employee 6168,Male,47,HR,Specialist,2022-10-18,1105210,3,No,Master,Single,3,No,1,Ahmedabad
6169,Employee 6169,Female,47,IT,Executive,2021-04-19,1702237,2,Yes,Master,Married,5,No,2,Chennai
6170,Employee 6170,Male,25,IT,Associate,2025-09-17,359575,1,No,Diploma,Single,0,Yes,1,Ahmedabad
6171,Employee 6171,Female,24,Marketing,Manager,2019-02-14,655994,1,No,Master,Single,4,No,3,Ahmedabad
6172,Employee 6172,Male,24,Operations,Engineer,2019-08-31,1680275,5,Yes,Bachelor,Single,4,Yes,1,Ahmedabad
6173,Employee 6173,Male,39,IT,Executive,2023-08-17,271639,3,No,Diploma,Married,2,Yes,3,Mumbai
6174,Employee 6174,Female,38,Finance,Engineer,2023-05-15,1760746,4,No,Master,Single,3,Yes,3,Mumbai
6175,Employee 6175,Female,27,IT,Specialist,2025-08-29,635080,5,No,Master,Single,0,Yes,3,Ahmedabad
6176,Employee 6176,Male,37,Support,Manager,2018-07-27,541310,3,No,Master,Single,7,No,5,Hyderabad
6177,Employee 6177,Female,27,Finance,Associate,2021-09-21,1659550,1,No,Diploma,Married,4,No,2,Hyderabad
6178,Employee 6178,Male,23,HR,Associate,2026-06-26,377269,3,No,Bachelor,Single,0,No,4,Ahmedabad
6179,Employee 6179,Male,40,IT,Associate,2016-11-21,1324729,3,Yes,Bachelor,Single,9,Yes,2,Hyderabad
6180,Employee 6180,Female,60,Marketing,Executive,2021-08-22,575344,4,Yes,Diploma,Married,4,No,1,Mumbai
6181,Employee 6181,Male,25,Support,Executive,2019-07-17,925499,3,No,Diploma,Married,5,Yes,1,Mumbai
6182,Employee 6182,Male,51,Support,Associate,2020-06-23,284033,1,No,Master,Single,6,Yes,2,Delhi
6183,Employee 6183,Female,26,HR,Manager,2025-10-04,1598903,3,No,Master,Single,0,Yes,1,Delhi
6184,Employee 6184,Female,41,HR,Analyst,2017-06-20,1457072,2,Yes,Bachelor,Single,9,No,2,Ahmedabad
6185,Employee 6185,Female,37,Sales,Associate,2018-06-18,1533360,2,No,Diploma,Single,8,No,2,Chennai
6186,Employee 6186,Female,27,IT,Specialist,2019-10-12,685851,4,No,Diploma,Single,6,Yes,5,Ahmedabad
6187,Employee 6187,Female,46,Sales,Associate,2016-10-13,1285916,5,No,Diploma,Married,9,Yes,2,Mumbai
6188,Employee 6188,Female,32,IT,Engineer,2016-04-04,1159248,1,No,Bachelor,Married,10,No,1,Chennai
6189,Employee 6189,Male,30,Marketing,Analyst,2024-07-25,399285,3,Yes,Master,Single,1,Yes,3,Mumbai
6190,Employee 6190,Male,45,HR,Engineer,2023-12-28,824305,3,No,Diploma,Married,2,No,4,Delhi
6191,Employee 6191,Male,24,IT,Engineer,2025-02-19,526907,1,Yes,Bachelor,Married,1,No,1,Pune
6192,Employee 6192,Female,60,Marketing,Specialist,2018-12-07,678379,2,Yes,Diploma,Single,7,No,2,Bengaluru
6193,Employee 6193,Male,60,Finance,Associate,2017-04-29,514247,5,No,Bachelor,Single,9,Yes,1,Pune
6194,Employee 6194,Male,24,Marketing,Analyst,2019-07-18,1053758,2,No,Diploma,Single,4,No,5,Delhi
6195,Employee 6195,Male,44,Support,Analyst,2019-05-02,831289,3,No,Bachelor,Married,7,No,5,Bengaluru
6196,Employee 6196,Male,37,Support,Specialist,2017-02-15,833196,3,No,Bachelor,Single,9,Yes,3,Chennai
6197,Employee 6197,Female,39,Marketing,Specialist,2017-12-24,620388,4,Yes,Master,Single,8,Yes,4,Pune
6198,Employee 6198,Male,55,HR,Engineer,2019-06-11,978213,2,No,Bachelor,Single,7,Yes,3,Hyderabad
6199,Employee 6199,Male,46,Sales,Associate,2015-03-14,1327298,1,No,Bachelor,Married,11,Yes,2,Bengaluru
6200,Employee 6200,Male,28,Sales,Associate,2016-03-03,1178612,3,No,Diploma,Single,8,No,1,Mumbai
6201,Employee 6201,Male,37,HR,Associate,2023-11-02,563864,1,No,Diploma,Married,2,Yes,5,Hyderabad
6202,Employee 6202,Male,27,Sales,Manager,2016-01-23,1643122,2,No,Bachelor,Married,7,No,3,Pune
6203,Employee 6203,Male,37,Sales,Manager,2020-02-18,1084066,3,No,Bachelor,Single,6,No,1,Ahmedabad
6204,Employee 6204,Female,38,IT,Executive,2020-07-09,1613787,5,No,Master,Single,5,No,2,Pune
6205,Employee 6205,Male,44,IT,Engineer,2022-03-22,1719362,3,Yes,Bachelor,Married,4,Yes,5,Mumbai
6206,Employee 6206,Female,29,IT,Engineer,2022-09-07,678649,2,No,Bachelor,Single,3,Yes,2,Delhi
6207,Employee 6207,Female,23,Support,Manager,2022-09-30,328746,5,Yes,Master,Single,3,No,2,Pune
6208,Employee 6208,Female,58,HR,Specialist,2022-10-03,926210,3,No,Bachelor,Single,3,Yes,3,Ahmedabad
6209,Employee 6209,Male,42,Sales,Executive,2015-04-17,1156241,3,No,Bachelor,Married,11,Yes,1,Hyderabad
6210,Employee 6210,Female,51,Marketing,Executive,2017-08-20,365200,1,No,Master,Single,8,Yes,1,Ahmedabad
6211,Employee 6211,Male,26,HR,Executive,2025-11-14,1266147,1,Yes,Master,Single,0,Yes,5,Hyderabad
6212,Employee 6212,Male,52,Finance,Analyst,2023-09-22,1439920,3,No,Diploma,Married,2,No,5,Hyderabad
6213,Employee 6213,Male,33,IT,Manager,2016-08-14,833275,4,No,Diploma,Single,9,Yes,2,Pune
6214,Employee 6214,Male,31,IT,Engineer,2018-05-26,1778974,3,No,Bachelor,Married,8,No,2,Bengaluru
6215,Employee 6215,Male,33,Finance,Executive,2020-05-21,375876,4,No,Diploma,Single,6,No,5,Delhi
6216,Employee 6216,Female,38,Sales,Executive,2018-08-06,1786225,3,No,Master,Married,7,Yes,3,Hyderabad
6217,Employee 6217,Male,49,HR,Executive,2019-05-10,1234635,4,No,Bachelor,Married,7,No,4,Chennai
6218,Employee 6218,Female,48,Operations,Specialist,2018-07-04,1539357,3,No,Bachelor,Single,8,No,3,Pune
6219,Employee 6219,Male,46,Finance,Engineer,2023-08-27,483316,1,No,Diploma,Single,2,No,2,Bengaluru
6220,Employee 6220,Female,22,Support,Analyst,2020-05-15,1230193,3,No,Bachelor,Married,2,Yes,4,Bengaluru
6221,Employee 6221,Male,25,Operations,Engineer,2018-05-12,1754634,1,No,Diploma,Married,5,Yes,4,Delhi
6222,Employee 6222,Female,58,Support,Specialist,2020-08-20,1799119,3,No,Master,Married,5,No,3,Chennai
6223,Employee 6223,Male,23,Marketing,Executive,2019-08-03,367006,2,No,Master,Married,3,Yes,4,Pune
6224,Employee 6224,Male,46,Marketing,Executive,2023-02-17,580025,2,No,Master,Single,3,No,1,Chennai
6225,Employee 6225,Male,52,IT,Specialist,2024-07-15,1489868,5,Yes,Diploma,Married,1,No,2,Hyderabad
6226,Employee 6226,Female,32,Marketing,Analyst,2022-06-23,1397047,3,No,Diploma,Married,4,No,5,Pune
6227,Employee 6227,Female,44,Finance,Engineer,2021-12-21,850824,3,Yes,Master,Single,4,No,1,Mumbai
6228,Employee 6228,Male,50,Finance,Manager,2015-03-31,1178384,5,No,Diploma,Married,11,No,4,Hyderabad
6229,Employee 6229,Male,40,Operations,Analyst,2018-07-18,1063088,2,No,Master,Single,7,No,4,Hyderabad
6230,Employee 6230,Male,42,Marketing,Engineer,2025-02-05,1577826,5,No,Master,Single,1,No,2,Mumbai
6231,Employee 6231,Male,43,Support,Manager,2017-11-16,849486,3,No,Diploma,Single,8,No,3,Bengaluru
6232,Employee 6232,Female,46,IT,Specialist,2024-07-07,1138367,5,No,Diploma,Married,1,No,2,Hyderabad
6233,Employee 6233,Male,43,Sales,Specialist,2016-03-07,712238,2,Yes,Bachelor,Single,10,No,5,Delhi
6234,Employee 6234,Male,54,Operations,Analyst,2025-10-09,1123655,4,Yes,Master,Single,0,Yes,2,Mumbai
6235,Employee 6235,Male,36,Support,Specialist,2021-06-29,252138,3,No,Master,Single,5,No,2,Mumbai
6236,Employee 6236,Male,56,Marketing,Specialist,2018-11-12,870399,5,No,Master,Married,7,No,5,Pune
6237,Employee 6237,Male,37,Sales,Manager,2020-08-24,357721,4,No,Diploma,Married,5,No,4,Delhi
6238,Employee 6238,Male,39,Operations,Analyst,2017-07-17,1364037,2,No,Bachelor,Single,8,Yes,3,Delhi
6239,Employee 6239,Male,53,Marketing,Engineer,2024-08-02,694441,1,No,Bachelor,Single,1,No,5,Hyderabad
6240,Employee 6240,Female,29,HR,Specialist,2016-05-15,1537452,1,No,Bachelor,Single,9,No,5,Ahmedabad
6241,Employee 6241,Male,36,HR,Engineer,2020-03-24,339659,3,No,Master,Single,6,Yes,5,Pune
6242,Employee 6242,Male,51,Finance,Engineer,2018-08-27,1327986,4,No,Master,Single,7,Yes,4,Mumbai
6243,Employee 6243,Male,55,Operations,Specialist,2018-03-20,920786,4,Yes,Bachelor,Married,8,Yes,4,Bengaluru
6244,Employee 6244,Female,59,Finance,Associate,2017-01-29,471457,1,No,Diploma,Single,9,No,3,Delhi
6245,Employee 6245,Male,26,Finance,Manager,2016-11-09,378068,5,No,Bachelor,Single,6,No,5,Bengaluru
6246,Employee 6246,Female,58,Support,Executive,2017-10-25,1263984,5,No,Bachelor,Married,8,Yes,4,Chennai
6247,Employee 6247,Male,50,HR,Executive,2024-04-24,1635580,1,No,Bachelor,Single,2,No,1,Delhi
6248,Employee 6248,Female,25,Marketing,Specialist,2022-10-01,719028,4,No,Diploma,Married,3,No,1,Hyderabad
6249,Employee 6249,Female,59,Sales,Specialist,2015-01-02,660268,2,Yes,Bachelor,Single,11,Yes,5,Hyderabad
6250,Employee 6250,Female,52,Operations,Associate,2016-10-02,1486183,1,No,Master,Single,9,Yes,1,Mumbai
6251,Employee 6251,Male,53,Support,Associate,2022-10-05,1095809,3,No,Bachelor,Married,3,Yes,4,Chennai
6252,Employee 6252,Male,31,Marketing,Engineer,2018-01-30,778433,2,No,Bachelor,Married,8,Yes,4,Pune
6253,Employee 6253,Male,24,HR,Engineer,2016-06-03,1199243,1,No,Diploma,Single,4,No,4,Bengaluru
6254,Employee 6254,Male,24,HR,Specialist,2025-02-08,941978,1,No,Diploma,Single,1,Yes,5,Hyderabad
6255,Employee 6255,Female,51,Finance,Analyst,2015-02-24,475057,4,No,Bachelor,Married,11,No,2,Ahmedabad
6256,Employee 6256,Male,49,HR,Manager,2025-07-05,788099,1,No,Bachelor,Single,0,Yes,1,Chennai
6257,Employee 6257,Male,40,IT,Engineer,2019-08-28,1019553,2,No,Diploma,Married,6,Yes,3,Pune
6258,Employee 6258,Male,34,Operations,Engineer,2017-08-28,1714407,3,No,Bachelor,Single,8,No,2,Hyderabad
6259,Employee 6259,Female,22,IT,Executive,2018-01-15,337434,1,No,Master,Single,2,Yes,1,Mumbai
6260,Employee 6260,Female,47,HR,Executive,2015-08-11,932749,3,Yes,Bachelor,Married,10,No,3,Hyderabad
6261,Employee 6261,Female,34,Finance,Specialist,2025-07-28,1728304,3,No,Bachelor,Single,0,No,4,Delhi
6262,Employee 6262,Male,54,Finance,Analyst,2026-02-05,1454453,1,No,Bachelor,Married,0,No,4,Delhi
6263,Employee 6263,Female,39,Sales,Analyst,2015-10-23,921432,1,No,Bachelor,Married,10,No,5,Bengaluru
6264,Employee 6264,Female,54,IT,Executive,2025-11-08,1603015,2,Yes,Diploma,Married,0,No,3,Ahmedabad
6265,Employee 6265,Male,38,Finance,Executive,2019-09-15,1766105,4,Yes,Diploma,Married,6,No,4,Mumbai
6266,Employee 6266,Male,58,Support,Engineer,2025-08-16,1280577,2,No,Bachelor,Married,0,Yes,2,Pune
6267,Employee 6267,Male,60,Sales,Manager,2018-08-08,1347212,5,No,Master,Married,7,No,5,Delhi
6268,Employee 6268,Male,42,Marketing,Associate,2022-01-29,1727109,2,No,Master,Married,4,Yes,3,Delhi
6269,Employee 6269,Male,26,Support,Specialist,2015-11-25,1587062,2,No,Diploma,Married,6,Yes,3,Hyderabad
6270,Employee 6270,Male,43,Sales,Engineer,2019-05-21,1408179,3,Yes,Diploma,Single,7,Yes,4,Hyderabad
6271,Employee 6271,Female,51,IT,Manager,2015-06-03,1661084,5,No,Diploma,Married,11,No,2,Mumbai
6272,Employee 6272,Female,35,Marketing,Associate,2025-12-25,1753476,3,No,Bachelor,Single,0,Yes,5,Chennai
6273,Employee 6273,Female,32,Operations,Associate,2017-06-07,1142301,5,No,Master,Married,9,No,5,Ahmedabad
6274,Employee 6274,Male,50,IT,Specialist,2022-05-17,1658077,4,Yes,Master,Single,4,Yes,3,Ahmedabad
6275,Employee 6275,Male,26,Sales,Specialist,2016-08-20,274169,5,No,Bachelor,Married,6,No,5,Pune
6276,Employee 6276,Male,21,Operations,Executive,2020-04-15,371696,4,No,Diploma,Single,1,Yes,3,Pune
6277,Employee 6277,Male,37,Finance,Specialist,2024-03-16,1182645,4,No,Diploma,Married,2,No,1,Bengaluru
6278,Employee 6278,Female,37,Finance,Specialist,2022-03-21,894962,2,No,Diploma,Single,4,No,4,Mumbai
6279,Employee 6279,Female,58,HR,Manager,2021-05-14,1740497,5,No,Master,Married,5,No,3,Ahmedabad
6280,Employee 6280,Female,60,Support,Analyst,2022-01-07,578151,5,No,Master,Married,4,Yes,5,Hyderabad
6281,Employee 6281,Female,21,HR,Engineer,2016-05-30,530990,3,Yes,Diploma,Single,1,Yes,2,Chennai
6282,Employee 6282,Female,46,Support,Executive,2015-08-18,1197108,1,No,Master,Married,10,Yes,5,Ahmedabad
6283,Employee 6283,Female,30,Support,Specialist,2015-08-14,1292402,1,No,Diploma,Single,10,Yes,1,Hyderabad
6284,Employee 6284,Female,50,Finance,Executive,2025-07-04,860069,2,Yes,Diploma,Married,0,No,4,Ahmedabad
6285,Employee 6285,Female,57,Sales,Manager,2020-04-14,1312785,3,No,Diploma,Married,6,No,5,Bengaluru
6286,Employee 6286,Male,58,HR,Executive,2019-05-04,1717791,4,No,Diploma,Married,7,No,1,Mumbai
6287,Employee 6287,Female,35,Support,Associate,2023-12-16,1313333,4,No,Master,Married,2,No,4,Chennai
6288,Employee 6288,Male,58,Finance,Associate,2017-02-16,584624,3,No,Diploma,Married,9,Yes,5,Bengaluru
6289,Employee 6289,Male,39,IT,Specialist,2021-07-24,1655083,2,No,Bachelor,Single,4,No,4,Bengaluru
6290,Employee 6290,Male,24,Operations,Associate,2017-03-29,929386,3,No,Master,Married,4,Yes,4,Bengaluru
6291,Employee 6291,Male,60,Marketing,Manager,2022-08-23,1025639,3,No,Bachelor,Married,3,Yes,1,Bengaluru
6292,Employee 6292,Female,27,IT,Manager,2019-12-10,274082,5,No,Master,Single,6,Yes,4,Ahmedabad
6293,Employee 6293,Female,49,Sales,Executive,2021-11-09,1320565,2,No,Master,Single,4,No,3,Hyderabad
6294,Employee 6294,Male,27,IT,Executive,2024-01-18,1725269,5,No,Diploma,Married,2,Yes,1,Pune
6295,Employee 6295,Male,37,IT,Analyst,2018-01-02,494369,2,No,Bachelor,Married,8,Yes,3,Bengaluru
6296,Employee 6296,Female,41,IT,Manager,2019-08-30,319166,4,No,Diploma,Single,6,No,1,Delhi
6297,Employee 6297,Male,29,IT,Executive,2015-01-30,866977,4,No,Bachelor,Single,9,Yes,3,Hyderabad
6298,Employee 6298,Female,28,Operations,Associate,2020-12-23,716546,3,No,Diploma,Married,5,Yes,3,Ahmedabad
6299,Employee 6299,Male,22,Operations,Specialist,2025-12-13,544514,1,No,Diploma,Married,0,Yes,2,Hyderabad
6300,Employee 6300,Male,44,IT,Engineer,2025-10-05,1659922,5,No,Diploma,Single,0,No,4,Ahmedabad
6301,Employee 6301,Female,48,Support,Specialist,2019-10-24,1525858,2,No,Master,Single,6,Yes,1,Mumbai
6302,Employee 6302,Male,24,Sales,Engineer,2016-04-09,263470,4,No,Master,Single,4,No,2,Ahmedabad
6303,Employee 6303,Male,39,HR,Analyst,2018-01-25,911715,4,No,Master,Married,8,Yes,3,Delhi
6304,Employee 6304,Female,45,Marketing,Engineer,2023-08-22,380231,1,No,Bachelor,Single,2,Yes,2,Chennai
6305,Employee 6305,Male,43,HR,Associate,2022-12-09,446493,1,No,Master,Married,3,No,4,Mumbai
6306,Employee 6306,Female,25,Support,Specialist,2021-12-27,1035289,4,No,Master,Single,4,Yes,1,Hyderabad
6307,Employee 6307,Female,23,Marketing,Associate,2021-04-27,1684508,2,No,Bachelor,Married,3,Yes,4,Pune
6308,Employee 6308,Male,33,Finance,Associate,2021-05-26,1790604,4,No,Master,Single,5,No,5,Hyderabad
6309,Employee 6309,Male,23,HR,Manager,2016-04-07,1566476,3,No,Diploma,Single,3,No,5,Ahmedabad
6310,Employee 6310,Male,43,Operations,Manager,2018-08-02,860028,2,Yes,Bachelor,Married,7,Yes,2,Bengaluru
6311,Employee 6311,Female,44,Operations,Specialist,2026-06-27,728212,5,No,Bachelor,Married,0,No,1,Mumbai
6312,Employee 6312,Female,40,Sales,Analyst,2020-09-16,1075851,4,No,Bachelor,Married,5,Yes,1,Delhi
6313,Employee 6313,Female,47,Finance,Executive,2021-04-29,874765,4,No,Diploma,Married,5,Yes,3,Ahmedabad
6314,Employee 6314,Female,60,Marketing,Associate,2020-10-24,710793,3,No,Bachelor,Single,5,Yes,1,Delhi
6315,Employee 6315,Female,40,IT,Executive,2017-01-27,387238,4,No,Bachelor,Married,9,No,5,Mumbai
6316,Employee 6316,Female,46,Marketing,Engineer,2025-03-10,849039,4,No,Bachelor,Married,1,Yes,3,Delhi
6317,Employee 6317,Female,46,Support,Executive,2025-09-09,1389412,2,No,Master,Single,0,No,2,Pune
6318,Employee 6318,Female,51,IT,Executive,2022-06-22,1499708,1,No,Bachelor,Single,4,Yes,4,Chennai
6319,Employee 6319,Female,37,Support,Engineer,2018-10-05,1185060,3,Yes,Diploma,Married,7,No,3,Bengaluru
6320,Employee 6320,Male,25,Marketing,Specialist,2026-05-06,984243,3,No,Bachelor,Single,0,Yes,5,Hyderabad
6321,Employee 6321,Male,31,Support,Associate,2024-01-11,1599428,5,No,Master,Married,2,No,2,Chennai
6322,Employee 6322,Male,42,Marketing,Specialist,2017-07-09,1642113,2,Yes,Master,Single,8,Yes,4,Mumbai
6323,Employee 6323,Female,36,Support,Executive,2018-06-16,1158152,5,No,Bachelor,Single,8,Yes,4,Pune
6324,Employee 6324,Female,42,IT,Analyst,2016-07-20,1694519,5,No,Master,Single,9,No,2,Mumbai
6325,Employee 6325,Male,55,HR,Engineer,2017-03-17,1599850,1,No,Diploma,Married,9,Yes,4,Mumbai
6326,Employee 6326,Female,33,Operations,Engineer,2016-09-22,1360131,2,No,Diploma,Single,9,No,2,Pune
6327,Employee 6327,Female,41,Operations,Executive,2018-01-15,1731991,3,No,Bachelor,Married,8,Yes,5,Bengaluru
6328,Employee 6328,Male,21,Finance,Specialist,2022-08-05,661934,5,No,Bachelor,Married,1,Yes,5,Bengaluru
6329,Employee 6329,Female,47,HR,Executive,2017-01-09,329461,4,Yes,Diploma,Single,9,Yes,1,Pune
6330,Employee 6330,Female,60,Marketing,Specialist,2017-04-03,1769922,1,Yes,Master,Married,9,Yes,2,Chennai
6331,Employee 6331,Male,22,Operations,Executive,2017-03-26,611793,3,Yes,Diploma,Married,2,Yes,2,Chennai
6332,Employee 6332,Male,60,IT,Engineer,2015-03-05,1105240,2,No,Diploma,Single,11,No,4,Chennai
6333,Employee 6333,Male,34,Finance,Manager,2019-08-18,1186176,2,Yes,Diploma,Single,6,Yes,1,Hyderabad
6334,Employee 6334,Female,53,Finance,Executive,2018-06-30,467875,5,No,Bachelor,Single,8,Yes,1,Mumbai
6335,Employee 6335,Male,25,Support,Associate,2020-03-04,1213776,5,No,Bachelor,Married,5,No,3,Pune
6336,Employee 6336,Female,35,Marketing,Specialist,2022-02-23,1344935,1,No,Master,Married,4,Yes,4,Bengaluru
6337,Employee 6337,Male,21,IT,Engineer,2021-01-20,1371977,2,No,Master,Single,1,No,3,Hyderabad
6338,Employee 6338,Female,46,IT,Associate,2020-02-13,286689,4,No,Diploma,Married,6,Yes,1,Ahmedabad
6339,Employee 6339,Male,58,Marketing,Specialist,2018-08-16,1376776,4,No,Master,Single,7,Yes,2,Chennai
6340,Employee 6340,Female,23,Operations,Associate,2020-11-09,370980,4,Yes,Master,Single,3,Yes,1,Hyderabad
6341,Employee 6341,Male,55,Operations,Engineer,2024-12-18,350044,1,No,Master,Married,1,Yes,1,Pune
6342,Employee 6342,Male,40,Sales,Executive,2025-07-30,1144683,1,No,Bachelor,Married,0,No,5,Mumbai
6343,Employee 6343,Male,53,Finance,Associate,2023-09-20,484351,3,No,Bachelor,Married,2,Yes,5,Bengaluru
6344,Employee 6344,Male,29,Sales,Specialist,2025-05-26,1295585,4,No,Master,Single,1,Yes,5,Hyderabad
6345,Employee 6345,Male,47,Sales,Engineer,2021-05-15,594073,1,No,Bachelor,Married,5,Yes,1,Mumbai
6346,Employee 6346,Male,50,IT,Analyst,2025-03-21,775922,4,No,Master,Married,1,No,1,Pune
6347,Employee 6347,Male,42,Support,Analyst,2022-09-20,638202,5,No,Master,Single,3,Yes,1,Bengaluru
6348,Employee 6348,Female,52,Support,Engineer,2026-01-25,1180967,4,No,Bachelor,Married,0,Yes,3,Ahmedabad
6349,Employee 6349,Female,52,IT,Analyst,2024-07-31,1706498,1,No,Bachelor,Married,1,Yes,5,Ahmedabad
6350,Employee 6350,Female,27,IT,Manager,2024-10-29,1023279,2,No,Bachelor,Single,1,Yes,2,Mumbai
6351,Employee 6351,Male,39,Operations,Manager,2022-07-03,1477280,3,No,Master,Single,4,No,5,Pune
6352,Employee 6352,Female,54,IT,Engineer,2016-07-14,287300,1,No,Bachelor,Single,9,No,4,Delhi
6353,Employee 6353,Male,21,Finance,Analyst,2023-01-04,1724938,3,No,Bachelor,Married,1,No,4,Mumbai
6354,Employee 6354,Male,31,HR,Analyst,2017-02-10,916889,1,No,Bachelor,Single,9,No,5,Hyderabad
6355,Employee 6355,Female,36,Sales,Engineer,2023-05-21,1354137,2,No,Bachelor,Single,3,Yes,4,Chennai
6356,Employee 6356,Female,52,Sales,Executive,2020-05-31,1559848,2,No,Master,Married,6,No,4,Mumbai
6357,Employee 6357,Male,46,IT,Manager,2019-07-02,1618818,3,No,Bachelor,Married,7,Yes,2,Mumbai
6358,Employee 6358,Male,37,Sales,Engineer,2018-04-21,954797,3,No,Bachelor,Single,8,Yes,1,Pune
6359,Employee 6359,Female,29,Marketing,Associate,2022-09-27,1169953,4,Yes,Master,Married,3,No,3,Hyderabad
6360,Employee 6360,Male,38,HR,Analyst,2023-06-23,888663,1,Yes,Diploma,Married,3,Yes,5,Ahmedabad
6361,Employee 6361,Female,29,Sales,Analyst,2018-12-26,1452493,1,No,Bachelor,Single,7,Yes,5,Ahmedabad
6362,Employee 6362,Female,26,Operations,Associate,2025-05-07,1387149,3,No,Bachelor,Married,1,Yes,5,Hyderabad
6363,Employee 6363,Female,21,Marketing,Analyst,2023-11-03,1302374,5,No,Bachelor,Married,1,No,3,Hyderabad
6364,Employee 6364,Male,26,Finance,Executive,2023-01-05,1707350,3,No,Master,Married,3,No,5,Ahmedabad
6365,Employee 6365,Female,54,Support,Executive,2021-03-14,1378776,3,No,Diploma,Single,5,No,2,Chennai
6366,Employee 6366,Male,44,HR,Analyst,2026-05-30,402171,5,No,Master,Married,0,Yes,3,Hyderabad
6367,Employee 6367,Female,30,HR,Specialist,2017-11-07,647164,4,No,Diploma,Single,8,No,2,Delhi
6368,Employee 6368,Male,24,HR,Executive,2022-10-19,785296,5,No,Diploma,Married,3,No,5,Chennai
6369,Employee 6369,Male,43,Operations,Specialist,2015-12-20,1686771,5,No,Diploma,Married,10,No,4,Mumbai
6370,Employee 6370,Female,44,Sales,Manager,2023-05-08,1374042,2,No,Bachelor,Married,3,No,2,Ahmedabad
6371,Employee 6371,Male,30,Sales,Analyst,2024-08-21,937894,1,No,Master,Married,1,No,2,Delhi
6372,Employee 6372,Female,55,Marketing,Manager,2015-08-25,1654873,5,Yes,Diploma,Single,10,No,3,Pune
6373,Employee 6373,Male,43,Support,Manager,2021-03-12,1035340,1,No,Diploma,Married,5,No,2,Pune
6374,Employee 6374,Female,25,IT,Executive,2021-02-19,1265171,5,No,Master,Married,5,No,3,Pune
6375,Employee 6375,Male,28,Marketing,Specialist,2021-12-02,602660,2,Yes,Bachelor,Married,4,No,4,Delhi
6376,Employee 6376,Female,36,Support,Analyst,2019-08-21,686424,1,No,Master,Single,6,No,3,Delhi
6377,Employee 6377,Male,54,Operations,Specialist,2022-12-10,540256,5,No,Master,Single,3,Yes,3,Hyderabad
6378,Employee 6378,Female,31,Operations,Executive,2026-03-19,600990,3,No,Master,Single,0,No,5,Ahmedabad
6379,Employee 6379,Female,37,Support,Manager,2020-11-08,1643489,4,No,Diploma,Single,5,No,2,Bengaluru
6380,Employee 6380,Female,37,Finance,Analyst,2020-06-22,742519,3,No,Bachelor,Single,6,No,1,Bengaluru
6381,Employee 6381,Male,59,Finance,Executive,2015-10-12,632217,3,No,Master,Married,10,Yes,3,Chennai
6382,Employee 6382,Female,29,Marketing,Engineer,2021-01-17,1131171,2,No,Diploma,Single,5,No,3,Pune
6383,Employee 6383,Female,24,Operations,Specialist,2020-01-30,1274976,4,No,Master,Single,4,Yes,2,Pune
6384,Employee 6384,Female,48,Sales,Specialist,2022-07-11,718696,3,No,Diploma,Single,3,No,3,Bengaluru
6385,Employee 6385,Male,23,IT,Engineer,2016-10-26,944963,1,No,Master,Married,3,No,1,Mumbai
6386,Employee 6386,Female,45,HR,Specialist,2015-09-15,1032567,2,No,Diploma,Married,10,Yes,4,Mumbai
6387,Employee 6387,Female,45,Support,Engineer,2016-02-02,1376052,4,No,Diploma,Married,10,Yes,2,Mumbai
6388,Employee 6388,Male,25,IT,Executive,2018-01-30,744088,4,Yes,Master,Married,5,Yes,3,Chennai
6389,Employee 6389,Male,36,HR,Specialist,2019-12-12,1565498,5,No,Master,Married,6,No,3,Bengaluru
6390,Employee 6390,Female,41,IT,Manager,2018-11-19,1743755,3,No,Master,Single,7,No,2,Pune
6391,Employee 6391,Male,52,IT,Specialist,2016-03-03,587524,5,No,Diploma,Single,10,No,1,Pune
6392,Employee 6392,Female,40,Sales,Manager,2017-03-21,606556,1,No,Master,Married,9,No,5,Delhi
6393,Employee 6393,Male,45,IT,Manager,2018-06-14,1194162,2,No,Bachelor,Married,8,Yes,3,Chennai
6394,Employee 6394,Female,28,Sales,Analyst,2021-07-28,493141,4,No,Diploma,Married,4,Yes,2,Chennai
6395,Employee 6395,Female,49,Marketing,Manager,2021-11-21,1481239,4,Yes,Bachelor,Single,4,No,4,Ahmedabad
6396,Employee 6396,Female,45,Operations,Associate,2024-09-22,966867,2,No,Bachelor,Married,1,Yes,5,Chennai
6397,Employee 6397,Female,35,Operations,Specialist,2016-02-17,1680404,1,No,Diploma,Married,10,Yes,1,Delhi
6398,Employee 6398,Female,60,Finance,Specialist,2025-04-13,876060,2,No,Bachelor,Single,1,No,5,Delhi
6399,Employee 6399,Female,46,Sales,Manager,2020-08-31,1046591,1,Yes,Master,Single,5,No,3,Bengaluru
6400,Employee 6400,Female,49,HR,Associate,2018-11-14,1051290,5,No,Bachelor,Married,7,No,3,Ahmedabad
6401,Employee 6401,Female,45,Marketing,Engineer,2015-04-21,573996,1,No,Diploma,Married,11,No,5,Bengaluru
6402,Employee 6402,Male,44,Marketing,Specialist,2023-04-24,1687398,2,No,Bachelor,Single,3,No,4,Bengaluru
6403,Employee 6403,Male,55,IT,Analyst,2019-06-20,591311,2,No,Bachelor,Single,7,No,5,Chennai
6404,Employee 6404,Female,49,Marketing,Analyst,2020-11-15,858500,2,No,Master,Single,5,No,1,Mumbai
6405,Employee 6405,Male,34,HR,Analyst,2023-11-07,919037,4,No,Diploma,Single,2,Yes,5,Ahmedabad
6406,Employee 6406,Male,58,Support,Executive,2021-10-01,589876,2,Yes,Bachelor,Single,4,No,2,Ahmedabad
6407,Employee 6407,Female,55,Finance,Associate,2017-04-20,1770169,3,No,Diploma,Single,9,Yes,5,Bengaluru
6408,Employee 6408,Female,28,Marketing,Specialist,2025-03-18,1610562,1,No,Master,Single,1,No,2,Hyderabad
6409,Employee 6409,Male,30,Operations,Engineer,2020-12-08,492379,4,No,Bachelor,Married,5,Yes,2,Ahmedabad
6410,Employee 6410,Male,35,IT,Engineer,2021-10-03,962931,5,No,Bachelor,Single,4,Yes,4,Pune
6411,Employee 6411,Female,36,Support,Executive,2018-05-09,828564,1,No,Master,Single,8,Yes,1,Ahmedabad
6412,Employee 6412,Female,41,Operations,Executive,2026-04-26,1119509,5,No,Master,Married,0,Yes,3,Bengaluru
6413,Employee 6413,Male,31,Finance,Specialist,2021-12-21,838958,3,No,Bachelor,Single,4,Yes,4,Hyderabad
6414,Employee 6414,Female,56,IT,Specialist,2023-10-19,1440634,5,No,Bachelor,Single,2,No,2,Bengaluru
6415,Employee 6415,Male,49,Marketing,Manager,2019-07-08,588221,3,No,Bachelor,Single,6,Yes,1,Delhi
6416,Employee 6416,Female,25,Support,Specialist,2016-05-15,1316573,5,No,Diploma,Married,5,Yes,1,Bengaluru
6417,Employee 6417,Male,55,IT,Executive,2022-11-18,309399,3,No,Master,Single,3,No,5,Delhi
6418,Employee 6418,Female,41,Marketing,Manager,2016-09-12,573805,1,No,Bachelor,Single,9,No,1,Hyderabad
6419,Employee 6419,Female,45,Sales,Engineer,2020-08-26,875905,4,No,Diploma,Single,5,No,1,Bengaluru
6420,Employee 6420,Female,21,IT,Specialist,2025-08-01,872881,3,Yes,Master,Married,0,Yes,4,Pune
6421,Employee 6421,Female,44,HR,Analyst,2023-01-19,921488,2,Yes,Master,Single,3,Yes,5,Bengaluru
6422,Employee 6422,Male,45,IT,Engineer,2015-04-15,325729,2,Yes,Bachelor,Married,11,No,5,Hyderabad
6423,Employee 6423,Female,53,IT,Executive,2025-08-26,709959,2,No,Bachelor,Single,0,No,3,Hyderabad
6424,Employee 6424,Female,40,HR,Specialist,2023-02-21,1766718,3,Yes,Master,Single,3,No,5,Hyderabad
6425,Employee 6425,Female,34,Finance,Associate,2020-08-26,1762758,2,No,Master,Married,5,No,3,Mumbai
6426,Employee 6426,Female,28,IT,Engineer,2018-08-18,1773657,4,Yes,Master,Single,7,Yes,3,Mumbai
6427,Employee 6427,Female,33,Support,Manager,2018-09-13,1388709,5,Yes,Bachelor,Married,7,No,3,Chennai
6428,Employee 6428,Male,60,Finance,Specialist,2025-08-22,919920,4,Yes,Master,Single,0,Yes,3,Pune
6429,Employee 6429,Female,26,Marketing,Executive,2022-10-21,1083430,2,No,Diploma,Married,3,No,1,Mumbai
6430,Employee 6430,Male,45,IT,Specialist,2026-03-31,1402754,1,No,Diploma,Single,0,Yes,5,Pune
6431,Employee 6431,Female,58,Finance,Analyst,2023-01-15,1238484,5,No,Diploma,Married,3,No,1,Pune
6432,Employee 6432,Male,38,Marketing,Manager,2019-07-06,1191946,3,Yes,Master,Married,6,Yes,3,Hyderabad
6433,Employee 6433,Female,51,Marketing,Analyst,2019-09-15,1405421,3,No,Bachelor,Single,6,Yes,5,Ahmedabad
6434,Employee 6434,Female,31,Marketing,Manager,2021-06-01,449037,4,No,Master,Single,5,Yes,2,Mumbai
6435,Employee 6435,Female,30,Sales,Executive,2019-11-27,729200,5,No,Diploma,Single,6,Yes,4,Mumbai
6436,Employee 6436,Male,58,Operations,Engineer,2022-01-05,662723,3,No,Master,Married,4,No,1,Bengaluru
6437,Employee 6437,Male,46,Support,Specialist,2015-03-18,942885,5,Yes,Diploma,Single,11,No,5,Hyderabad
6438,Employee 6438,Female,26,Finance,Manager,2024-01-06,1664869,1,No,Diploma,Married,2,Yes,5,Pune
6439,Employee 6439,Female,22,Operations,Manager,2021-12-31,1253341,5,No,Master,Married,2,Yes,5,Chennai
6440,Employee 6440,Female,36,IT,Engineer,2022-07-19,1372042,4,No,Diploma,Single,3,Yes,1,Hyderabad
6441,Employee 6441,Female,45,Operations,Analyst,2022-07-02,1362221,1,No,Bachelor,Married,4,No,4,Bengaluru
6442,Employee 6442,Male,38,IT,Specialist,2022-08-11,1612187,4,No,Diploma,Married,3,No,3,Chennai
6443,Employee 6443,Male,29,Sales,Executive,2016-03-07,744164,1,No,Bachelor,Single,9,Yes,2,Hyderabad
6444,Employee 6444,Female,36,Sales,Specialist,2020-09-11,1689451,2,No,Bachelor,Single,5,Yes,1,Bengaluru
6445,Employee 6445,Male,35,HR,Manager,2015-07-24,1544848,4,No,Master,Single,10,No,3,Delhi
6446,Employee 6446,Male,32,Operations,Analyst,2018-11-11,738701,1,No,Master,Single,7,No,4,Delhi
6447,Employee 6447,Male,36,HR,Analyst,2025-09-07,1780628,3,No,Master,Single,0,Yes,1,Delhi
6448,Employee 6448,Female,21,Operations,Associate,2019-01-29,379640,5,No,Diploma,Married,1,Yes,3,Delhi
6449,Employee 6449,Female,60,Support,Executive,2022-07-07,1296230,3,No,Bachelor,Married,3,No,3,Chennai
6450,Employee 6450,Male,57,Support,Engineer,2025-07-17,1284087,1,No,Diploma,Single,0,No,2,Pune
6451,Employee 6451,Female,46,Finance,Manager,2021-02-09,1252365,5,No,Master,Married,5,Yes,4,Chennai
6452,Employee 6452,Female,39,Sales,Specialist,2017-12-28,900715,1,No,Bachelor,Single,8,No,3,Chennai
6453,Employee 6453,Female,50,Finance,Analyst,2015-07-04,1393927,2,No,Diploma,Single,11,No,5,Pune
6454,Employee 6454,Female,50,IT,Engineer,2017-07-02,463531,4,No,Bachelor,Married,9,No,2,Chennai
6455,Employee 6455,Male,25,IT,Analyst,2024-03-25,1567893,3,No,Master,Married,2,No,3,Hyderabad
6456,Employee 6456,Female,57,IT,Associate,2025-05-09,1209876,2,No,Bachelor,Single,1,Yes,5,Hyderabad
6457,Employee 6457,Male,60,IT,Specialist,2015-05-03,714221,3,No,Diploma,Married,11,No,3,Bengaluru
6458,Employee 6458,Female,33,IT,Associate,2026-05-19,1286434,1,No,Bachelor,Single,0,Yes,2,Ahmedabad
6459,Employee 6459,Female,44,IT,Specialist,2023-02-18,730761,4,No,Bachelor,Married,3,No,1,Mumbai
6460,Employee 6460,Male,25,Marketing,Engineer,2017-10-03,334460,5,No,Bachelor,Single,5,No,2,Chennai
6461,Employee 6461,Male,53,Sales,Executive,2024-11-02,1384495,2,No,Diploma,Married,1,Yes,5,Hyderabad
6462,Employee 6462,Male,25,Support,Engineer,2018-02-01,490440,2,No,Master,Married,5,No,1,Chennai
6463,Employee 6463,Male,46,Support,Executive,2018-12-12,375677,3,No,Master,Single,7,No,4,Ahmedabad
6464,Employee 6464,Male,58,Marketing,Analyst,2021-12-25,613719,2,No,Diploma,Single,4,Yes,3,Ahmedabad
6465,Employee 6465,Male,32,Support,Analyst,2019-04-26,1767253,2,No,Diploma,Married,7,No,2,Chennai
6466,Employee 6466,Female,52,Operations,Manager,2025-04-27,1507719,1,Yes,Diploma,Single,1,No,5,Hyderabad
6467,Employee 6467,Female,32,Support,Manager,2023-07-23,272241,1,No,Diploma,Married,2,Yes,2,Chennai
6468,Employee 6468,Female,48,Finance,Analyst,2017-05-14,584839,5,No,Bachelor,Single,9,No,3,Delhi
6469,Employee 6469,Female,31,Operations,Specialist,2024-10-17,1175171,4,No,Bachelor,Married,1,No,1,Pune
6470,Employee 6470,Female,22,IT,Manager,2016-07-17,1235998,2,No,Diploma,Married,2,Yes,4,Pune
6471,Employee 6471,Male,31,Marketing,Associate,2021-03-06,1357062,5,No,Diploma,Married,5,No,4,Hyderabad
6472,Employee 6472,Female,25,Sales,Engineer,2024-10-29,1218860,3,Yes,Diploma,Married,1,No,3,Hyderabad
6473,Employee 6473,Male,57,Support,Engineer,2018-03-19,685202,1,No,Master,Married,8,No,2,Bengaluru
6474,Employee 6474,Female,36,Marketing,Manager,2018-10-30,1234773,5,Yes,Master,Single,7,Yes,1,Delhi
6475,Employee 6475,Male,41,Operations,Associate,2022-10-24,317024,4,No,Master,Married,3,Yes,4,Ahmedabad
6476,Employee 6476,Female,29,Operations,Associate,2021-11-27,281500,3,No,Diploma,Married,4,Yes,2,Ahmedabad
6477,Employee 6477,Female,34,HR,Executive,2022-04-05,1772384,1,No,Bachelor,Single,4,No,5,Mumbai
6478,Employee 6478,Female,33,Support,Manager,2019-04-21,366767,1,No,Diploma,Single,7,No,2,Delhi
6479,Employee 6479,Male,42,Sales,Analyst,2015-03-11,657290,2,No,Bachelor,Married,11,No,4,Pune
6480,Employee 6480,Male,31,Operations,Executive,2015-08-03,1058485,2,No,Diploma,Married,10,Yes,4,Ahmedabad
6481,Employee 6481,Female,53,HR,Executive,2017-08-04,814190,3,No,Master,Single,8,Yes,4,Ahmedabad
6482,Employee 6482,Female,50,Support,Manager,2019-04-29,635642,4,No,Master,Single,7,Yes,1,Delhi
6483,Employee 6483,Male,51,Marketing,Analyst,2016-06-18,1603134,5,No,Diploma,Married,10,Yes,4,Ahmedabad
6484,Employee 6484,Male,55,Operations,Engineer,2021-04-25,1112496,5,No,Bachelor,Married,5,Yes,4,Ahmedabad
6485,Employee 6485,Male,50,HR,Specialist,2015-09-04,1278655,2,Yes,Master,Single,10,Yes,5,Hyderabad
6486,Employee 6486,Female,44,Support,Executive,2019-12-30,1309200,5,No,Diploma,Single,6,Yes,1,Delhi
6487,Employee 6487,Male,51,Finance,Specialist,2017-02-01,1029027,2,No,Diploma,Married,9,Yes,2,Bengaluru
6488,Employee 6488,Male,21,Support,Executive,2016-02-25,304988,3,No,Diploma,Single,1,Yes,5,Delhi
6489,Employee 6489,Male,35,Marketing,Specialist,2015-01-06,1181571,5,Yes,Diploma,Single,11,Yes,1,Delhi
6490,Employee 6490,Male,48,Marketing,Specialist,2017-05-11,1482646,3,No,Bachelor,Married,9,Yes,2,Hyderabad
6491,Employee 6491,Female,26,Support,Engineer,2022-02-03,735554,1,No,Diploma,Single,4,No,1,Mumbai
6492,Employee 6492,Male,45,Finance,Analyst,2019-09-06,1483070,5,No,Master,Married,6,Yes,5,Bengaluru
6493,Employee 6493,Male,28,Support,Engineer,2020-09-16,955232,3,No,Bachelor,Married,5,No,1,Chennai
6494,Employee 6494,Female,34,Finance,Executive,2022-03-02,921665,3,No,Bachelor,Married,4,No,3,Mumbai
6495,Employee 6495,Female,35,HR,Analyst,2019-11-08,272431,2,No,Bachelor,Single,6,No,1,Bengaluru
6496,Employee 6496,Female,53,HR,Engineer,2022-02-21,285459,2,No,Master,Single,4,No,3,Chennai
6497,Employee 6497,Female,48,IT,Executive,2023-01-15,1506829,5,No,Bachelor,Single,3,Yes,4,Mumbai
6498,Employee 6498,Female,29,Sales,Manager,2025-06-21,1111057,5,No,Diploma,Single,1,Yes,3,Ahmedabad
6499,Employee 6499,Female,29,Finance,Engineer,2016-01-04,1008880,4,No,Master,Married,9,No,5,Delhi
6500,Employee 6500,Female,56,Support,Executive,2018-07-29,1686306,4,No,Master,Single,7,Yes,4,Mumbai
6501,Employee 6501,Female,37,IT,Specialist,2016-09-16,1132178,3,No,Master,Single,9,No,2,Pune
6502,Employee 6502,Male,58,IT,Executive,2024-01-08,1303870,3,Yes,Diploma,Married,2,No,5,Chennai
6503,Employee 6503,Female,25,Marketing,Manager,2016-02-29,1535758,3,No,Master,Married,5,Yes,3,Mumbai
6504,Employee 6504,Female,47,Support,Manager,2022-08-25,1620683,2,No,Master,Married,3,Yes,1,Chennai
6505,Employee 6505,Female,48,Sales,Executive,2020-06-12,1384579,5,No,Bachelor,Married,6,No,4,Pune
6506,Employee 6506,Female,38,HR,Associate,2025-06-12,499741,3,No,Master,Married,1,No,5,Ahmedabad
6507,Employee 6507,Male,44,Sales,Engineer,2023-06-23,1570706,1,Yes,Bachelor,Married,3,No,1,Pune
6508,Employee 6508,Male,35,Marketing,Associate,2025-01-05,383944,4,Yes,Diploma,Single,1,Yes,5,Chennai
6509,Employee 6509,Male,46,HR,Manager,2015-07-16,1397235,3,No,Diploma,Married,10,No,3,Chennai
6510,Employee 6510,Male,31,Operations,Manager,2025-09-06,1097082,4,No,Diploma,Single,0,Yes,2,Mumbai
6511,Employee 6511,Female,27,Marketing,Associate,2017-12-29,991213,4,Yes,Master,Married,7,No,3,Ahmedabad
6512,Employee 6512,Male,47,Marketing,Specialist,2019-12-01,874057,1,No,Master,Married,6,Yes,1,Mumbai
6513,Employee 6513,Female,55,Finance,Specialist,2018-08-07,1257436,1,No,Diploma,Single,7,No,2,Pune
6514,Employee 6514,Male,41,HR,Associate,2018-02-27,1377336,5,No,Bachelor,Single,8,Yes,1,Mumbai
6515,Employee 6515,Female,42,Sales,Manager,2024-05-23,1736832,1,No,Master,Single,2,No,2,Pune
6516,Employee 6516,Female,37,Marketing,Manager,2022-09-05,444132,4,No,Bachelor,Single,3,No,4,Mumbai
6517,Employee 6517,Female,48,HR,Associate,2024-01-01,1779658,3,Yes,Diploma,Married,2,No,4,Chennai
6518,Employee 6518,Male,27,Operations,Analyst,2016-06-27,636981,2,Yes,Diploma,Married,7,Yes,5,Mumbai
6519,Employee 6519,Male,43,Operations,Engineer,2022-01-25,1528505,4,Yes,Master,Single,4,No,2,Bengaluru
6520,Employee 6520,Female,30,HR,Executive,2018-08-10,1544918,5,No,Master,Single,7,Yes,5,Bengaluru
6521,Employee 6521,Female,25,Marketing,Manager,2019-10-11,1052453,4,No,Bachelor,Single,5,No,1,Hyderabad
6522,Employee 6522,Female,53,Sales,Specialist,2016-10-09,371959,3,No,Master,Single,9,Yes,5,Chennai
6523,Employee 6523,Male,49,IT,Manager,2023-08-06,578246,1,No,Bachelor,Married,2,Yes,3,Hyderabad
6524,Employee 6524,Female,43,HR,Engineer,2021-03-13,778617,1,No,Bachelor,Single,5,Yes,1,Mumbai
6525,Employee 6525,Female,51,Operations,Executive,2022-08-21,469610,3,No,Bachelor,Married,3,No,3,Pune
6526,Employee 6526,Male,29,Sales,Executive,2019-05-11,1369756,3,No,Master,Single,7,Yes,4,Delhi
6527,Employee 6527,Female,25,IT,Analyst,2022-06-13,1010067,3,No,Diploma,Married,4,No,3,Bengaluru
6528,Employee 6528,Male,58,Sales,Executive,2025-02-09,1650900,4,No,Bachelor,Married,1,No,5,Bengaluru
6529,Employee 6529,Male,34,Sales,Specialist,2023-09-22,800674,1,No,Bachelor,Married,2,No,1,Pune
6530,Employee 6530,Female,49,Operations,Engineer,2016-02-15,375828,2,Yes,Bachelor,Married,10,Yes,5,Mumbai
6531,Employee 6531,Female,34,HR,Analyst,2016-08-25,1304639,2,Yes,Diploma,Married,9,No,4,Chennai
6532,Employee 6532,Male,35,Sales,Engineer,2023-08-19,1637944,5,No,Master,Single,2,No,5,Mumbai
6533,Employee 6533,Female,42,Marketing,Analyst,2024-05-10,1142240,3,No,Master,Married,2,No,2,Mumbai
6534,Employee 6534,Female,38,Operations,Engineer,2017-04-18,807732,5,No,Master,Married,9,No,1,Hyderabad
6535,Employee 6535,Female,39,Support,Associate,2020-11-04,1497356,5,No,Bachelor,Married,5,No,2,Ahmedabad
6536,Employee 6536,Male,27,HR,Executive,2023-06-07,629910,3,No,Master,Single,3,Yes,2,Ahmedabad
6537,Employee 6537,Female,39,Finance,Engineer,2015-11-24,383259,2,No,Bachelor,Married,10,Yes,2,Bengaluru
6538,Employee 6538,Male,31,HR,Specialist,2022-10-02,1791661,2,No,Master,Married,3,Yes,2,Chennai
6539,Employee 6539,Female,48,IT,Executive,2018-10-15,1675464,3,No,Bachelor,Single,7,No,5,Mumbai
6540,Employee 6540,Male,29,Finance,Associate,2019-08-04,704231,5,No,Master,Married,6,Yes,4,Ahmedabad
6541,Employee 6541,Female,53,HR,Manager,2022-09-17,275605,4,No,Bachelor,Married,3,Yes,1,Chennai
6542,Employee 6542,Male,31,HR,Manager,2024-02-17,1169489,4,No,Bachelor,Single,2,Yes,4,Mumbai
6543,Employee 6543,Male,23,Finance,Specialist,2016-12-04,337311,5,No,Diploma,Married,3,Yes,3,Mumbai
6544,Employee 6544,Female,50,Marketing,Associate,2024-05-13,784470,5,Yes,Diploma,Single,2,No,5,Delhi
6545,Employee 6545,Male,47,Support,Manager,2022-06-29,469376,2,No,Bachelor,Single,4,No,2,Bengaluru
6546,Employee 6546,Female,44,IT,Specialist,2024-08-01,349318,4,No,Master,Single,1,Yes,1,Delhi
6547,Employee 6547,Male,25,Support,Engineer,2016-08-19,589297,1,No,Diploma,Married,5,Yes,2,Ahmedabad
6548,Employee 6548,Female,56,Marketing,Specialist,2026-01-05,1419641,2,No,Master,Single,0,No,5,Mumbai
6549,Employee 6549,Male,32,Finance,Specialist,2018-09-04,543054,5,No,Master,Single,7,Yes,2,Bengaluru
6550,Employee 6550,Male,57,IT,Analyst,2020-01-04,817075,4,No,Diploma,Single,6,No,5,Mumbai
6551,Employee 6551,Male,60,Support,Engineer,2017-03-18,1689711,4,No,Master,Married,9,No,5,Ahmedabad
6552,Employee 6552,Female,27,Finance,Analyst,2018-08-18,902586,2,Yes,Bachelor,Married,7,Yes,5,Chennai
6553,Employee 6553,Male,52,IT,Specialist,2025-02-25,1151239,3,Yes,Bachelor,Married,1,Yes,2,Hyderabad
6554,Employee 6554,Male,49,IT,Manager,2015-08-25,281355,5,No,Master,Married,10,No,2,Bengaluru
6555,Employee 6555,Female,21,Sales,Associate,2023-12-18,831321,1,No,Diploma,Single,1,No,4,Pune
6556,Employee 6556,Male,36,IT,Executive,2025-04-08,512075,1,No,Master,Single,1,Yes,5,Chennai
6557,Employee 6557,Male,40,Support,Engineer,2019-12-15,1605315,2,No,Diploma,Single,6,No,2,Pune
6558,Employee 6558,Female,26,Sales,Analyst,2016-06-23,1167879,3,No,Master,Single,6,No,4,Mumbai
6559,Employee 6559,Female,41,Sales,Manager,2019-10-16,279158,1,No,Master,Married,6,No,5,Hyderabad
6560,Employee 6560,Male,60,IT,Associate,2020-05-05,593831,4,No,Bachelor,Married,6,No,1,Delhi
6561,Employee 6561,Female,30,Sales,Specialist,2019-10-31,1657179,5,No,Master,Single,6,No,3,Delhi
6562,Employee 6562,Male,60,Finance,Specialist,2018-11-13,1624555,2,No,Bachelor,Single,7,Yes,5,Bengaluru
6563,Employee 6563,Female,23,Sales,Analyst,2016-09-10,1699996,5,No,Diploma,Single,3,Yes,3,Chennai
6564,Employee 6564,Male,38,Sales,Executive,2016-12-06,1440380,3,Yes,Master,Single,9,No,1,Hyderabad
6565,Employee 6565,Male,31,Marketing,Associate,2024-01-09,338260,4,Yes,Diploma,Single,2,No,3,Mumbai
6566,Employee 6566,Female,46,HR,Manager,2021-07-05,1469633,1,No,Diploma,Single,4,No,3,Delhi
6567,Employee 6567,Male,28,Support,Engineer,2019-05-08,292435,1,No,Bachelor,Married,7,Yes,2,Bengaluru
6568,Employee 6568,Male,24,Sales,Executive,2017-07-21,885706,3,No,Diploma,Married,4,No,2,Delhi
6569,Employee 6569,Female,22,HR,Associate,2019-06-19,732880,1,No,Master,Single,2,No,5,Mumbai
6570,Employee 6570,Female,24,Finance,Engineer,2023-10-28,1363774,3,No,Master,Single,2,Yes,1,Chennai
6571,Employee 6571,Male,38,IT,Associate,2018-06-26,1766286,4,No,Master,Married,8,No,1,Ahmedabad
6572,Employee 6572,Male,34,IT,Manager,2021-12-06,801494,4,No,Bachelor,Single,4,No,1,Hyderabad
6573,Employee 6573,Female,37,Finance,Manager,2016-01-10,1628551,1,No,Bachelor,Married,10,No,2,Delhi
6574,Employee 6574,Female,29,Finance,Associate,2025-09-08,1600918,4,No,Diploma,Single,0,No,2,Pune
6575,Employee 6575,Female,50,Operations,Manager,2018-09-07,1660708,3,No,Master,Single,7,Yes,2,Pune
6576,Employee 6576,Female,33,Marketing,Specialist,2017-11-05,1216430,2,Yes,Bachelor,Married,8,Yes,2,Hyderabad
6577,Employee 6577,Female,27,IT,Specialist,2026-03-31,554715,5,No,Bachelor,Married,0,Yes,2,Hyderabad
6578,Employee 6578,Male,49,IT,Executive,2024-03-20,321085,2,No,Diploma,Single,2,No,5,Bengaluru
6579,Employee 6579,Female,53,Sales,Analyst,2021-08-22,411143,3,No,Bachelor,Married,4,Yes,3,Mumbai
6580,Employee 6580,Female,31,IT,Engineer,2022-08-08,918626,3,No,Master,Married,3,No,2,Hyderabad
6581,Employee 6581,Male,41,Marketing,Engineer,2019-12-20,1490799,4,No,Master,Married,6,Yes,3,Delhi
6582,Employee 6582,Male,57,Support,Engineer,2022-04-08,1673797,2,No,Master,Married,4,No,3,Delhi
6583,Employee 6583,Female,53,Sales,Analyst,2024-07-28,992384,5,No,Diploma,Married,1,Yes,1,Ahmedabad
6584,Employee 6584,Female,50,Finance,Analyst,2024-02-13,1394393,4,Yes,Bachelor,Single,2,Yes,1,Pune
6585,Employee 6585,Male,44,Support,Manager,2024-02-22,978955,3,No,Master,Married,2,Yes,5,Delhi
6586,Employee 6586,Female,35,HR,Executive,2018-01-18,1691072,5,No,Diploma,Married,8,No,3,Hyderabad
6587,Employee 6587,Female,59,HR,Manager,2020-05-13,709599,3,No,Bachelor,Single,6,Yes,1,Pune
6588,Employee 6588,Male,23,Finance,Executive,2024-07-11,1682282,2,No,Bachelor,Married,1,Yes,3,Delhi
6589,Employee 6589,Male,38,HR,Specialist,2026-02-28,771614,3,No,Bachelor,Married,0,Yes,5,Chennai
6590,Employee 6590,Male,44,Support,Associate,2023-11-15,1636216,1,Yes,Diploma,Married,2,No,4,Pune
6591,Employee 6591,Male,35,Support,Executive,2025-01-19,1768982,5,No,Diploma,Single,1,Yes,5,Ahmedabad
6592,Employee 6592,Female,56,Operations,Associate,2022-06-08,1660340,4,Yes,Master,Married,4,Yes,1,Mumbai
6593,Employee 6593,Female,31,Marketing,Analyst,2016-06-28,1002340,4,No,Bachelor,Single,10,No,5,Bengaluru
6594,Employee 6594,Male,53,Sales,Associate,2023-10-14,1451277,3,No,Bachelor,Single,2,No,5,Delhi
6595,Employee 6595,Female,35,Operations,Engineer,2017-03-09,686771,4,No,Diploma,Married,9,Yes,4,Delhi
6596,Employee 6596,Male,21,Operations,Executive,2017-10-07,1762438,5,No,Bachelor,Married,1,No,2,Chennai
6597,Employee 6597,Male,56,Support,Engineer,2021-08-04,1645924,2,No,Master,Married,4,Yes,3,Ahmedabad
6598,Employee 6598,Male,27,HR,Manager,2020-04-13,860358,1,No,Diploma,Single,6,Yes,2,Hyderabad
6599,Employee 6599,Male,46,Finance,Associate,2023-09-02,632061,5,No,Diploma,Single,2,Yes,5,Chennai
6600,Employee 6600,Female,33,Marketing,Executive,2023-09-09,436951,5,No,Bachelor,Married,2,No,3,Hyderabad
6601,Employee 6601,Female,51,Support,Specialist,2026-04-30,1391648,1,No,Diploma,Single,0,Yes,2,Pune
6602,Employee 6602,Male,45,IT,Specialist,2016-12-21,548181,3,No,Bachelor,Married,9,No,4,Ahmedabad
6603,Employee 6603,Male,35,Marketing,Specialist,2016-03-20,1730355,4,Yes,Master,Married,10,No,3,Delhi
6604,Employee 6604,Female,54,Sales,Manager,2023-09-28,1329004,2,No,Diploma,Single,2,Yes,2,Pune
6605,Employee 6605,Female,21,Support,Executive,2018-09-26,1548182,1,No,Diploma,Married,1,No,1,Hyderabad
6606,Employee 6606,Female,39,Sales,Manager,2023-09-25,792337,2,No,Bachelor,Married,2,No,3,Ahmedabad
6607,Employee 6607,Female,41,Marketing,Associate,2018-10-15,687216,1,No,Diploma,Single,7,No,5,Hyderabad
6608,Employee 6608,Female,38,Sales,Associate,2017-01-20,1346673,5,No,Bachelor,Single,9,No,1,Chennai
6609,Employee 6609,Female,58,Finance,Analyst,2023-05-09,726405,4,Yes,Bachelor,Married,3,Yes,5,Chennai
6610,Employee 6610,Female,47,Operations,Manager,2017-05-28,1481169,5,No,Bachelor,Married,9,Yes,3,Pune
6611,Employee 6611,Male,23,Operations,Manager,2020-02-04,660396,2,No,Diploma,Single,3,No,3,Pune
6612,Employee 6612,Female,40,Operations,Engineer,2015-01-27,491385,3,No,Diploma,Married,11,Yes,2,Delhi
6613,Employee 6613,Male,53,Support,Engineer,2024-09-26,1309145,1,No,Diploma,Single,1,No,3,Mumbai
6614,Employee 6614,Male,51,Operations,Analyst,2022-12-21,757918,2,No,Diploma,Single,3,Yes,3,Hyderabad
6615,Employee 6615,Male,53,IT,Associate,2016-10-07,941866,2,No,Master,Married,9,No,2,Delhi
6616,Employee 6616,Female,29,HR,Executive,2018-10-15,799101,1,No,Diploma,Married,7,Yes,2,Delhi
6617,Employee 6617,Female,59,Support,Specialist,2024-07-18,1755672,4,No,Bachelor,Single,1,Yes,2,Delhi
6618,Employee 6618,Male,48,Marketing,Manager,2024-12-25,1113403,2,No,Master,Single,1,No,3,Chennai
6619,Employee 6619,Male,23,HR,Manager,2023-12-02,816145,4,No,Master,Married,2,Yes,5,Delhi
6620,Employee 6620,Female,21,HR,Specialist,2020-08-27,670211,5,No,Master,Married,1,No,4,Chennai
6621,Employee 6621,Male,36,IT,Specialist,2018-02-15,1683259,2,No,Diploma,Single,8,Yes,1,Ahmedabad
6622,Employee 6622,Male,50,Sales,Executive,2018-03-26,1629044,2,No,Diploma,Single,8,No,3,Mumbai
6623,Employee 6623,Female,51,Finance,Associate,2016-04-11,768672,3,No,Diploma,Married,10,No,1,Pune
6624,Employee 6624,Female,34,Sales,Manager,2021-01-28,934647,4,No,Diploma,Single,5,No,2,Hyderabad
6625,Employee 6625,Female,30,HR,Analyst,2025-02-15,337381,4,No,Bachelor,Single,1,No,5,Hyderabad
6626,Employee 6626,Female,53,IT,Associate,2019-05-04,1368092,5,Yes,Diploma,Married,7,Yes,3,Delhi
6627,Employee 6627,Female,58,Finance,Associate,2020-01-26,1583510,3,Yes,Bachelor,Single,6,Yes,1,Delhi
6628,Employee 6628,Male,56,IT,Manager,2015-06-27,774126,5,No,Bachelor,Married,11,Yes,2,Mumbai
6629,Employee 6629,Male,29,IT,Engineer,2016-07-20,609184,1,No,Diploma,Married,9,Yes,3,Mumbai
6630,Employee 6630,Female,24,Finance,Manager,2026-02-27,1065746,5,No,Master,Single,0,No,3,Hyderabad
6631,Employee 6631,Female,52,Support,Manager,2022-03-14,1387832,5,No,Bachelor,Single,4,Yes,2,Mumbai
6632,Employee 6632,Male,52,IT,Analyst,2015-03-18,1643519,1,No,Diploma,Single,11,No,1,Hyderabad
6633,Employee 6633,Female,37,Operations,Associate,2016-12-20,1161659,5,No,Master,Married,9,No,2,Delhi
6634,Employee 6634,Male,40,Operations,Engineer,2016-04-24,474888,2,No,Bachelor,Married,10,No,2,Pune
6635,Employee 6635,Female,43,Sales,Engineer,2021-09-26,811731,3,No,Diploma,Married,4,No,2,Ahmedabad
6636,Employee 6636,Male,46,Finance,Specialist,2018-02-03,685690,3,No,Master,Single,8,Yes,2,Bengaluru
6637,Employee 6637,Female,37,Support,Analyst,2020-03-24,761652,2,No,Master,Married,6,Yes,1,Chennai
6638,Employee 6638,Male,53,HR,Associate,2021-01-29,1459795,4,No,Master,Married,5,No,2,Bengaluru
6639,Employee 6639,Male,30,Operations,Specialist,2021-04-03,1768640,5,Yes,Bachelor,Married,5,No,3,Mumbai
6640,Employee 6640,Female,57,Sales,Specialist,2021-01-08,1589377,3,Yes,Diploma,Single,5,Yes,1,Bengaluru
6641,Employee 6641,Female,55,Marketing,Specialist,2023-07-29,443914,1,No,Bachelor,Single,2,Yes,1,Pune
6642,Employee 6642,Male,24,Finance,Executive,2020-12-10,582249,2,Yes,Bachelor,Single,4,No,2,Chennai
6643,Employee 6643,Male,45,Operations,Executive,2019-01-03,880875,3,No,Diploma,Single,7,Yes,4,Mumbai
6644,Employee 6644,Female,30,Support,Engineer,2026-05-26,1506044,2,Yes,Diploma,Single,0,Yes,5,Ahmedabad
6645,Employee 6645,Female,37,Sales,Analyst,2019-12-01,1435468,2,No,Master,Married,6,No,3,Pune
6646,Employee 6646,Female,36,Support,Analyst,2017-08-30,1579585,3,No,Bachelor,Married,8,Yes,1,Chennai
6647,Employee 6647,Male,30,Sales,Associate,2018-06-21,468786,3,No,Diploma,Married,8,Yes,3,Chennai
6648,Employee 6648,Male,49,HR,Associate,2018-10-24,973033,4,No,Diploma,Single,7,No,3,Mumbai
6649,Employee 6649,Male,46,HR,Engineer,2024-07-05,1182892,2,No,Diploma,Married,1,Yes,5,Ahmedabad
6650,Employee 6650,Female,46,HR,Analyst,2021-07-27,1623434,2,No,Diploma,Married,4,No,1,Pune
6651,Employee 6651,Male,23,Support,Manager,2020-03-23,490469,2,No,Diploma,Single,3,Yes,4,Ahmedabad
6652,Employee 6652,Male,29,HR,Associate,2020-08-31,1441881,4,No,Bachelor,Single,5,No,2,Chennai
6653,Employee 6653,Female,51,Marketing,Engineer,2019-08-25,402931,5,No,Master,Married,6,Yes,3,Ahmedabad
6654,Employee 6654,Male,42,Sales,Executive,2015-02-26,1714773,5,No,Bachelor,Married,11,No,2,Ahmedabad
6655,Employee 6655,Male,60,HR,Manager,2025-02-03,1616710,1,No,Bachelor,Married,1,No,1,Ahmedabad
6656,Employee 6656,Female,26,Sales,Manager,2024-11-24,1495049,4,No,Bachelor,Single,1,No,5,Ahmedabad
6657,Employee 6657,Female,43,Finance,Manager,2017-09-05,978056,5,No,Diploma,Single,8,No,4,Mumbai
6658,Employee 6658,Female,33,Support,Associate,2022-03-24,1475576,3,No,Diploma,Single,4,Yes,2,Chennai
6659,Employee 6659,Female,23,Sales,Associate,2018-05-29,964670,1,Yes,Diploma,Married,3,Yes,2,Hyderabad
6660,Employee 6660,Male,60,Support,Executive,2019-12-20,1432401,5,Yes,Diploma,Single,6,Yes,2,Bengaluru
6661,Employee 6661,Female,49,Sales,Analyst,2016-06-17,1046243,2,No,Diploma,Married,10,No,5,Hyderabad
6662,Employee 6662,Female,40,Operations,Specialist,2016-07-05,762095,3,No,Bachelor,Single,9,Yes,5,Delhi
6663,Employee 6663,Female,30,Sales,Executive,2025-01-08,1466921,4,No,Diploma,Single,1,Yes,2,Ahmedabad
6664,Employee 6664,Female,32,Finance,Executive,2024-09-30,1785082,2,No,Bachelor,Single,1,No,5,Pune
6665,Employee 6665,Male,60,HR,Engineer,2026-02-28,1578401,1,No,Diploma,Single,0,No,2,Chennai
6666,Employee 6666,Female,24,HR,Executive,2017-05-09,545357,3,Yes,Master,Single,4,Yes,5,Delhi
6667,Employee 6667,Male,45,Operations,Executive,2020-11-23,1168619,3,No,Bachelor,Married,5,No,3,Chennai
6668,Employee 6668,Female,53,HR,Engineer,2021-09-14,646811,1,No,Diploma,Married,4,No,2,Bengaluru
6669,Employee 6669,Male,48,HR,Specialist,2021-06-07,1051395,2,No,Diploma,Married,5,Yes,3,Hyderabad
6670,Employee 6670,Female,56,IT,Analyst,2020-04-18,1189811,1,No,Diploma,Married,6,No,3,Bengaluru
6671,Employee 6671,Female,54,IT,Associate,2025-10-26,778800,2,No,Master,Single,0,No,4,Delhi
6672,Employee 6672,Female,47,Operations,Specialist,2025-09-03,758648,2,No,Master,Married,0,Yes,1,Chennai
6673,Employee 6673,Male,37,Marketing,Specialist,2023-02-26,529973,3,No,Bachelor,Married,3,No,3,Pune
6674,Employee 6674,Female,37,Sales,Executive,2020-02-05,1400287,2,No,Master,Married,6,Yes,3,Chennai
6675,Employee 6675,Male,56,Support,Analyst,2018-11-29,265061,1,Yes,Diploma,Single,7,Yes,5,Hyderabad
6676,Employee 6676,Male,23,Marketing,Associate,2019-03-13,1361736,5,No,Diploma,Single,3,Yes,1,Chennai
6677,Employee 6677,Female,26,Sales,Associate,2016-02-17,1159109,5,Yes,Bachelor,Married,6,Yes,4,Delhi
6678,Employee 6678,Male,53,Finance,Engineer,2021-03-30,965180,4,No,Master,Married,5,Yes,2,Hyderabad
6679,Employee 6679,Female,25,Support,Analyst,2017-01-01,1534129,3,No,Diploma,Single,5,No,3,Ahmedabad
6680,Employee 6680,Male,41,Support,Manager,2020-06-21,411333,2,No,Diploma,Married,6,No,2,Chennai
6681,Employee 6681,Male,41,Support,Engineer,2020-01-14,1378048,2,No,Master,Married,6,Yes,3,Ahmedabad
6682,Employee 6682,Male,48,Sales,Manager,2018-07-26,1504412,1,No,Bachelor,Married,7,Yes,5,Chennai
6683,Employee 6683,Male,43,Marketing,Engineer,2019-05-17,1257000,4,No,Master,Single,7,No,2,Ahmedabad
6684,Employee 6684,Male,54,Operations,Executive,2023-02-07,1336206,3,No,Master,Single,3,No,2,Hyderabad
6685,Employee 6685,Female,55,Support,Engineer,2018-01-15,1785208,5,No,Diploma,Married,8,Yes,3,Ahmedabad
6686,Employee 6686,Female,31,Support,Associate,2016-09-29,737647,4,No,Master,Single,9,No,2,Hyderabad
6687,Employee 6687,Female,55,Operations,Associate,2024-12-02,1178985,5,No,Diploma,Single,1,No,5,Delhi
6688,Employee 6688,Female,34,Marketing,Manager,2019-05-03,509476,5,No,Master,Married,7,Yes,3,Hyderabad
6689,Employee 6689,Male,21,Sales,Manager,2017-08-02,1165293,5,No,Master,Single,1,No,3,Pune
6690,Employee 6690,Female,29,Support,Associate,2017-12-04,1309838,2,No,Master,Married,8,Yes,1,Ahmedabad
6691,Employee 6691,Female,56,Sales,Engineer,2025-12-03,825407,3,No,Diploma,Married,0,Yes,3,Delhi
6692,Employee 6692,Female,49,Marketing,Associate,2021-08-04,1745840,1,No,Master,Married,4,Yes,1,Mumbai
6693,Employee 6693,Female,43,Support,Manager,2020-08-22,1039323,5,No,Diploma,Married,5,Yes,3,Hyderabad
6694,Employee 6694,Male,39,Sales,Engineer,2025-02-21,1585051,5,Yes,Bachelor,Single,1,Yes,4,Bengaluru
6695,Employee 6695,Female,36,Support,Engineer,2016-11-07,1192677,3,No,Diploma,Single,9,No,4,Pune
6696,Employee 6696,Female,39,Marketing,Associate,2025-01-12,1725391,1,No,Master,Married,1,No,4,Delhi
6697,Employee 6697,Female,32,Support,Specialist,2026-05-08,1681889,4,No,Diploma,Single,0,Yes,2,Ahmedabad
6698,Employee 6698,Male,36,HR,Associate,2026-01-09,1759685,3,Yes,Master,Married,0,Yes,5,Hyderabad
6699,Employee 6699,Female,60,Operations,Engineer,2017-02-15,250528,4,No,Master,Single,9,Yes,5,Chennai
6700,Employee 6700,Male,30,IT,Analyst,2015-12-02,491650,4,Yes,Bachelor,Married,10,No,4,Bengaluru
6701,Employee 6701,Female,32,Operations,Executive,2015-03-31,1799133,1,No,Master,Married,11,No,3,Ahmedabad
6702,Employee 6702,Male,26,IT,Associate,2020-04-04,1339534,1,No,Diploma,Married,6,Yes,2,Delhi
6703,Employee 6703,Female,40,Support,Specialist,2019-06-18,778122,1,No,Diploma,Single,7,Yes,1,Pune
6704,Employee 6704,Male,34,Sales,Manager,2018-10-28,392981,1,Yes,Bachelor,Married,7,Yes,2,Mumbai
6705,Employee 6705,Male,34,Finance,Manager,2025-05-22,1402780,4,No,Diploma,Single,1,Yes,2,Mumbai
6706,Employee 6706,Female,47,Support,Analyst,2024-11-13,1715728,1,No,Bachelor,Married,1,Yes,3,Bengaluru
6707,Employee 6707,Male,31,IT,Specialist,2022-12-26,470002,2,No,Bachelor,Married,3,No,1,Mumbai
6708,Employee 6708,Female,44,Sales,Analyst,2021-02-21,1217506,3,No,Bachelor,Married,5,Yes,2,Chennai
6709,Employee 6709,Female,31,HR,Executive,2021-10-27,1525067,3,No,Bachelor,Married,4,No,2,Pune
6710,Employee 6710,Male,30,Support,Manager,2022-09-11,1292641,2,No,Bachelor,Single,3,Yes,1,Pune
6711,Employee 6711,Female,35,Marketing,Analyst,2022-02-19,815268,4,Yes,Diploma,Married,4,Yes,4,Pune
6712,Employee 6712,Female,40,IT,Engineer,2019-04-21,1409299,1,No,Diploma,Single,7,No,1,Hyderabad
6713,Employee 6713,Male,47,Support,Specialist,2019-02-19,1207872,3,No,Diploma,Married,7,Yes,4,Pune
6714,Employee 6714,Female,21,IT,Specialist,2021-04-19,615213,2,No,Master,Single,1,No,2,Mumbai
6715,Employee 6715,Male,42,Marketing,Engineer,2018-05-26,1521703,5,No,Bachelor,Married,8,No,4,Bengaluru
6716,Employee 6716,Female,29,Support,Manager,2024-01-06,404348,1,No,Master,Married,2,No,3,Bengaluru
6717,Employee 6717,Female,52,Sales,Executive,2021-10-03,917072,3,No,Master,Married,4,No,4,Chennai
6718,Employee 6718,Male,33,IT,Engineer,2023-12-08,276835,1,No,Diploma,Single,2,No,5,Hyderabad
6719,Employee 6719,Female,32,Operations,Manager,2023-10-15,744576,2,No,Bachelor,Single,2,No,4,Bengaluru
6720,Employee 6720,Female,40,Operations,Associate,2026-06-12,499135,3,No,Diploma,Single,0,Yes,5,Ahmedabad
6721,Employee 6721,Male,44,HR,Specialist,2018-08-06,464766,2,No,Bachelor,Married,7,Yes,4,Bengaluru
6722,Employee 6722,Female,58,Support,Specialist,2015-11-30,625347,3,No,Master,Single,10,Yes,4,Hyderabad
6723,Employee 6723,Female,42,Operations,Analyst,2025-04-07,387303,5,No,Diploma,Single,1,Yes,1,Chennai
6724,Employee 6724,Female,53,Operations,Manager,2024-05-28,316453,1,No,Master,Single,2,Yes,1,Delhi
6725,Employee 6725,Female,51,Operations,Manager,2024-03-12,685083,3,No,Diploma,Single,2,No,5,Mumbai
6726,Employee 6726,Male,54,Marketing,Engineer,2022-07-19,276861,4,No,Master,Married,3,Yes,5,Pune
6727,Employee 6727,Male,49,Sales,Executive,2021-05-25,943125,4,No,Diploma,Single,5,Yes,2,Bengaluru
6728,Employee 6728,Male,45,Support,Analyst,2021-08-28,454097,1,No,Master,Married,4,Yes,3,Bengaluru
6729,Employee 6729,Male,54,Operations,Engineer,2016-10-02,594697,2,No,Master,Married,9,Yes,4,Ahmedabad
6730,Employee 6730,Female,39,Support,Manager,2016-05-22,1650051,3,No,Bachelor,Single,10,Yes,4,Pune
6731,Employee 6731,Female,53,Support,Associate,2019-11-14,277113,5,No,Bachelor,Single,6,No,3,Ahmedabad
6732,Employee 6732,Female,48,HR,Analyst,2017-12-31,934978,4,Yes,Diploma,Married,8,No,3,Pune
6733,Employee 6733,Female,55,Marketing,Analyst,2023-01-29,1287572,1,No,Bachelor,Married,3,No,4,Pune
6734,Employee 6734,Female,38,Operations,Executive,2025-01-23,1419751,1,No,Bachelor,Married,1,Yes,1,Pune
6735,Employee 6735,Female,49,Finance,Manager,2025-05-14,1424503,3,No,Bachelor,Single,1,Yes,1,Ahmedabad
6736,Employee 6736,Male,44,Finance,Manager,2025-07-07,1163311,5,No,Master,Married,0,Yes,1,Hyderabad
6737,Employee 6737,Male,50,Finance,Associate,2019-08-26,855644,2,No,Master,Single,6,No,5,Hyderabad
6738,Employee 6738,Female,28,Operations,Manager,2025-03-17,792834,1,No,Master,Married,1,Yes,3,Hyderabad
6739,Employee 6739,Male,42,Marketing,Manager,2025-05-20,1715717,5,No,Diploma,Married,1,No,3,Pune
6740,Employee 6740,Female,53,IT,Analyst,2018-03-21,436671,3,No,Diploma,Married,8,Yes,3,Pune
6741,Employee 6741,Male,34,Marketing,Manager,2015-08-05,1198533,5,No,Master,Married,10,No,3,Hyderabad
6742,Employee 6742,Female,24,Sales,Executive,2021-03-31,1318059,5,No,Diploma,Married,4,No,1,Bengaluru
6743,Employee 6743,Male,60,Operations,Specialist,2018-03-27,1163989,4,Yes,Diploma,Married,8,Yes,3,Mumbai
6744,Employee 6744,Female,29,Operations,Engineer,2025-03-15,434047,2,No,Master,Single,1,No,1,Hyderabad
6745,Employee 6745,Female,36,HR,Engineer,2015-04-05,608079,1,No,Diploma,Single,11,Yes,4,Mumbai
6746,Employee 6746,Male,34,Support,Associate,2026-01-22,999415,3,No,Bachelor,Single,0,No,4,Bengaluru
6747,Employee 6747,Male,46,Finance,Associate,2025-12-03,490443,4,No,Diploma,Married,0,No,5,Chennai
6748,Employee 6748,Male,26,IT,Analyst,2023-07-29,1763663,5,No,Diploma,Married,2,No,5,Pune
6749,Employee 6749,Female,27,Operations,Engineer,2019-12-22,1071496,5,Yes,Bachelor,Married,6,No,5,Pune
6750,Employee 6750,Male,56,HR,Associate,2024-02-17,1318969,5,Yes,Bachelor,Married,2,Yes,2,Pune
6751,Employee 6751,Female,29,IT,Specialist,2020-01-16,1593896,1,No,Diploma,Married,6,Yes,4,Ahmedabad
6752,Employee 6752,Male,51,Sales,Associate,2024-03-16,1595171,4,No,Master,Single,2,Yes,2,Hyderabad
6753,Employee 6753,Female,58,Sales,Executive,2025-08-13,827487,3,No,Bachelor,Single,0,No,3,Hyderabad
6754,Employee 6754,Female,59,Finance,Executive,2022-03-21,1043384,2,No,Diploma,Single,4,Yes,5,Ahmedabad
6755,Employee 6755,Male,52,Marketing,Associate,2021-09-06,837843,1,No,Bachelor,Married,4,Yes,2,Delhi
6756,Employee 6756,Male,33,Marketing,Associate,2024-04-01,1345122,4,No,Diploma,Single,2,No,2,Bengaluru
6757,Employee 6757,Male,29,Finance,Manager,2016-07-03,1545591,1,No,Master,Married,9,Yes,4,Hyderabad
6758,Employee 6758,Male,35,IT,Associate,2023-02-16,1542249,5,No,Master,Married,3,Yes,5,Pune
6759,Employee 6759,Female,24,IT,Executive,2016-07-07,733378,2,No,Bachelor,Single,4,Yes,1,Bengaluru
6760,Employee 6760,Male,44,IT,Specialist,2019-06-24,1420997,4,No,Master,Single,7,Yes,3,Bengaluru
6761,Employee 6761,Female,31,Operations,Engineer,2015-06-05,1095838,4,No,Bachelor,Single,11,No,3,Pune
6762,Employee 6762,Female,49,Sales,Analyst,2020-12-03,951470,5,No,Master,Married,5,Yes,5,Chennai
6763,Employee 6763,Female,53,Operations,Executive,2018-04-28,1151044,1,No,Bachelor,Single,8,Yes,3,Hyderabad
6764,Employee 6764,Female,22,Marketing,Associate,2015-07-26,1596258,1,No,Diploma,Single,2,Yes,5,Delhi
6765,Employee 6765,Male,26,IT,Engineer,2019-05-28,261096,4,Yes,Master,Married,6,No,4,Delhi
6766,Employee 6766,Female,30,HR,Specialist,2017-02-18,411805,2,No,Master,Married,9,No,4,Chennai
6767,Employee 6767,Female,49,Sales,Specialist,2015-07-12,1265457,4,No,Diploma,Single,10,Yes,5,Bengaluru
6768,Employee 6768,Female,36,Operations,Analyst,2026-02-25,1145082,5,No,Master,Single,0,No,3,Delhi
6769,Employee 6769,Male,58,Operations,Manager,2016-08-01,1332665,5,No,Diploma,Married,9,Yes,5,Bengaluru
6770,Employee 6770,Male,25,HR,Engineer,2025-12-21,1763049,3,No,Bachelor,Married,0,Yes,1,Chennai
6771,Employee 6771,Female,29,Sales,Engineer,2021-05-28,1702998,2,No,Diploma,Single,5,Yes,2,Chennai
6772,Employee 6772,Female,28,IT,Specialist,2024-02-10,1489004,2,Yes,Master,Single,2,Yes,4,Mumbai
6773,Employee 6773,Male,59,Marketing,Executive,2024-02-15,1107712,5,No,Bachelor,Single,2,No,5,Pune
6774,Employee 6774,Female,22,HR,Specialist,2015-11-20,1791191,2,Yes,Diploma,Single,2,Yes,5,Delhi
6775,Employee 6775,Female,57,IT,Engineer,2017-06-07,286903,3,No,Diploma,Married,9,No,2,Hyderabad
6776,Employee 6776,Male,28,IT,Engineer,2022-07-21,875484,5,No,Diploma,Single,3,Yes,1,Ahmedabad
6777,Employee 6777,Female,51,Sales,Associate,2021-07-26,1578851,5,No,Diploma,Single,4,Yes,4,Ahmedabad
6778,Employee 6778,Female,58,Finance,Associate,2025-06-18,502875,1,No,Diploma,Single,1,No,5,Mumbai
6779,Employee 6779,Male,47,Marketing,Analyst,2021-11-02,1716179,3,No,Diploma,Single,4,Yes,3,Chennai
6780,Employee 6780,Male,22,Sales,Specialist,2016-09-05,547861,5,Yes,Bachelor,Married,2,No,3,Bengaluru
6781,Employee 6781,Female,27,HR,Engineer,2018-07-20,1537786,1,No,Master,Single,7,No,3,Ahmedabad
6782,Employee 6782,Female,55,Support,Manager,2021-02-13,541432,1,Yes,Bachelor,Married,5,Yes,2,Chennai
6783,Employee 6783,Male,59,Finance,Analyst,2018-05-16,1487799,4,No,Bachelor,Single,8,Yes,5,Mumbai
6784,Employee 6784,Male,37,Finance,Analyst,2017-09-08,664887,3,No,Diploma,Single,8,Yes,3,Ahmedabad
6785,Employee 6785,Female,45,Finance,Associate,2020-10-05,884385,3,No,Diploma,Single,5,Yes,2,Mumbai
6786,Employee 6786,Female,36,Marketing,Executive,2020-08-17,1369473,1,No,Master,Single,5,No,4,Hyderabad
6787,Employee 6787,Male,39,Marketing,Analyst,2018-10-10,1673471,5,No,Diploma,Single,7,Yes,5,Pune
6788,Employee 6788,Female,44,IT,Manager,2024-09-16,1599335,2,No,Bachelor,Single,1,No,5,Ahmedabad
6789,Employee 6789,Female,43,Sales,Manager,2021-03-06,650135,2,Yes,Diploma,Married,5,No,2,Bengaluru
6790,Employee 6790,Female,40,Sales,Executive,2025-04-14,1329675,1,No,Bachelor,Married,1,Yes,5,Pune
6791,Employee 6791,Female,50,Marketing,Associate,2019-04-03,1629028,1,Yes,Bachelor,Single,7,Yes,5,Pune
6792,Employee 6792,Male,22,Marketing,Executive,2019-11-30,1628901,3,No,Bachelor,Single,2,No,4,Ahmedabad
6793,Employee 6793,Male,27,IT,Associate,2023-07-18,838695,1,No,Diploma,Single,2,No,5,Mumbai
6794,Employee 6794,Male,44,Finance,Engineer,2021-02-17,1332714,4,No,Master,Single,5,Yes,4,Hyderabad
6795,Employee 6795,Male,30,Sales,Engineer,2019-01-24,641278,4,No,Bachelor,Married,7,No,4,Chennai
6796,Employee 6796,Female,42,Sales,Executive,2024-05-17,584155,1,No,Bachelor,Single,2,Yes,2,Ahmedabad
6797,Employee 6797,Female,43,IT,Executive,2017-11-07,1443345,3,No,Master,Married,8,No,5,Bengaluru
6798,Employee 6798,Female,39,Support,Analyst,2017-01-14,466955,1,No,Master,Married,9,No,1,Ahmedabad
6799,Employee 6799,Male,49,IT,Manager,2018-01-26,1748887,3,No,Bachelor,Married,8,No,3,Ahmedabad
6800,Employee 6800,Male,35,Operations,Manager,2016-03-29,705513,4,No,Bachelor,Single,10,No,3,Pune
6801,Employee 6801,Male,22,Support,Specialist,2016-01-26,1170208,4,No,Master,Married,2,Yes,2,Chennai
6802,Employee 6802,Male,54,Marketing,Specialist,2021-12-16,1262525,5,No,Master,Single,4,No,5,Mumbai
6803,Employee 6803,Female,52,Finance,Analyst,2015-01-12,418515,1,No,Master,Single,11,No,3,Chennai
6804,Employee 6804,Male,21,Marketing,Analyst,2020-06-19,1259292,3,No,Master,Married,1,Yes,2,Chennai
6805,Employee 6805,Female,22,Marketing,Associate,2015-03-29,268446,3,Yes,Master,Single,2,Yes,4,Chennai
6806,Employee 6806,Male,51,Sales,Associate,2025-08-07,1755977,5,No,Master,Married,0,Yes,4,Bengaluru
6807,Employee 6807,Male,50,HR,Manager,2020-03-08,922534,1,No,Master,Single,6,No,5,Pune
6808,Employee 6808,Male,38,IT,Associate,2017-12-21,1774233,5,No,Bachelor,Married,8,Yes,5,Bengaluru
6809,Employee 6809,Male,60,HR,Specialist,2019-09-17,1389254,4,No,Bachelor,Single,6,Yes,1,Mumbai
6810,Employee 6810,Female,27,HR,Manager,2026-03-29,333901,1,No,Bachelor,Single,0,Yes,1,Chennai
6811,Employee 6811,Female,29,Operations,Engineer,2019-11-30,1494221,1,No,Bachelor,Single,6,Yes,3,Mumbai
6812,Employee 6812,Female,54,Marketing,Engineer,2017-08-27,366802,4,No,Master,Single,8,Yes,5,Hyderabad
6813,Employee 6813,Female,53,Operations,Specialist,2017-09-20,804158,4,No,Master,Single,8,Yes,3,Mumbai
6814,Employee 6814,Female,23,Marketing,Analyst,2026-03-25,1575826,5,No,Bachelor,Married,0,Yes,1,Pune
6815,Employee 6815,Male,36,Marketing,Analyst,2024-09-19,490388,5,No,Diploma,Single,1,Yes,4,Hyderabad
6816,Employee 6816,Female,22,Sales,Specialist,2026-03-30,1188659,5,No,Master,Single,0,No,1,Bengaluru
6817,Employee 6817,Female,56,HR,Specialist,2017-09-09,1340755,4,No,Master,Married,8,No,3,Bengaluru
6818,Employee 6818,Male,43,Finance,Engineer,2020-10-13,1329085,5,No,Diploma,Single,5,No,5,Ahmedabad
6819,Employee 6819,Female,51,Marketing,Associate,2017-03-27,816450,4,No,Master,Single,9,No,3,Bengaluru
6820,Employee 6820,Female,48,Operations,Associate,2023-08-23,1301473,1,Yes,Master,Married,2,Yes,2,Ahmedabad
6821,Employee 6821,Male,52,Sales,Manager,2023-01-11,1410527,4,No,Bachelor,Single,3,No,5,Pune
6822,Employee 6822,Male,24,Support,Manager,2022-05-21,1751371,5,No,Bachelor,Married,4,Yes,1,Delhi
6823,Employee 6823,Male,49,Operations,Executive,2020-05-17,1027070,5,No,Bachelor,Married,6,Yes,3,Pune
6824,Employee 6824,Female,37,Operations,Executive,2023-03-24,320149,1,No,Master,Single,3,No,2,Chennai
6825,Employee 6825,Female,35,Finance,Engineer,2025-07-28,1359375,4,No,Diploma,Married,0,No,4,Delhi
6826,Employee 6826,Male,38,Support,Associate,2019-01-31,787807,3,No,Master,Single,7,No,2,Ahmedabad
6827,Employee 6827,Female,21,Support,Associate,2016-10-30,1475935,4,No,Bachelor,Single,1,No,2,Bengaluru
6828,Employee 6828,Female,55,IT,Analyst,2020-12-06,1651556,1,Yes,Master,Single,5,Yes,4,Bengaluru
6829,Employee 6829,Male,41,IT,Associate,2020-09-23,291889,1,No,Bachelor,Single,5,No,5,Chennai
6830,Employee 6830,Male,36,Support,Executive,2026-03-04,1046444,4,No,Master,Married,0,No,3,Delhi
6831,Employee 6831,Female,38,Sales,Executive,2019-06-27,313684,1,No,Master,Married,7,Yes,1,Bengaluru
6832,Employee 6832,Male,28,IT,Analyst,2025-07-23,533539,1,No,Bachelor,Married,0,Yes,4,Mumbai
6833,Employee 6833,Male,35,Support,Specialist,2017-08-28,382522,5,Yes,Bachelor,Married,8,Yes,3,Pune
6834,Employee 6834,Female,43,Finance,Associate,2017-01-24,407364,3,No,Diploma,Married,9,No,4,Pune
6835,Employee 6835,Male,56,Operations,Manager,2016-10-25,355311,5,No,Bachelor,Married,9,No,5,Bengaluru
6836,Employee 6836,Male,27,Sales,Manager,2020-09-01,1543938,2,No,Diploma,Married,5,Yes,1,Chennai
6837,Employee 6837,Female,54,Finance,Executive,2023-01-19,1129671,5,No,Bachelor,Single,3,Yes,3,Mumbai
6838,Employee 6838,Female,46,Support,Executive,2017-04-27,395241,1,No,Diploma,Single,9,Yes,3,Ahmedabad
6839,Employee 6839,Female,49,Operations,Specialist,2018-05-01,941938,3,No,Master,Married,8,No,4,Hyderabad
6840,Employee 6840,Male,44,Finance,Executive,2018-11-12,1632310,1,No,Master,Single,7,No,5,Hyderabad
6841,Employee 6841,Male,51,Sales,Manager,2019-01-29,1731279,2,No,Master,Married,7,Yes,3,Bengaluru
6842,Employee 6842,Male,36,Marketing,Engineer,2015-05-26,595161,4,Yes,Master,Married,11,Yes,2,Pune
6843,Employee 6843,Female,51,HR,Engineer,2024-01-04,960609,4,No,Diploma,Married,2,Yes,5,Delhi
6844,Employee 6844,Female,39,Operations,Associate,2024-07-18,1544765,5,No,Diploma,Married,1,No,3,Delhi
6845,Employee 6845,Male,33,IT,Specialist,2023-03-12,1780304,3,No,Master,Single,3,Yes,1,Mumbai
6846,Employee 6846,Male,23,Operations,Specialist,2019-12-18,375672,3,No,Master,Single,3,Yes,5,Pune
6847,Employee 6847,Male,40,Marketing,Specialist,2019-11-10,332682,3,Yes,Diploma,Married,6,No,5,Chennai
6848,Employee 6848,Female,47,Sales,Specialist,2016-02-07,739421,1,No,Diploma,Married,10,Yes,2,Hyderabad
6849,Employee 6849,Male,27,Support,Engineer,2020-05-29,575154,3,No,Master,Single,6,Yes,1,Hyderabad
6850,Employee 6850,Male,42,Operations,Analyst,2022-01-18,392365,3,No,Diploma,Married,4,Yes,5,Hyderabad
6851,Employee 6851,Male,24,Operations,Engineer,2017-10-07,598358,3,No,Bachelor,Single,4,Yes,5,Ahmedabad
6852,Employee 6852,Female,49,Sales,Associate,2019-12-14,1688308,4,No,Diploma,Married,6,No,2,Bengaluru
6853,Employee 6853,Male,51,Operations,Engineer,2022-07-17,824971,2,No,Diploma,Married,3,No,1,Bengaluru
6854,Employee 6854,Male,46,IT,Associate,2020-11-01,1444790,4,Yes,Diploma,Married,5,No,3,Bengaluru
6855,Employee 6855,Male,22,Marketing,Analyst,2016-01-26,465173,2,No,Diploma,Married,2,No,5,Ahmedabad
6856,Employee 6856,Male,50,Operations,Analyst,2023-12-31,788512,5,Yes,Diploma,Single,2,No,4,Mumbai
6857,Employee 6857,Male,48,Sales,Engineer,2024-02-24,1093804,5,No,Bachelor,Single,2,Yes,2,Delhi
6858,Employee 6858,Female,27,Marketing,Associate,2025-10-29,1748923,3,No,Bachelor,Single,0,Yes,2,Chennai
6859,Employee 6859,Female,30,Support,Specialist,2024-07-26,1589933,1,No,Bachelor,Single,1,No,3,Pune
6860,Employee 6860,Male,26,Marketing,Analyst,2016-09-29,1628933,2,No,Master,Married,6,No,2,Mumbai
6861,Employee 6861,Female,56,Support,Manager,2026-05-06,571975,3,No,Diploma,Married,0,No,1,Hyderabad
6862,Employee 6862,Male,55,Marketing,Engineer,2020-03-23,941826,3,No,Master,Single,6,No,1,Ahmedabad
6863,Employee 6863,Male,59,IT,Analyst,2022-02-19,846778,2,Yes,Master,Single,4,No,4,Ahmedabad
6864,Employee 6864,Male,46,Support,Executive,2023-08-19,591626,4,No,Master,Single,2,No,3,Ahmedabad
6865,Employee 6865,Male,38,Finance,Specialist,2016-06-14,929808,5,Yes,Diploma,Single,10,No,4,Mumbai
6866,Employee 6866,Male,43,IT,Specialist,2018-11-06,1704116,5,No,Master,Married,7,Yes,1,Chennai
6867,Employee 6867,Male,53,Finance,Engineer,2025-07-12,1572215,3,No,Diploma,Single,0,No,4,Bengaluru
6868,Employee 6868,Male,26,Finance,Engineer,2023-06-11,1320545,3,No,Diploma,Married,3,Yes,5,Mumbai
6869,Employee 6869,Male,32,Sales,Executive,2020-06-08,805229,5,No,Master,Single,6,No,4,Pune
6870,Employee 6870,Female,53,Marketing,Engineer,2020-06-28,902721,4,No,Bachelor,Married,6,No,3,Mumbai
6871,Employee 6871,Female,52,Operations,Engineer,2024-06-30,666142,3,No,Bachelor,Married,2,No,4,Mumbai
6872,Employee 6872,Male,26,Operations,Associate,2023-12-17,264713,2,No,Bachelor,Married,2,No,5,Pune
6873,Employee 6873,Female,37,Support,Specialist,2025-05-03,1288526,3,No,Bachelor,Single,1,Yes,4,Pune
6874,Employee 6874,Female,60,Finance,Manager,2016-03-11,944857,1,No,Bachelor,Married,10,No,5,Bengaluru
6875,Employee 6875,Male,51,Sales,Engineer,2026-03-13,1282283,1,Yes,Master,Single,0,Yes,3,Pune
6876,Employee 6876,Male,21,Finance,Engineer,2015-02-28,703945,5,No,Bachelor,Married,1,No,5,Hyderabad
6877,Employee 6877,Female,52,Marketing,Executive,2016-11-07,450863,1,No,Diploma,Married,9,Yes,3,Hyderabad
6878,Employee 6878,Female,42,IT,Manager,2025-08-02,759044,4,No,Bachelor,Married,0,No,4,Pune
6879,Employee 6879,Male,49,Marketing,Engineer,2024-06-04,952329,5,Yes,Diploma,Married,2,No,1,Delhi
6880,Employee 6880,Male,58,Operations,Executive,2024-08-25,310246,3,No,Master,Married,1,No,2,Bengaluru
6881,Employee 6881,Male,45,Marketing,Manager,2019-11-20,464436,4,No,Bachelor,Married,6,No,2,Pune
6882,Employee 6882,Male,32,Finance,Manager,2019-02-20,316466,2,No,Master,Single,7,Yes,2,Pune
6883,Employee 6883,Female,60,Support,Executive,2016-11-22,1528672,4,No,Master,Single,9,No,5,Delhi
6884,Employee 6884,Female,46,Marketing,Analyst,2019-01-23,1434746,2,No,Master,Single,7,Yes,3,Chennai
6885,Employee 6885,Female,53,IT,Executive,2017-12-09,1617037,4,No,Master,Single,8,No,5,Ahmedabad
6886,Employee 6886,Female,46,Finance,Analyst,2017-06-21,433102,5,No,Diploma,Married,9,No,4,Mumbai
6887,Employee 6887,Male,42,IT,Specialist,2018-01-18,1219628,2,No,Bachelor,Single,8,No,1,Hyderabad
6888,Employee 6888,Female,38,HR,Manager,2023-04-17,1574180,4,No,Master,Single,3,No,1,Delhi
6889,Employee 6889,Male,58,IT,Executive,2018-09-08,1513924,3,No,Bachelor,Single,7,No,5,Ahmedabad
6890,Employee 6890,Male,37,Sales,Manager,2022-08-16,365486,3,No,Diploma,Single,3,Yes,5,Delhi
6891,Employee 6891,Male,35,IT,Analyst,2015-10-11,381458,2,No,Bachelor,Single,10,No,1,Chennai
6892,Employee 6892,Male,34,Finance,Specialist,2023-02-04,1484524,4,Yes,Diploma,Married,3,Yes,5,Ahmedabad
6893,Employee 6893,Male,35,Operations,Engineer,2015-01-24,1500363,1,No,Master,Married,11,No,4,Delhi
6894,Employee 6894,Male,29,Finance,Manager,2021-08-06,896699,1,Yes,Master,Single,4,Yes,2,Hyderabad
6895,Employee 6895,Female,49,IT,Analyst,2018-10-22,1099717,3,No,Diploma,Married,7,Yes,5,Chennai
6896,Employee 6896,Female,52,Finance,Associate,2023-12-03,469529,5,No,Bachelor,Single,2,Yes,1,Bengaluru
6897,Employee 6897,Male,50,Sales,Executive,2025-07-24,1579354,5,Yes,Master,Single,0,No,2,Bengaluru
6898,Employee 6898,Female,55,Marketing,Analyst,2023-09-12,1015392,2,No,Diploma,Single,2,No,4,Mumbai
6899,Employee 6899,Female,49,HR,Associate,2023-10-10,1101267,4,No,Bachelor,Single,2,Yes,5,Delhi
6900,Employee 6900,Male,26,Marketing,Analyst,2025-11-09,1665935,5,No,Master,Single,0,No,4,Mumbai
6901,Employee 6901,Female,39,Finance,Manager,2016-02-23,874764,4,No,Bachelor,Single,10,No,2,Hyderabad
6902,Employee 6902,Female,28,Operations,Manager,2020-06-06,358512,2,No,Master,Single,6,Yes,3,Pune
6903,Employee 6903,Male,21,Finance,Analyst,2025-03-23,347934,4,No,Diploma,Married,1,Yes,1,Hyderabad
6904,Employee 6904,Female,46,Finance,Associate,2025-03-16,682770,3,No,Bachelor,Single,1,No,1,Ahmedabad
6905,Employee 6905,Male,23,Operations,Manager,2020-09-11,311047,4,No,Master,Single,3,No,1,Pune
6906,Employee 6906,Female,33,Marketing,Executive,2020-09-04,679213,2,No,Bachelor,Single,5,No,2,Mumbai
6907,Employee 6907,Male,30,Sales,Manager,2025-11-01,811738,4,Yes,Master,Married,0,No,3,Bengaluru
6908,Employee 6908,Female,31,Support,Associate,2017-02-13,662109,5,No,Bachelor,Married,9,No,2,Mumbai
6909,Employee 6909,Female,31,Support,Engineer,2021-01-06,532816,2,No,Diploma,Married,5,No,2,Chennai
6910,Employee 6910,Female,26,Support,Specialist,2016-07-25,1743182,3,No,Master,Single,6,Yes,2,Chennai
6911,Employee 6911,Male,28,Support,Engineer,2023-01-28,991463,5,No,Diploma,Married,3,Yes,4,Mumbai
6912,Employee 6912,Male,48,IT,Manager,2016-04-26,423120,2,No,Master,Single,10,Yes,4,Delhi
6913,Employee 6913,Male,48,IT,Specialist,2016-08-24,1135084,2,No,Master,Married,9,Yes,2,Bengaluru
6914,Employee 6914,Female,51,HR,Associate,2018-11-07,819446,5,No,Master,Single,7,Yes,5,Mumbai
6915,Employee 6915,Female,52,Support,Analyst,2026-05-28,1387292,3,No,Bachelor,Married,0,No,2,Delhi
6916,Employee 6916,Male,43,Marketing,Analyst,2018-11-12,1797612,3,No,Bachelor,Single,7,No,1,Ahmedabad
6917,Employee 6917,Female,38,Operations,Manager,2021-10-19,549444,5,Yes,Diploma,Married,4,Yes,3,Hyderabad
6918,Employee 6918,Female,42,Finance,Engineer,2019-01-01,533481,2,No,Master,Married,7,No,3,Pune
6919,Employee 6919,Female,47,Marketing,Specialist,2019-05-08,602536,2,No,Master,Married,7,No,3,Chennai
6920,Employee 6920,Male,35,Support,Engineer,2016-03-18,557323,2,Yes,Master,Married,10,No,3,Delhi
6921,Employee 6921,Male,56,Support,Specialist,2019-07-14,537051,4,No,Master,Single,6,No,2,Ahmedabad
6922,Employee 6922,Male,37,Finance,Executive,2022-06-24,431465,4,Yes,Bachelor,Single,4,Yes,4,Pune
6923,Employee 6923,Female,27,Support,Analyst,2017-10-22,1451113,3,No,Bachelor,Single,7,Yes,1,Delhi
6924,Employee 6924,Female,26,Support,Executive,2019-12-04,262413,5,Yes,Diploma,Single,6,No,5,Delhi
6925,Employee 6925,Female,24,Support,Executive,2022-09-27,550843,5,Yes,Bachelor,Married,3,No,4,Mumbai
6926,Employee 6926,Female,47,Support,Executive,2021-01-06,580925,5,No,Bachelor,Single,5,No,2,Mumbai
6927,Employee 6927,Female,39,IT,Specialist,2015-03-11,368215,1,Yes,Master,Married,11,No,4,Hyderabad
6928,Employee 6928,Female,53,Support,Specialist,2019-08-05,838667,1,No,Master,Single,6,No,1,Hyderabad
6929,Employee 6929,Male,34,HR,Associate,2020-10-18,1298536,5,No,Bachelor,Single,5,No,5,Mumbai
6930,Employee 6930,Female,27,Finance,Analyst,2025-02-26,1702105,5,No,Diploma,Married,1,Yes,4,Pune
6931,Employee 6931,Male,42,HR,Analyst,2020-08-16,1330508,4,No,Bachelor,Single,5,Yes,5,Ahmedabad
6932,Employee 6932,Female,34,Operations,Associate,2016-05-08,1739330,2,No,Diploma,Married,10,No,2,Ahmedabad
6933,Employee 6933,Male,48,Finance,Analyst,2015-12-10,1771638,1,No,Master,Single,10,No,1,Mumbai
6934,Employee 6934,Female,50,Marketing,Engineer,2018-08-06,834757,1,No,Master,Single,7,Yes,5,Hyderabad
6935,Employee 6935,Female,32,IT,Analyst,2025-01-20,1349634,4,No,Bachelor,Married,1,Yes,1,Hyderabad
6936,Employee 6936,Male,27,Finance,Analyst,2023-04-07,1387001,4,No,Diploma,Married,3,Yes,2,Mumbai
6937,Employee 6937,Female,30,Operations,Associate,2017-06-03,1290033,5,No,Diploma,Married,9,Yes,2,Hyderabad
6938,Employee 6938,Male,59,Finance,Engineer,2019-02-24,1030777,4,No,Master,Single,7,Yes,3,Chennai
6939,Employee 6939,Female,41,IT,Analyst,2022-11-25,289113,3,No,Diploma,Married,3,No,5,Bengaluru
6940,Employee 6940,Female,22,Operations,Manager,2024-01-03,1234516,4,No,Master,Married,2,No,3,Mumbai
6941,Employee 6941,Male,38,HR,Engineer,2020-04-24,780393,3,Yes,Diploma,Single,6,No,2,Ahmedabad
6942,Employee 6942,Female,23,HR,Specialist,2018-12-06,328782,1,No,Master,Married,3,No,3,Ahmedabad
6943,Employee 6943,Male,31,IT,Associate,2022-04-28,1520681,5,No,Diploma,Single,4,No,3,Delhi
6944,Employee 6944,Male,25,Support,Specialist,2025-07-27,1218940,5,Yes,Bachelor,Married,0,No,2,Pune
6945,Employee 6945,Female,59,Operations,Associate,2023-11-06,1122151,5,No,Bachelor,Married,2,No,3,Mumbai
6946,Employee 6946,Female,54,HR,Engineer,2020-03-13,1505420,3,No,Bachelor,Single,6,No,2,Pune
6947,Employee 6947,Male,22,IT,Specialist,2016-01-05,382573,3,No,Bachelor,Single,2,Yes,4,Chennai
6948,Employee 6948,Female,35,Marketing,Executive,2023-03-04,553049,2,Yes,Master,Married,3,No,1,Pune
6949,Employee 6949,Male,36,Sales,Analyst,2015-08-27,1385078,1,No,Bachelor,Single,10,No,1,Hyderabad
6950,Employee 6950,Male,39,Marketing,Executive,2017-09-14,264834,5,No,Master,Married,8,Yes,4,Ahmedabad
6951,Employee 6951,Female,49,HR,Specialist,2026-01-23,1118198,4,No,Master,Married,0,No,5,Hyderabad
6952,Employee 6952,Female,38,Operations,Specialist,2019-11-28,1320840,1,No,Bachelor,Married,6,Yes,4,Bengaluru
6953,Employee 6953,Female,27,Support,Specialist,2021-10-29,1159523,1,No,Diploma,Married,4,Yes,1,Bengaluru
6954,Employee 6954,Male,33,Operations,Associate,2019-03-23,398578,3,No,Bachelor,Married,7,No,1,Pune
6955,Employee 6955,Female,47,Support,Analyst,2019-10-20,582925,1,No,Diploma,Single,6,No,3,Pune
6956,Employee 6956,Male,50,Finance,Manager,2015-07-09,1480022,4,Yes,Master,Married,10,Yes,4,Ahmedabad
6957,Employee 6957,Male,46,IT,Manager,2016-01-10,1672900,3,No,Master,Single,10,No,1,Bengaluru
6958,Employee 6958,Female,34,Operations,Executive,2020-03-17,257763,5,No,Bachelor,Married,6,Yes,4,Bengaluru
6959,Employee 6959,Female,50,Operations,Manager,2016-10-17,834864,5,Yes,Diploma,Married,9,No,3,Pune
6960,Employee 6960,Female,49,Support,Executive,2018-01-05,364685,4,No,Master,Single,8,No,1,Bengaluru
6961,Employee 6961,Male,46,Operations,Executive,2018-01-23,825596,5,No,Diploma,Married,8,Yes,3,Mumbai
6962,Employee 6962,Female,22,Operations,Associate,2021-01-31,711097,1,No,Master,Single,2,No,1,Chennai
6963,Employee 6963,Female,30,Support,Analyst,2025-09-10,847876,3,No,Diploma,Single,0,No,1,Bengaluru
6964,Employee 6964,Male,29,Marketing,Engineer,2017-01-07,1348462,1,No,Bachelor,Single,9,No,1,Ahmedabad
6965,Employee 6965,Male,48,HR,Engineer,2016-02-13,577671,4,No,Diploma,Single,10,Yes,5,Ahmedabad
6966,Employee 6966,Male,60,Support,Specialist,2026-06-11,627402,2,No,Diploma,Married,0,Yes,3,Pune
6967,Employee 6967,Female,25,Finance,Analyst,2024-05-14,638535,5,No,Diploma,Single,2,No,3,Bengaluru
6968,Employee 6968,Female,31,Sales,Associate,2015-04-28,1144820,3,No,Master,Single,11,Yes,5,Chennai
6969,Employee 6969,Male,50,Operations,Associate,2016-12-18,707434,4,No,Master,Married,9,No,2,Bengaluru
6970,Employee 6970,Male,59,Operations,Executive,2023-02-14,1722329,4,No,Master,Married,3,Yes,5,Pune
6971,Employee 6971,Male,36,Support,Analyst,2025-12-22,454443,2,No,Master,Single,0,No,5,Pune
6972,Employee 6972,Female,50,Finance,Specialist,2019-11-25,661068,2,No,Bachelor,Married,6,No,4,Chennai
6973,Employee 6973,Male,41,Finance,Engineer,2020-08-27,1053658,5,No,Diploma,Single,5,No,4,Hyderabad
6974,Employee 6974,Female,43,Sales,Executive,2023-09-06,1719442,5,Yes,Master,Single,2,Yes,3,Hyderabad
6975,Employee 6975,Female,56,Sales,Engineer,2025-12-27,1199437,2,Yes,Bachelor,Single,0,Yes,1,Hyderabad
6976,Employee 6976,Female,55,IT,Associate,2020-11-01,1156417,4,No,Master,Single,5,Yes,4,Ahmedabad
6977,Employee 6977,Male,42,IT,Engineer,2024-05-01,1646151,1,No,Diploma,Married,2,No,2,Bengaluru
6978,Employee 6978,Male,36,IT,Engineer,2023-03-09,1266322,2,No,Bachelor,Married,3,Yes,4,Delhi
6979,Employee 6979,Male,24,Marketing,Associate,2022-12-12,1078913,5,No,Master,Married,3,Yes,3,Delhi
6980,Employee 6980,Male,41,IT,Specialist,2016-06-30,1651538,5,No,Bachelor,Single,10,Yes,4,Pune
6981,Employee 6981,Female,55,HR,Specialist,2024-11-01,829989,3,No,Master,Married,1,Yes,2,Pune
6982,Employee 6982,Female,25,Sales,Manager,2015-10-04,1424848,3,No,Diploma,Single,5,Yes,2,Pune
6983,Employee 6983,Male,45,Marketing,Executive,2025-08-22,1364726,3,No,Diploma,Single,0,No,5,Mumbai
6984,Employee 6984,Female,46,Marketing,Associate,2021-12-31,1251331,2,No,Master,Married,4,No,1,Bengaluru
6985,Employee 6985,Male,24,Sales,Associate,2021-04-17,1230457,3,No,Diploma,Single,4,Yes,1,Delhi
6986,Employee 6986,Male,40,IT,Associate,2019-07-13,923049,4,No,Master,Single,6,Yes,2,Bengaluru
6987,Employee 6987,Female,42,Operations,Engineer,2020-03-10,921127,5,No,Diploma,Single,6,No,1,Delhi
6988,Employee 6988,Female,49,Support,Specialist,2026-05-22,253171,1,No,Master,Married,0,No,4,Chennai
6989,Employee 6989,Male,36,Support,Associate,2024-12-07,1286437,5,No,Master,Single,1,Yes,5,Bengaluru
6990,Employee 6990,Female,42,IT,Executive,2023-10-12,1263548,4,No,Diploma,Single,2,No,4,Mumbai
6991,Employee 6991,Male,21,Finance,Engineer,2020-12-12,1483285,2,No,Bachelor,Single,1,Yes,1,Hyderabad
6992,Employee 6992,Female,31,Finance,Analyst,2024-05-02,612198,3,No,Diploma,Single,2,Yes,2,Ahmedabad
6993,Employee 6993,Female,27,Support,Specialist,2017-10-28,859722,4,Yes,Bachelor,Single,7,No,1,Mumbai
6994,Employee 6994,Female,44,Support,Engineer,2016-01-30,1224504,1,No,Diploma,Married,10,No,3,Bengaluru
6995,Employee 6995,Male,34,IT,Analyst,2017-01-13,1202822,2,No,Bachelor,Single,9,Yes,2,Hyderabad
6996,Employee 6996,Male,57,Support,Analyst,2021-12-27,440385,1,No,Bachelor,Single,4,No,5,Ahmedabad
6997,Employee 6997,Female,30,Finance,Manager,2019-11-17,1628736,5,No,Master,Single,6,No,4,Bengaluru
6998,Employee 6998,Male,54,IT,Engineer,2022-09-01,1664877,5,No,Bachelor,Married,3,Yes,3,Delhi
6999,Employee 6999,Female,27,Sales,Specialist,2024-03-19,1458387,5,No,Bachelor,Single,2,Yes,2,Bengaluru
7000,Employee 7000,Female,54,Finance,Engineer,2023-12-02,1678284,3,No,Bachelor,Married,2,No,1,Chennai
7001,Employee 7001,Male,23,Operations,Executive,2020-01-04,1242813,3,No,Bachelor,Single,3,No,5,Bengaluru
7002,Employee 7002,Male,48,Finance,Specialist,2018-02-17,1419530,3,No,Diploma,Single,8,No,5,Chennai
7003,Employee 7003,Male,57,IT,Manager,2016-03-11,1654817,2,No,Bachelor,Married,10,No,1,Pune
7004,Employee 7004,Male,24,Marketing,Executive,2018-04-13,1597957,4,No,Diploma,Single,4,Yes,1,Mumbai
7005,Employee 7005,Male,54,Operations,Associate,2022-09-19,805384,2,No,Bachelor,Married,3,Yes,4,Bengaluru
7006,Employee 7006,Female,22,IT,Engineer,2024-03-15,263102,4,No,Master,Married,2,No,4,Bengaluru
7007,Employee 7007,Male,30,Marketing,Associate,2025-06-14,273933,4,Yes,Diploma,Single,1,No,2,Chennai
7008,Employee 7008,Male,57,Finance,Specialist,2016-10-29,494053,2,No,Bachelor,Married,9,Yes,3,Hyderabad
7009,Employee 7009,Male,24,Operations,Manager,2024-10-09,514988,2,No,Bachelor,Single,1,Yes,5,Pune
7010,Employee 7010,Male,43,Support,Executive,2022-08-09,443922,1,No,Diploma,Married,3,No,4,Bengaluru
7011,Employee 7011,Female,57,HR,Analyst,2017-04-18,814789,2,No,Diploma,Married,9,No,2,Mumbai
7012,Employee 7012,Female,51,HR,Specialist,2021-08-06,1053485,4,No,Diploma,Married,4,Yes,1,Delhi
7013,Employee 7013,Male,54,Sales,Analyst,2017-05-08,496435,5,No,Master,Single,9,Yes,4,Delhi
7014,Employee 7014,Female,22,Support,Manager,2016-09-08,1389812,3,No,Master,Married,2,No,3,Chennai
7015,Employee 7015,Male,58,HR,Analyst,2025-10-23,1169226,5,No,Bachelor,Single,0,Yes,1,Delhi
7016,Employee 7016,Male,52,Finance,Associate,2017-06-07,1382810,2,No,Diploma,Married,9,No,3,Bengaluru
7017,Employee 7017,Male,24,Finance,Engineer,2023-04-27,1519537,5,No,Diploma,Single,3,Yes,5,Chennai
7018,Employee 7018,Female,56,IT,Analyst,2015-05-31,309053,3,No,Master,Married,11,No,2,Delhi
7019,Employee 7019,Female,29,Sales,Analyst,2023-11-29,1744997,1,No,Master,Single,2,No,3,Hyderabad
7020,Employee 7020,Male,21,Finance,Engineer,2018-04-28,1329824,3,No,Bachelor,Single,1,Yes,5,Hyderabad
7021,Employee 7021,Female,25,Marketing,Executive,2025-06-08,1384333,5,No,Bachelor,Married,1,No,1,Delhi
7022,Employee 7022,Male,25,IT,Specialist,2021-01-22,306068,2,No,Master,Single,5,No,1,Mumbai
7023,Employee 7023,Male,57,Operations,Associate,2015-04-18,1130585,1,No,Diploma,Married,11,No,4,Mumbai
7024,Employee 7024,Female,58,IT,Executive,2019-07-01,581998,2,No,Master,Single,7,No,2,Hyderabad
7025,Employee 7025,Female,58,Sales,Associate,2015-11-05,1509633,3,No,Diploma,Single,10,Yes,1,Mumbai
7026,Employee 7026,Male,49,Marketing,Associate,2018-02-26,1280209,5,No,Bachelor,Single,8,Yes,5,Ahmedabad
7027,Employee 7027,Male,45,Sales,Manager,2022-10-31,953641,2,No,Master,Married,3,Yes,1,Chennai
7028,Employee 7028,Male,34,Finance,Manager,2023-11-19,394458,5,No,Bachelor,Married,2,No,2,Mumbai
7029,Employee 7029,Female,31,IT,Specialist,2021-04-16,1038412,2,No,Master,Married,5,No,4,Ahmedabad
7030,Employee 7030,Female,24,Sales,Analyst,2019-10-25,1046973,2,No,Bachelor,Single,4,No,3,Ahmedabad
7031,Employee 7031,Female,46,IT,Associate,2023-09-01,1305514,4,No,Diploma,Married,2,Yes,4,Hyderabad
7032,Employee 7032,Female,29,Finance,Specialist,2025-09-16,1466592,3,Yes,Master,Married,0,Yes,4,Bengaluru
7033,Employee 7033,Female,54,Support,Engineer,2021-08-30,1725536,4,Yes,Bachelor,Married,4,No,5,Ahmedabad
7034,Employee 7034,Female,38,Sales,Specialist,2020-12-23,518507,1,No,Diploma,Single,5,Yes,3,Bengaluru
7035,Employee 7035,Male,54,HR,Manager,2021-05-16,726940,4,No,Diploma,Single,5,No,3,Mumbai
7036,Employee 7036,Female,40,Operations,Analyst,2021-08-01,546164,4,No,Master,Single,4,No,4,Ahmedabad
7037,Employee 7037,Female,46,IT,Analyst,2022-10-03,1077906,4,No,Master,Single,3,Yes,2,Delhi
7038,Employee 7038,Female,59,Finance,Manager,2018-11-06,769900,1,No,Bachelor,Married,7,No,4,Hyderabad
7039,Employee 7039,Female,40,Support,Analyst,2017-07-22,1019650,2,No,Master,Married,8,No,4,Mumbai
7040,Employee 7040,Male,40,Marketing,Executive,2019-04-07,852412,2,No,Bachelor,Married,7,Yes,4,Hyderabad
7041,Employee 7041,Male,26,Operations,Analyst,2017-01-14,313940,4,No,Diploma,Single,6,Yes,2,Hyderabad
7042,Employee 7042,Female,31,IT,Associate,2017-12-12,1531453,5,Yes,Master,Single,8,Yes,4,Pune
7043,Employee 7043,Male,55,Operations,Analyst,2015-01-02,396567,3,No,Diploma,Single,11,No,1,Chennai
7044,Employee 7044,Female,52,IT,Specialist,2017-03-09,1235243,3,No,Master,Married,9,No,2,Pune
7045,Employee 7045,Male,60,Sales,Associate,2017-06-01,314120,2,Yes,Diploma,Single,9,Yes,2,Pune
7046,Employee 7046,Male,49,Operations,Specialist,2020-04-24,1669605,5,No,Bachelor,Single,6,Yes,2,Delhi
7047,Employee 7047,Female,34,Operations,Associate,2022-10-11,1760918,1,Yes,Bachelor,Single,3,Yes,2,Mumbai
7048,Employee 7048,Male,53,Operations,Specialist,2025-05-24,258271,1,No,Diploma,Married,1,No,2,Ahmedabad
7049,Employee 7049,Female,55,IT,Executive,2022-09-16,1337375,4,Yes,Diploma,Married,3,No,3,Mumbai
7050,Employee 7050,Male,58,Marketing,Engineer,2020-10-10,782175,3,Yes,Diploma,Married,5,Yes,2,Ahmedabad
7051,Employee 7051,Female,60,Operations,Specialist,2023-01-03,1147247,3,No,Bachelor,Single,3,No,5,Delhi
7052,Employee 7052,Male,26,Finance,Engineer,2016-04-10,997082,5,No,Diploma,Single,6,No,5,Chennai
7053,Employee 7053,Male,39,Finance,Specialist,2018-10-22,1006980,5,No,Diploma,Married,7,Yes,4,Hyderabad
7054,Employee 7054,Male,52,Operations,Specialist,2018-09-07,1071521,4,No,Diploma,Single,7,No,2,Pune
7055,Employee 7055,Female,31,Sales,Associate,2025-06-06,1335710,1,No,Master,Single,1,No,5,Hyderabad
7056,Employee 7056,Male,46,IT,Associate,2022-11-06,305946,5,No,Bachelor,Single,3,Yes,2,Ahmedabad
7057,Employee 7057,Female,27,Finance,Engineer,2020-08-08,1276290,3,No,Diploma,Single,5,Yes,5,Ahmedabad
7058,Employee 7058,Female,46,IT,Analyst,2025-03-07,1041078,3,No,Diploma,Single,1,Yes,3,Pune
7059,Employee 7059,Male,21,Finance,Specialist,2026-06-22,1521642,3,Yes,Diploma,Married,0,Yes,3,Mumbai
7060,Employee 7060,Female,21,Sales,Specialist,2018-12-08,325108,1,No,Diploma,Married,1,Yes,5,Pune
7061,Employee 7061,Male,53,HR,Manager,2016-03-02,482350,2,No,Master,Married,10,Yes,1,Mumbai
7062,Employee 7062,Male,24,Marketing,Engineer,2022-08-02,629717,3,No,Master,Single,3,No,4,Delhi
7063,Employee 7063,Female,23,Finance,Executive,2019-04-07,1303683,5,No,Master,Single,3,Yes,4,Ahmedabad
7064,Employee 7064,Female,21,HR,Associate,2024-09-06,1455076,3,No,Bachelor,Married,1,Yes,5,Mumbai
7065,Employee 7065,Male,42,IT,Engineer,2024-08-30,481716,5,No,Master,Single,1,Yes,2,Mumbai
7066,Employee 7066,Female,60,Operations,Associate,2018-02-01,843440,1,No,Diploma,Married,8,No,5,Mumbai
7067,Employee 7067,Female,52,Marketing,Specialist,2024-02-27,672570,4,Yes,Bachelor,Single,2,No,3,Ahmedabad
7068,Employee 7068,Female,46,Marketing,Analyst,2015-01-29,1148517,5,No,Diploma,Single,11,Yes,5,Pune
7069,Employee 7069,Female,52,IT,Executive,2017-03-10,873012,4,No,Bachelor,Single,9,Yes,3,Chennai
7070,Employee 7070,Female,26,Marketing,Specialist,2019-12-03,522741,1,No,Bachelor,Single,6,Yes,4,Delhi
7071,Employee 7071,Female,52,Operations,Analyst,2025-12-25,1442093,4,No,Master,Single,0,Yes,2,Chennai
7072,Employee 7072,Female,60,Finance,Analyst,2019-02-11,1302787,2,No,Diploma,Married,7,Yes,2,Mumbai
7073,Employee 7073,Male,37,Sales,Executive,2020-03-07,405560,4,Yes,Bachelor,Single,6,Yes,3,Mumbai
7074,Employee 7074,Male,41,IT,Manager,2020-04-06,1599705,2,No,Bachelor,Single,6,No,2,Ahmedabad
7075,Employee 7075,Male,31,Finance,Specialist,2015-04-27,1548905,2,Yes,Master,Single,11,Yes,5,Chennai
7076,Employee 7076,Female,38,IT,Analyst,2023-03-24,1413930,2,No,Diploma,Single,3,Yes,1,Mumbai
7077,Employee 7077,Male,38,Marketing,Engineer,2020-10-17,1615811,2,No,Bachelor,Married,5,Yes,5,Chennai
7078,Employee 7078,Male,33,Operations,Manager,2021-08-17,384752,3,No,Bachelor,Married,4,Yes,1,Hyderabad
7079,Employee 7079,Male,43,Marketing,Executive,2019-07-01,735740,5,Yes,Master,Single,7,Yes,1,Hyderabad
7080,Employee 7080,Male,46,HR,Specialist,2018-11-21,735705,1,No,Diploma,Married,7,No,3,Bengaluru
7081,Employee 7081,Female,29,Support,Executive,2022-02-23,1293696,4,No,Diploma,Single,4,No,3,Pune
7082,Employee 7082,Female,49,Sales,Analyst,2015-07-15,1014164,1,No,Bachelor,Single,10,No,1,Mumbai
7083,Employee 7083,Male,28,HR,Executive,2023-03-13,1321830,3,No,Master,Married,3,Yes,3,Chennai
7084,Employee 7084,Female,56,HR,Executive,2016-07-03,1715966,2,No,Bachelor,Married,10,Yes,1,Mumbai
7085,Employee 7085,Male,54,Finance,Manager,2016-10-22,677779,2,No,Master,Single,9,No,4,Pune
7086,Employee 7086,Male,26,Finance,Specialist,2020-08-23,1345966,2,No,Bachelor,Single,5,Yes,2,Delhi
7087,Employee 7087,Male,50,Sales,Associate,2023-04-19,1100511,4,No,Bachelor,Married,3,Yes,1,Hyderabad
7088,Employee 7088,Male,28,IT,Executive,2016-07-08,1434692,3,No,Diploma,Married,8,Yes,1,Pune
7089,Employee 7089,Female,48,Sales,Specialist,2020-10-10,1075984,5,No,Master,Single,5,No,1,Bengaluru
7090,Employee 7090,Female,21,HR,Engineer,2017-02-13,501046,1,No,Diploma,Married,1,Yes,4,Bengaluru
7091,Employee 7091,Female,36,HR,Executive,2025-05-24,877408,1,No,Master,Married,1,Yes,3,Bengaluru
7092,Employee 7092,Female,40,HR,Engineer,2019-08-30,1075543,3,No,Diploma,Married,6,Yes,3,Bengaluru
7093,Employee 7093,Female,24,Operations,Analyst,2020-10-07,776653,4,No,Diploma,Single,4,No,5,Pune
7094,Employee 7094,Female,39,Marketing,Executive,2016-07-13,1275596,4,No,Bachelor,Single,9,Yes,2,Ahmedabad
7095,Employee 7095,Male,22,IT,Specialist,2015-03-15,379388,2,No,Bachelor,Married,2,Yes,4,Pune
7096,Employee 7096,Female,37,Finance,Analyst,2025-12-05,838551,1,No,Diploma,Single,0,No,5,Mumbai
7097,Employee 7097,Male,57,Finance,Specialist,2024-05-11,880371,5,No,Diploma,Single,2,Yes,3,Ahmedabad
7098,Employee 7098,Female,49,Support,Executive,2018-12-09,1730354,3,Yes,Diploma,Single,7,Yes,3,Delhi
7099,Employee 7099,Female,24,Marketing,Analyst,2016-06-24,714930,4,No,Bachelor,Married,4,No,1,Chennai
7100,Employee 7100,Female,50,Operations,Engineer,2020-05-01,1281994,3,No,Master,Single,6,Yes,4,Pune
7101,Employee 7101,Female,51,IT,Engineer,2024-11-08,1629790,1,No,Diploma,Single,1,No,3,Hyderabad
7102,Employee 7102,Male,51,Finance,Manager,2016-11-01,474303,1,No,Bachelor,Single,9,No,5,Delhi
7103,Employee 7103,Female,35,IT,Analyst,2023-06-13,733325,3,No,Bachelor,Married,3,Yes,2,Ahmedabad
7104,Employee 7104,Female,22,Finance,Specialist,2021-05-30,1322264,2,No,Diploma,Single,2,Yes,2,Ahmedabad
7105,Employee 7105,Male,55,Marketing,Executive,2024-07-18,267654,3,No,Bachelor,Single,1,No,1,Pune
7106,Employee 7106,Male,53,HR,Manager,2025-11-05,775008,3,No,Diploma,Single,0,No,1,Hyderabad
7107,Employee 7107,Male,28,Finance,Executive,2016-07-17,1418324,1,Yes,Diploma,Single,8,Yes,3,Delhi
7108,Employee 7108,Female,27,Marketing,Associate,2022-11-25,458075,3,No,Master,Married,3,No,5,Pune
7109,Employee 7109,Male,30,HR,Manager,2015-06-07,1356492,1,No,Diploma,Single,10,No,3,Pune
7110,Employee 7110,Male,48,Operations,Specialist,2015-09-24,289301,2,No,Bachelor,Married,10,No,1,Pune
7111,Employee 7111,Female,25,IT,Executive,2024-12-06,1308999,5,No,Diploma,Married,1,Yes,3,Hyderabad
7112,Employee 7112,Female,30,HR,Specialist,2018-03-19,961123,1,No,Diploma,Married,8,Yes,4,Hyderabad
7113,Employee 7113,Female,41,Finance,Associate,2024-11-30,616217,1,No,Master,Married,1,No,1,Hyderabad
7114,Employee 7114,Female,37,Finance,Associate,2017-05-30,446165,3,No,Bachelor,Married,9,Yes,3,Ahmedabad
7115,Employee 7115,Male,46,IT,Analyst,2020-07-11,680691,3,No,Bachelor,Married,5,Yes,1,Mumbai
7116,Employee 7116,Female,31,HR,Specialist,2019-09-08,1378386,5,No,Master,Single,6,Yes,4,Mumbai
7117,Employee 7117,Female,56,Sales,Executive,2019-03-06,818698,4,No,Master,Single,7,Yes,1,Pune
7118,Employee 7118,Male,38,Sales,Analyst,2025-08-16,1259448,3,No,Bachelor,Married,0,Yes,3,Pune
7119,Employee 7119,Male,33,Operations,Analyst,2023-01-02,1697286,5,No,Diploma,Single,3,Yes,4,Chennai
7120,Employee 7120,Male,33,IT,Executive,2015-07-19,687769,1,No,Master,Married,10,Yes,2,Ahmedabad
7121,Employee 7121,Female,48,Sales,Analyst,2017-07-07,1758233,5,No,Master,Single,8,No,5,Mumbai
7122,Employee 7122,Male,51,Support,Engineer,2026-05-14,670151,5,Yes,Diploma,Single,0,No,1,Chennai
7123,Employee 7123,Female,46,Support,Executive,2019-07-23,1747209,4,No,Diploma,Single,6,No,2,Hyderabad
7124,Employee 7124,Female,55,Marketing,Manager,2024-01-19,676534,2,No,Master,Single,2,Yes,2,Ahmedabad
7125,Employee 7125,Male,43,HR,Engineer,2016-03-14,863046,1,No,Diploma,Married,10,Yes,2,Mumbai
7126,Employee 7126,Male,50,HR,Analyst,2026-06-06,1597600,3,No,Bachelor,Single,0,No,3,Pune
7127,Employee 7127,Female,49,Finance,Engineer,2015-03-07,1546786,4,No,Bachelor,Married,11,Yes,5,Delhi
7128,Employee 7128,Male,32,Support,Specialist,2017-10-12,1549078,3,No,Diploma,Single,8,No,2,Mumbai
7129,Employee 7129,Female,34,IT,Engineer,2018-10-29,637998,1,No,Master,Single,7,Yes,5,Ahmedabad
7130,Employee 7130,Female,33,Marketing,Engineer,2025-09-11,1499471,3,No,Bachelor,Single,0,No,1,Bengaluru
7131,Employee 7131,Female,44,Operations,Associate,2019-04-10,421310,2,Yes,Bachelor,Single,7,Yes,1,Pune
7132,Employee 7132,Female,32,Support,Manager,2019-01-14,452208,4,Yes,Diploma,Single,7,Yes,2,Ahmedabad
7133,Employee 7133,Male,52,HR,Analyst,2016-01-09,838408,2,No,Master,Married,10,No,2,Bengaluru
7134,Employee 7134,Female,43,IT,Analyst,2021-09-23,1476091,3,Yes,Master,Married,4,No,1,Pune
7135,Employee 7135,Male,50,Finance,Executive,2015-09-04,987996,2,No,Diploma,Married,10,Yes,3,Pune
7136,Employee 7136,Female,56,Sales,Analyst,2019-05-06,602370,5,No,Diploma,Married,7,No,1,Mumbai
7137,Employee 7137,Male,33,HR,Analyst,2025-01-07,634169,2,No,Master,Married,1,Yes,4,Ahmedabad
7138,Employee 7138,Male,60,Operations,Manager,2021-07-04,1625743,1,No,Master,Single,4,Yes,5,Delhi
7139,Employee 7139,Female,27,IT,Engineer,2024-05-24,1265778,1,No,Diploma,Married,2,No,3,Delhi
7140,Employee 7140,Male,29,Support,Analyst,2020-11-27,279921,1,No,Bachelor,Single,5,No,2,Delhi
7141,Employee 7141,Male,37,Sales,Manager,2020-10-28,1762154,4,No,Bachelor,Single,5,Yes,1,Hyderabad
7142,Employee 7142,Female,33,IT,Manager,2024-08-18,263477,2,No,Diploma,Single,1,No,2,Chennai
7143,Employee 7143,Female,48,IT,Analyst,2023-08-16,866709,2,Yes,Master,Single,2,Yes,1,Bengaluru
7144,Employee 7144,Female,41,Finance,Manager,2016-01-26,1568406,2,Yes,Master,Single,10,Yes,3,Mumbai
7145,Employee 7145,Male,38,Finance,Engineer,2017-11-19,251499,2,No,Master,Married,8,Yes,2,Pune
7146,Employee 7146,Female,22,Support,Analyst,2020-08-06,1330162,5,Yes,Master,Married,2,Yes,2,Delhi
7147,Employee 7147,Male,45,Sales,Engineer,2026-03-21,333406,3,No,Master,Single,0,No,5,Bengaluru
7148,Employee 7148,Female,49,IT,Engineer,2020-11-20,496493,3,Yes,Master,Married,5,No,4,Pune
7149,Employee 7149,Female,49,Support,Specialist,2024-11-10,302137,3,Yes,Diploma,Single,1,No,1,Mumbai
7150,Employee 7150,Male,42,Support,Associate,2026-01-30,413518,5,No,Master,Married,0,Yes,1,Hyderabad
7151,Employee 7151,Male,39,Finance,Analyst,2025-09-01,730466,1,No,Master,Married,0,No,3,Delhi
7152,Employee 7152,Male,27,Operations,Associate,2020-12-25,606930,1,No,Master,Married,5,Yes,4,Delhi
7153,Employee 7153,Male,27,IT,Analyst,2016-12-06,587629,5,Yes,Bachelor,Married,7,No,1,Bengaluru
7154,Employee 7154,Male,30,Support,Associate,2016-04-06,1037104,5,Yes,Bachelor,Married,10,Yes,1,Hyderabad
7155,Employee 7155,Male,29,Finance,Associate,2023-07-08,360687,4,No,Diploma,Single,2,No,2,Pune
7156,Employee 7156,Male,25,Finance,Associate,2024-11-24,1142522,3,No,Diploma,Single,1,No,5,Mumbai
7157,Employee 7157,Male,41,Sales,Manager,2018-08-28,491946,2,No,Bachelor,Married,7,No,2,Bengaluru
7158,Employee 7158,Male,43,Marketing,Associate,2015-11-05,1374910,2,No,Master,Married,10,No,3,Delhi
7159,Employee 7159,Female,49,IT,Analyst,2025-09-25,1095257,4,No,Diploma,Single,0,Yes,2,Bengaluru
7160,Employee 7160,Male,58,IT,Executive,2024-10-01,1349523,5,Yes,Bachelor,Married,1,Yes,2,Chennai
7161,Employee 7161,Female,58,HR,Associate,2017-02-25,1377595,1,No,Bachelor,Married,9,Yes,1,Ahmedabad
7162,Employee 7162,Male,55,Marketing,Analyst,2019-12-21,575214,2,No,Master,Single,6,No,1,Chennai
7163,Employee 7163,Male,42,Marketing,Associate,2025-08-22,690329,1,No,Diploma,Single,0,No,4,Bengaluru
7164,Employee 7164,Male,56,IT,Associate,2020-04-07,1026337,5,No,Bachelor,Single,6,Yes,2,Bengaluru
7165,Employee 7165,Female,57,Operations,Executive,2019-02-21,1043918,3,No,Master,Single,7,No,3,Mumbai
7166,Employee 7166,Male,48,Operations,Associate,2020-06-12,1241454,1,No,Bachelor,Married,6,No,3,Pune
7167,Employee 7167,Female,26,Sales,Analyst,2019-12-24,521048,1,No,Master,Single,6,No,2,Delhi
7168,Employee 7168,Male,52,Marketing,Engineer,2025-11-04,847521,3,No,Diploma,Single,0,Yes,5,Bengaluru
7169,Employee 7169,Female,41,Marketing,Executive,2020-06-25,388856,1,No,Master,Single,6,Yes,3,Bengaluru
7170,Employee 7170,Female,52,HR,Specialist,2016-11-21,972573,3,No,Master,Single,9,No,1,Chennai
7171,Employee 7171,Female,56,Sales,Manager,2017-01-23,947703,5,No,Bachelor,Single,9,No,5,Delhi
7172,Employee 7172,Female,47,Finance,Executive,2020-08-01,498829,5,No,Bachelor,Married,5,No,5,Ahmedabad
7173,Employee 7173,Male,35,Operations,Associate,2023-05-25,1453964,3,No,Bachelor,Single,3,No,1,Chennai
7174,Employee 7174,Female,24,Support,Specialist,2019-09-05,897566,1,No,Diploma,Married,4,No,3,Pune
7175,Employee 7175,Female,33,IT,Engineer,2017-03-05,1799401,3,Yes,Diploma,Married,9,No,5,Chennai
7176,Employee 7176,Female,43,Operations,Specialist,2023-05-03,450780,3,No,Bachelor,Married,3,Yes,5,Mumbai
7177,Employee 7177,Female,23,IT,Engineer,2025-11-19,1131686,5,No,Master,Single,0,No,3,Delhi
7178,Employee 7178,Female,50,IT,Manager,2015-02-17,771382,4,No,Diploma,Married,11,Yes,1,Hyderabad
7179,Employee 7179,Female,51,Sales,Analyst,2020-05-19,1561642,4,No,Diploma,Married,6,No,4,Hyderabad
7180,Employee 7180,Male,51,Finance,Analyst,2021-07-22,1787531,1,No,Diploma,Married,4,No,3,Pune
7181,Employee 7181,Female,33,HR,Associate,2021-03-11,1306019,2,No,Diploma,Single,5,No,2,Pune
7182,Employee 7182,Male,53,Operations,Engineer,2017-04-20,572184,1,No,Master,Single,9,Yes,3,Pune
7183,Employee 7183,Male,38,Sales,Associate,2019-12-20,1493760,1,No,Diploma,Single,6,Yes,5,Delhi
7184,Employee 7184,Female,51,Support,Associate,2025-09-27,312499,5,No,Master,Single,0,Yes,2,Chennai
7185,Employee 7185,Female,28,Finance,Manager,2019-03-09,348195,4,No,Master,Single,7,No,2,Hyderabad
7186,Employee 7186,Male,25,Marketing,Manager,2016-08-29,741465,2,No,Bachelor,Single,5,No,1,Bengaluru
7187,Employee 7187,Female,46,Operations,Specialist,2026-01-30,1574793,4,No,Diploma,Married,0,Yes,5,Ahmedabad
7188,Employee 7188,Female,47,IT,Manager,2019-07-26,563321,4,No,Diploma,Married,6,No,2,Chennai
7189,Employee 7189,Male,58,HR,Manager,2016-06-13,1404494,5,No,Master,Married,10,Yes,2,Hyderabad
7190,Employee 7190,Male,27,IT,Executive,2016-10-16,1177584,2,No,Diploma,Single,7,Yes,4,Pune
7191,Employee 7191,Female,22,HR,Associate,2017-03-22,895427,4,No,Diploma,Single,2,Yes,4,Mumbai
7192,Employee 7192,Male,51,HR,Analyst,2020-02-21,1026986,3,No,Diploma,Single,6,No,5,Chennai
7193,Employee 7193,Male,44,Support,Associate,2021-02-16,1106898,2,No,Bachelor,Married,5,No,2,Chennai
7194,Employee 7194,Male,44,Operations,Analyst,2019-04-02,480654,1,No,Diploma,Married,7,No,4,Ahmedabad
7195,Employee 7195,Female,43,IT,Manager,2022-12-05,1550076,1,No,Bachelor,Married,3,No,2,Chennai
7196,Employee 7196,Female,53,Operations,Associate,2026-01-16,927183,1,No,Master,Married,0,Yes,1,Ahmedabad
7197,Employee 7197,Female,42,IT,Executive,2020-09-17,1647577,3,No,Bachelor,Married,5,No,5,Ahmedabad
7198,Employee 7198,Female,36,Support,Specialist,2015-01-06,429791,2,No,Master,Single,11,Yes,3,Pune
7199,Employee 7199,Female,58,HR,Associate,2025-04-12,973941,5,No,Bachelor,Married,1,No,3,Chennai
7200,Employee 7200,Female,48,IT,Engineer,2021-09-24,425206,3,No,Diploma,Married,4,Yes,3,Delhi
7201,Employee 7201,Female,52,HR,Executive,2016-10-13,1619381,1,Yes,Diploma,Married,9,Yes,1,Chennai
7202,Employee 7202,Male,27,Operations,Associate,2017-10-05,1671282,1,Yes,Diploma,Married,7,Yes,1,Delhi
7203,Employee 7203,Female,25,IT,Specialist,2022-11-02,1568657,2,Yes,Master,Single,3,Yes,4,Delhi
7204,Employee 7204,Male,28,Sales,Executive,2016-04-28,1133359,4,Yes,Master,Single,8,Yes,1,Delhi
7205,Employee 7205,Female,37,HR,Analyst,2024-07-06,563980,3,No,Master,Single,1,No,2,Ahmedabad
7206,Employee 7206,Male,37,Support,Manager,2026-04-04,1606132,1,No,Diploma,Single,0,Yes,3,Chennai
7207,Employee 7207,Male,21,Finance,Manager,2022-06-06,1107566,3,No,Diploma,Married,1,No,2,Bengaluru
7208,Employee 7208,Male,34,IT,Executive,2025-12-17,1208970,1,No,Bachelor,Single,0,No,2,Ahmedabad
7209,Employee 7209,Male,47,Support,Engineer,2020-01-30,1611037,1,No,Bachelor,Single,6,No,2,Pune
7210,Employee 7210,Female,40,Sales,Engineer,2021-10-02,1062295,5,No,Diploma,Married,4,No,5,Pune
7211,Employee 7211,Female,60,Finance,Engineer,2022-06-27,731272,1,No,Bachelor,Single,4,No,4,Pune
7212,Employee 7212,Male,35,Finance,Engineer,2025-11-02,529962,1,No,Master,Married,0,Yes,4,Mumbai
7213,Employee 7213,Male,26,Sales,Analyst,2015-10-26,687064,4,No,Master,Married,6,Yes,4,Chennai
7214,Employee 7214,Female,33,Finance,Manager,2015-06-02,645159,3,No,Diploma,Married,11,No,5,Mumbai
7215,Employee 7215,Male,26,Support,Analyst,2024-05-10,1291741,5,No,Bachelor,Married,2,Yes,5,Chennai
7216,Employee 7216,Male,38,Marketing,Associate,2015-12-09,631546,5,No,Diploma,Married,10,No,4,Delhi
7217,Employee 7217,Male,35,Operations,Associate,2019-09-28,1500153,3,No,Master,Single,6,No,2,Chennai
7218,Employee 7218,Male,27,Operations,Analyst,2017-05-31,1544412,2,No,Bachelor,Single,7,Yes,3,Bengaluru
7219,Employee 7219,Female,59,Support,Executive,2017-05-12,522462,3,No,Master,Married,9,Yes,1,Pune
7220,Employee 7220,Female,57,Sales,Engineer,2023-07-10,914283,3,No,Bachelor,Married,2,Yes,2,Bengaluru
7221,Employee 7221,Female,49,IT,Specialist,2017-04-12,1176067,5,No,Diploma,Single,9,Yes,1,Chennai
7222,Employee 7222,Male,58,Marketing,Associate,2016-04-16,1403270,5,No,Master,Married,10,No,2,Chennai
7223,Employee 7223,Female,30,Finance,Specialist,2016-05-19,1674825,2,No,Diploma,Single,10,No,5,Chennai
7224,Employee 7224,Female,49,Support,Specialist,2024-06-30,310507,5,No,Master,Single,2,Yes,4,Mumbai
7225,Employee 7225,Female,37,Support,Analyst,2016-11-20,503138,2,No,Bachelor,Married,9,No,3,Chennai
7226,Employee 7226,Male,38,Sales,Executive,2017-10-21,608116,2,No,Diploma,Single,8,No,4,Hyderabad
7227,Employee 7227,Male,48,Operations,Engineer,2019-06-07,1224437,2,No,Diploma,Single,7,Yes,2,Pune
7228,Employee 7228,Male,47,Sales,Engineer,2026-05-24,499373,3,No,Master,Single,0,Yes,4,Bengaluru
7229,Employee 7229,Female,55,Sales,Executive,2015-04-04,1283566,3,No,Bachelor,Single,11,No,5,Mumbai
7230,Employee 7230,Female,34,Marketing,Analyst,2021-08-01,980928,4,No,Diploma,Single,4,Yes,2,Delhi
7231,Employee 7231,Female,50,Finance,Associate,2018-04-25,307492,5,No,Master,Married,8,No,5,Pune
7232,Employee 7232,Female,31,Marketing,Engineer,2024-08-22,988975,2,No,Bachelor,Married,1,No,1,Mumbai
7233,Employee 7233,Male,27,Support,Specialist,2016-01-25,1598264,5,No,Diploma,Married,7,Yes,1,Ahmedabad
7234,Employee 7234,Male,24,Operations,Engineer,2024-05-10,646645,1,No,Master,Single,2,Yes,4,Delhi
7235,Employee 7235,Female,48,IT,Specialist,2021-02-12,1312383,5,No,Master,Married,5,No,3,Hyderabad
7236,Employee 7236,Male,42,Marketing,Manager,2023-06-27,349711,5,Yes,Bachelor,Single,3,No,3,Mumbai
7237,Employee 7237,Male,26,HR,Executive,2017-02-03,1275444,5,No,Master,Married,6,No,4,Mumbai
7238,Employee 7238,Male,53,Marketing,Executive,2022-08-17,1627123,3,No,Bachelor,Single,3,Yes,2,Chennai
7239,Employee 7239,Female,58,IT,Engineer,2015-08-08,888730,1,No,Master,Single,10,No,1,Delhi
7240,Employee 7240,Male,28,Finance,Analyst,2023-09-05,374077,1,No,Master,Married,2,Yes,2,Pune
7241,Employee 7241,Male,56,Support,Engineer,2018-02-26,1416500,1,No,Bachelor,Single,8,No,1,Hyderabad
7242,Employee 7242,Male,44,Operations,Analyst,2018-04-29,350587,1,Yes,Master,Married,8,No,3,Chennai
7243,Employee 7243,Male,28,HR,Engineer,2026-05-03,956149,5,Yes,Bachelor,Married,0,No,5,Chennai
7244,Employee 7244,Male,44,Support,Analyst,2017-11-09,1352937,5,No,Bachelor,Single,8,No,1,Ahmedabad
7245,Employee 7245,Female,21,IT,Specialist,2021-05-02,1529826,1,Yes,Bachelor,Married,1,No,5,Mumbai
7246,Employee 7246,Female,36,Finance,Analyst,2023-07-11,1124088,2,No,Diploma,Married,2,No,5,Chennai
7247,Employee 7247,Male,42,HR,Manager,2016-04-24,645517,3,Yes,Master,Single,10,No,2,Pune
7248,Employee 7248,Female,27,Marketing,Associate,2019-05-27,488408,2,No,Bachelor,Single,7,Yes,3,Chennai
7249,Employee 7249,Male,44,IT,Analyst,2018-09-16,1532436,2,No,Bachelor,Single,7,No,2,Ahmedabad
7250,Employee 7250,Female,40,Sales,Analyst,2024-04-13,1771262,4,No,Master,Single,2,Yes,2,Pune
7251,Employee 7251,Male,32,Sales,Specialist,2023-01-29,1634045,3,No,Diploma,Married,3,Yes,3,Mumbai
7252,Employee 7252,Female,40,IT,Specialist,2024-07-28,911652,5,No,Bachelor,Single,1,Yes,1,Mumbai
7253,Employee 7253,Male,52,Finance,Associate,2019-03-13,1680211,1,No,Bachelor,Married,7,No,3,Delhi
7254,Employee 7254,Male,58,Finance,Specialist,2025-05-21,1259808,3,No,Bachelor,Single,1,No,2,Mumbai
7255,Employee 7255,Male,43,IT,Specialist,2015-01-30,1711157,2,No,Master,Married,11,No,4,Hyderabad
7256,Employee 7256,Male,55,HR,Manager,2023-11-30,685975,4,Yes,Master,Single,2,Yes,3,Chennai
7257,Employee 7257,Male,48,IT,Executive,2021-04-30,1692163,1,No,Diploma,Single,5,Yes,1,Mumbai
7258,Employee 7258,Female,25,IT,Analyst,2025-11-21,536696,5,Yes,Diploma,Single,0,No,3,Ahmedabad
7259,Employee 7259,Male,44,Sales,Engineer,2019-07-25,1485656,2,No,Bachelor,Single,6,Yes,2,Mumbai
7260,Employee 7260,Female,25,Operations,Associate,2017-12-18,566792,5,No,Master,Single,5,No,5,Pune
7261,Employee 7261,Female,29,Support,Specialist,2026-03-22,1429277,2,Yes,Bachelor,Married,0,Yes,5,Chennai
7262,Employee 7262,Female,21,Operations,Manager,2026-03-15,1323237,1,No,Diploma,Single,0,No,4,Delhi
7263,Employee 7263,Male,25,IT,Associate,2021-10-03,563985,5,No,Diploma,Single,4,Yes,1,Ahmedabad
7264,Employee 7264,Female,22,Support,Executive,2022-11-06,1316653,2,No,Diploma,Single,2,No,3,Bengaluru
7265,Employee 7265,Male,29,HR,Engineer,2023-07-17,1259920,4,Yes,Master,Married,2,No,1,Chennai
7266,Employee 7266,Male,39,Operations,Specialist,2016-09-28,1105408,3,No,Master,Married,9,Yes,4,Chennai
7267,Employee 7267,Female,23,Finance,Associate,2015-08-16,1113766,3,No,Master,Married,3,Yes,2,Ahmedabad
7268,Employee 7268,Male,55,Finance,Manager,2019-12-17,1731652,3,Yes,Master,Married,6,No,3,Delhi
7269,Employee 7269,Female,35,Support,Engineer,2023-10-24,262243,5,No,Master,Single,2,No,1,Ahmedabad
7270,Employee 7270,Female,21,HR,Analyst,2025-02-27,1312571,1,No,Master,Married,1,No,3,Chennai
7271,Employee 7271,Female,47,Sales,Associate,2022-11-26,291681,3,No,Bachelor,Married,3,Yes,2,Delhi
7272,Employee 7272,Male,52,IT,Executive,2024-07-25,1778567,2,Yes,Master,Single,1,Yes,1,Mumbai
7273,Employee 7273,Female,22,Finance,Associate,2019-07-07,638850,2,No,Bachelor,Single,2,Yes,2,Mumbai
7274,Employee 7274,Male,49,Marketing,Engineer,2015-04-28,1392216,4,No,Bachelor,Single,11,No,4,Bengaluru
7275,Employee 7275,Female,39,HR,Analyst,2021-01-23,1602589,2,No,Diploma,Single,5,Yes,5,Bengaluru
7276,Employee 7276,Female,34,Marketing,Analyst,2020-06-20,1248755,2,Yes,Diploma,Married,6,No,5,Delhi
7277,Employee 7277,Female,58,Marketing,Engineer,2015-09-03,1402998,4,No,Master,Single,10,Yes,1,Delhi
7278,Employee 7278,Male,22,IT,Specialist,2022-04-21,1175526,5,Yes,Bachelor,Married,2,No,1,Ahmedabad
7279,Employee 7279,Female,55,IT,Associate,2019-06-26,1562771,2,No,Diploma,Single,7,Yes,5,Delhi
7280,Employee 7280,Male,60,Finance,Specialist,2015-11-30,1222373,2,No,Master,Married,10,No,3,Mumbai
7281,Employee 7281,Male,40,Marketing,Manager,2025-10-22,1555449,5,No,Master,Single,0,No,3,Mumbai
7282,Employee 7282,Male,42,Operations,Specialist,2017-08-28,934270,4,No,Diploma,Single,8,No,2,Chennai
7283,Employee 7283,Male,51,HR,Specialist,2025-12-17,1078314,1,No,Bachelor,Single,0,No,1,Delhi
7284,Employee 7284,Male,23,HR,Analyst,2023-08-26,1255899,3,No,Bachelor,Single,2,Yes,4,Chennai
7285,Employee 7285,Female,30,Finance,Specialist,2015-09-28,1734043,3,No,Diploma,Single,10,No,3,Pune
7286,Employee 7286,Female,21,HR,Manager,2025-02-26,523549,1,No,Bachelor,Married,1,Yes,2,Hyderabad
7287,Employee 7287,Male,30,Operations,Specialist,2021-08-14,1120508,5,No,Bachelor,Married,4,No,4,Chennai
7288,Employee 7288,Male,24,Sales,Engineer,2024-07-30,1763765,5,Yes,Master,Single,1,Yes,3,Ahmedabad
7289,Employee 7289,Female,53,Operations,Specialist,2020-10-19,772447,4,No,Master,Single,5,Yes,1,Bengaluru
7290,Employee 7290,Male,22,Operations,Executive,2016-02-18,1038414,4,No,Master,Single,2,No,5,Bengaluru
7291,Employee 7291,Female,26,IT,Executive,2015-12-09,1233546,1,No,Master,Married,6,Yes,5,Pune
7292,Employee 7292,Female,36,Operations,Analyst,2022-06-24,756855,1,No,Diploma,Single,4,Yes,2,Delhi
7293,Employee 7293,Female,58,IT,Analyst,2025-02-27,776246,3,No,Master,Single,1,Yes,2,Bengaluru
7294,Employee 7294,Male,57,Operations,Engineer,2025-09-23,1766843,3,No,Bachelor,Married,0,No,1,Delhi
7295,Employee 7295,Male,39,Operations,Analyst,2020-12-06,833847,5,No,Diploma,Single,5,Yes,4,Hyderabad
7296,Employee 7296,Male,27,Sales,Associate,2023-09-13,1699254,3,No,Bachelor,Single,2,No,4,Pune
7297,Employee 7297,Female,44,Marketing,Analyst,2025-08-26,268190,2,No,Bachelor,Married,0,No,2,Ahmedabad
7298,Employee 7298,Female,44,HR,Analyst,2025-10-05,269635,2,No,Diploma,Single,0,No,2,Pune
7299,Employee 7299,Male,50,Finance,Analyst,2024-01-24,1624760,2,Yes,Bachelor,Married,2,Yes,2,Pune
7300,Employee 7300,Male,59,Sales,Specialist,2018-04-08,1146043,4,No,Bachelor,Single,8,No,3,Mumbai
7301,Employee 7301,Female,49,Support,Specialist,2021-05-07,288565,1,No,Bachelor,Married,5,No,2,Mumbai
7302,Employee 7302,Female,52,HR,Executive,2023-01-01,390003,4,No,Bachelor,Married,3,Yes,5,Hyderabad
7303,Employee 7303,Male,30,HR,Manager,2025-10-18,1208907,4,No,Master,Married,0,Yes,4,Hyderabad
7304,Employee 7304,Male,53,Support,Engineer,2024-07-07,819632,3,Yes,Master,Married,1,No,1,Delhi
7305,Employee 7305,Male,31,Sales,Specialist,2022-03-26,827515,3,No,Bachelor,Married,4,No,1,Chennai
7306,Employee 7306,Female,44,Operations,Analyst,2023-12-23,405081,1,No,Diploma,Single,2,No,3,Delhi
7307,Employee 7307,Male,39,Sales,Executive,2018-06-10,314537,1,No,Bachelor,Married,8,No,1,Pune
7308,Employee 7308,Female,49,Operations,Associate,2020-01-16,1652070,3,No,Diploma,Married,6,No,5,Bengaluru
7309,Employee 7309,Female,42,Support,Manager,2025-08-27,1777780,5,No,Bachelor,Single,0,No,1,Ahmedabad
7310,Employee 7310,Male,37,Operations,Associate,2025-07-12,1271453,5,No,Master,Married,0,Yes,3,Ahmedabad
7311,Employee 7311,Female,49,Marketing,Associate,2025-10-03,1304580,5,No,Master,Single,0,No,3,Chennai
7312,Employee 7312,Male,49,Marketing,Executive,2022-05-22,995921,5,No,Bachelor,Married,4,No,4,Ahmedabad
7313,Employee 7313,Female,37,Support,Associate,2025-07-12,1551701,1,No,Bachelor,Single,0,Yes,1,Chennai
7314,Employee 7314,Male,57,Operations,Analyst,2016-11-25,1102787,3,No,Diploma,Married,9,No,2,Pune
7315,Employee 7315,Male,49,Support,Manager,2023-11-15,1713772,2,No,Master,Married,2,No,5,Hyderabad
7316,Employee 7316,Female,33,Sales,Executive,2020-11-15,1192624,1,No,Diploma,Married,5,Yes,4,Hyderabad
7317,Employee 7317,Male,24,IT,Manager,2022-09-30,1493952,5,No,Diploma,Married,3,No,2,Pune
7318,Employee 7318,Female,39,Sales,Engineer,2020-06-20,1295440,1,No,Master,Married,6,No,4,Hyderabad
7319,Employee 7319,Female,38,Operations,Associate,2016-10-30,759646,5,No,Bachelor,Married,9,No,1,Bengaluru
7320,Employee 7320,Female,51,IT,Engineer,2015-02-14,1576352,4,No,Diploma,Single,11,No,4,Pune
7321,Employee 7321,Female,45,Finance,Specialist,2024-06-18,727249,1,No,Diploma,Married,2,Yes,3,Hyderabad
7322,Employee 7322,Male,51,Operations,Executive,2018-03-14,1063883,3,No,Bachelor,Single,8,Yes,4,Hyderabad
7323,Employee 7323,Male,23,Sales,Specialist,2025-06-10,461400,3,No,Master,Married,1,No,2,Bengaluru
7324,Employee 7324,Male,59,Operations,Analyst,2026-05-12,754873,3,No,Diploma,Married,0,Yes,3,Chennai
7325,Employee 7325,Female,56,Finance,Engineer,2019-09-11,931722,2,No,Bachelor,Married,6,Yes,5,Pune
7326,Employee 7326,Male,23,Finance,Executive,2021-12-10,661867,4,No,Bachelor,Married,3,No,3,Mumbai
7327,Employee 7327,Female,22,IT,Manager,2020-06-07,498985,4,No,Bachelor,Married,2,Yes,5,Hyderabad
7328,Employee 7328,Male,30,Operations,Analyst,2019-04-06,476965,3,No,Bachelor,Single,7,No,5,Ahmedabad
7329,Employee 7329,Male,56,Operations,Analyst,2022-06-25,680284,5,Yes,Bachelor,Single,4,No,3,Delhi
7330,Employee 7330,Female,32,Operations,Engineer,2022-10-26,1162679,2,No,Diploma,Married,3,No,2,Delhi
7331,Employee 7331,Male,52,Operations,Manager,2018-09-22,1710333,1,No,Bachelor,Married,7,No,1,Bengaluru
7332,Employee 7332,Male,27,Finance,Executive,2017-03-14,517804,5,No,Master,Married,7,No,2,Mumbai
7333,Employee 7333,Female,53,IT,Analyst,2023-12-12,1023297,3,Yes,Bachelor,Single,2,No,3,Bengaluru
7334,Employee 7334,Male,21,Finance,Associate,2023-04-07,1011004,1,No,Master,Married,1,No,3,Delhi
7335,Employee 7335,Male,22,HR,Manager,2020-01-21,1516710,3,No,Master,Single,2,No,1,Bengaluru
7336,Employee 7336,Male,32,Operations,Specialist,2017-06-18,678433,5,No,Bachelor,Married,9,Yes,5,Bengaluru
7337,Employee 7337,Female,49,Finance,Specialist,2025-10-21,1540159,2,No,Master,Single,0,No,3,Delhi
7338,Employee 7338,Male,51,Sales,Associate,2022-02-18,1069175,4,No,Bachelor,Single,4,Yes,5,Mumbai
7339,Employee 7339,Female,54,Marketing,Analyst,2025-04-20,1751641,1,No,Bachelor,Single,1,No,3,Ahmedabad
7340,Employee 7340,Male,43,IT,Specialist,2016-02-07,1376239,1,Yes,Bachelor,Married,10,Yes,1,Bengaluru
7341,Employee 7341,Female,33,Operations,Analyst,2019-09-08,1431764,4,No,Master,Single,6,No,2,Bengaluru
7342,Employee 7342,Female,26,HR,Specialist,2019-02-05,1761707,5,No,Master,Single,6,No,1,Delhi
7343,Employee 7343,Male,37,Finance,Executive,2016-10-29,672122,3,No,Bachelor,Married,9,No,2,Delhi
7344,Employee 7344,Male,26,Marketing,Manager,2017-05-30,1538067,4,No,Master,Married,6,Yes,3,Mumbai
7345,Employee 7345,Male,39,Operations,Executive,2018-06-06,1683463,3,Yes,Master,Single,8,No,3,Delhi
7346,Employee 7346,Female,24,Sales,Associate,2022-12-02,989738,5,No,Master,Married,3,No,5,Chennai
7347,Employee 7347,Male,44,HR,Associate,2025-12-06,357508,5,No,Diploma,Married,0,Yes,2,Hyderabad
7348,Employee 7348,Female,50,Support,Specialist,2016-11-09,1342182,5,No,Diploma,Single,9,Yes,2,Hyderabad
7349,Employee 7349,Female,24,HR,Analyst,2024-10-23,559317,3,No,Master,Married,1,No,1,Mumbai
7350,Employee 7350,Male,42,Finance,Associate,2018-12-05,775918,5,No,Bachelor,Married,7,No,4,Hyderabad
7351,Employee 7351,Female,26,Support,Associate,2016-02-03,1632686,1,No,Master,Married,6,No,4,Ahmedabad
7352,Employee 7352,Female,55,Operations,Engineer,2015-05-04,1081642,1,No,Master,Married,11,Yes,4,Bengaluru
7353,Employee 7353,Male,59,IT,Specialist,2016-11-23,719256,3,No,Master,Married,9,Yes,3,Mumbai
7354,Employee 7354,Female,26,Sales,Associate,2024-02-16,1484757,2,No,Diploma,Married,2,No,4,Pune
7355,Employee 7355,Male,39,Finance,Manager,2020-12-18,405040,3,No,Bachelor,Single,5,No,1,Ahmedabad
7356,Employee 7356,Female,35,Finance,Associate,2024-11-14,1181702,4,No,Diploma,Single,1,No,3,Mumbai
7357,Employee 7357,Male,28,HR,Executive,2016-03-29,316430,4,No,Bachelor,Married,8,No,4,Ahmedabad
7358,Employee 7358,Male,23,Finance,Executive,2025-01-21,1614140,4,No,Diploma,Married,1,Yes,5,Delhi
7359,Employee 7359,Male,28,HR,Associate,2021-10-28,352668,5,No,Master,Married,4,No,3,Pune
7360,Employee 7360,Male,21,Support,Manager,2018-11-09,1275149,2,Yes,Bachelor,Single,1,No,3,Ahmedabad
7361,Employee 7361,Male,59,Support,Executive,2017-05-08,460988,1,No,Diploma,Married,9,Yes,5,Chennai
7362,Employee 7362,Female,29,Operations,Associate,2020-06-19,1097313,1,No,Bachelor,Single,6,Yes,5,Ahmedabad
7363,Employee 7363,Male,47,IT,Associate,2019-08-17,719662,2,No,Master,Single,6,No,1,Ahmedabad
7364,Employee 7364,Female,35,Support,Engineer,2021-07-05,974703,4,No,Master,Married,4,Yes,5,Hyderabad
7365,Employee 7365,Female,55,Support,Manager,2016-03-20,892237,4,No,Bachelor,Married,10,Yes,1,Pune
7366,Employee 7366,Male,50,HR,Executive,2022-01-25,553700,2,No,Master,Married,4,Yes,5,Hyderabad
7367,Employee 7367,Female,34,Operations,Executive,2024-05-23,1486348,4,No,Bachelor,Married,2,Yes,4,Pune
7368,Employee 7368,Male,24,Finance,Analyst,2023-04-22,953508,5,Yes,Master,Single,3,Yes,1,Ahmedabad
7369,Employee 7369,Female,30,Finance,Analyst,2024-07-10,581133,3,No,Diploma,Single,1,Yes,1,Delhi
7370,Employee 7370,Female,23,Support,Associate,2026-01-22,839983,5,Yes,Diploma,Married,0,Yes,4,Chennai
7371,Employee 7371,Male,30,Operations,Manager,2023-11-20,1271139,1,No,Master,Single,2,No,3,Ahmedabad
7372,Employee 7372,Female,21,Support,Engineer,2023-12-12,1407835,2,No,Master,Single,1,No,5,Bengaluru
7373,Employee 7373,Female,30,Marketing,Manager,2025-11-29,437421,3,No,Bachelor,Married,0,Yes,5,Hyderabad
7374,Employee 7374,Female,23,Marketing,Specialist,2024-02-20,1476090,5,No,Diploma,Married,2,No,3,Hyderabad
7375,Employee 7375,Female,43,Finance,Specialist,2025-09-20,1792019,1,No,Bachelor,Married,0,Yes,2,Delhi
7376,Employee 7376,Female,33,HR,Engineer,2018-01-07,853975,4,No,Bachelor,Single,8,No,3,Delhi
7377,Employee 7377,Male,56,Sales,Specialist,2021-02-12,1635645,4,No,Bachelor,Single,5,No,1,Hyderabad
7378,Employee 7378,Male,47,Support,Engineer,2025-11-27,1616405,5,No,Master,Single,0,No,2,Mumbai
7379,Employee 7379,Male,59,Finance,Associate,2016-12-13,1612119,1,Yes,Diploma,Single,9,Yes,2,Hyderabad
7380,Employee 7380,Female,33,HR,Manager,2020-06-04,1484658,3,No,Bachelor,Married,6,No,3,Hyderabad
7381,Employee 7381,Male,37,Finance,Engineer,2026-02-02,638049,3,No,Master,Single,0,Yes,3,Mumbai
7382,Employee 7382,Female,58,HR,Associate,2016-06-20,1162470,4,No,Diploma,Married,10,Yes,3,Chennai
7383,Employee 7383,Male,39,IT,Manager,2018-08-13,1136529,4,No,Master,Single,7,No,2,Mumbai
7384,Employee 7384,Female,53,Support,Associate,2015-04-24,573870,5,No,Master,Single,11,Yes,4,Delhi
7385,Employee 7385,Female,34,Support,Associate,2020-07-05,443221,5,Yes,Diploma,Married,5,No,3,Delhi
7386,Employee 7386,Female,22,Support,Specialist,2021-12-30,1485965,3,Yes,Bachelor,Single,2,No,3,Hyderabad
7387,Employee 7387,Female,56,Operations,Analyst,2023-11-16,309874,4,Yes,Master,Married,2,Yes,2,Bengaluru
7388,Employee 7388,Male,49,Marketing,Executive,2018-06-29,1672758,2,Yes,Master,Married,8,Yes,3,Ahmedabad
7389,Employee 7389,Female,29,Marketing,Specialist,2020-11-12,487256,3,No,Bachelor,Married,5,No,4,Pune
7390,Employee 7390,Male,21,Marketing,Analyst,2025-05-07,256426,5,No,Diploma,Married,1,Yes,1,Delhi
7391,Employee 7391,Female,58,Finance,Engineer,2015-06-23,438251,3,No,Master,Single,11,No,2,Bengaluru
7392,Employee 7392,Male,58,Marketing,Manager,2015-12-11,649236,4,Yes,Bachelor,Single,10,No,3,Mumbai
7393,Employee 7393,Female,26,Support,Engineer,2018-10-13,490316,4,No,Diploma,Single,6,Yes,5,Delhi
7394,Employee 7394,Male,49,Sales,Manager,2024-11-03,1440139,1,No,Bachelor,Single,1,No,5,Bengaluru
7395,Employee 7395,Male,58,HR,Engineer,2023-03-15,1283231,3,No,Diploma,Single,3,No,3,Chennai
7396,Employee 7396,Male,51,HR,Specialist,2025-11-14,561388,5,No,Master,Married,0,Yes,5,Chennai
7397,Employee 7397,Male,57,Sales,Specialist,2018-12-18,587114,5,No,Diploma,Single,7,No,4,Chennai
7398,Employee 7398,Female,42,Support,Engineer,2015-01-10,1469890,1,No,Master,Married,11,Yes,2,Ahmedabad
7399,Employee 7399,Male,32,Marketing,Analyst,2017-06-03,1528772,1,No,Master,Married,9,No,3,Chennai
7400,Employee 7400,Male,60,Support,Specialist,2026-02-01,493515,3,No,Diploma,Married,0,Yes,3,Hyderabad
7401,Employee 7401,Male,55,Support,Specialist,2024-11-17,436329,4,No,Master,Single,1,Yes,5,Bengaluru
7402,Employee 7402,Female,37,IT,Manager,2019-04-08,1413179,5,No,Diploma,Married,7,Yes,5,Pune
7403,Employee 7403,Male,29,IT,Manager,2018-02-25,1529412,5,No,Master,Married,8,No,1,Chennai
7404,Employee 7404,Male,34,IT,Specialist,2020-04-08,1683133,3,No,Diploma,Married,6,No,3,Ahmedabad
7405,Employee 7405,Male,37,HR,Specialist,2021-08-06,805157,1,Yes,Bachelor,Married,4,Yes,5,Mumbai
7406,Employee 7406,Female,58,HR,Associate,2016-11-28,1548923,2,Yes,Bachelor,Married,9,Yes,2,Bengaluru
7407,Employee 7407,Male,27,Marketing,Executive,2016-10-30,1011334,5,Yes,Diploma,Single,7,Yes,2,Mumbai
7408,Employee 7408,Female,59,HR,Associate,2018-08-11,844727,1,No,Master,Married,7,No,5,Hyderabad
7409,Employee 7409,Female,43,Marketing,Executive,2019-03-14,588892,4,Yes,Master,Married,7,No,4,Ahmedabad
7410,Employee 7410,Female,27,HR,Specialist,2019-12-28,1709828,4,No,Diploma,Single,6,No,4,Hyderabad
7411,Employee 7411,Female,36,IT,Engineer,2017-12-05,636316,4,No,Diploma,Single,8,No,5,Hyderabad
7412,Employee 7412,Male,48,Finance,Associate,2017-04-21,1146067,5,No,Bachelor,Married,9,No,5,Mumbai
7413,Employee 7413,Female,33,Finance,Engineer,2026-03-19,948795,3,No,Bachelor,Single,0,No,2,Mumbai
7414,Employee 7414,Male,51,Support,Associate,2025-06-24,404179,1,No,Bachelor,Single,1,No,1,Mumbai
7415,Employee 7415,Female,51,Sales,Specialist,2025-12-04,1221789,2,No,Diploma,Married,0,Yes,5,Ahmedabad
7416,Employee 7416,Male,28,HR,Specialist,2022-11-13,1658822,3,Yes,Diploma,Single,3,Yes,3,Delhi
7417,Employee 7417,Male,49,Support,Analyst,2016-11-24,1771194,5,No,Diploma,Single,9,No,1,Bengaluru
7418,Employee 7418,Female,39,Marketing,Associate,2021-11-30,722379,5,No,Master,Married,4,No,1,Delhi
7419,Employee 7419,Male,32,Marketing,Associate,2018-02-21,913584,2,No,Diploma,Single,8,No,1,Mumbai
7420,Employee 7420,Male,60,Marketing,Analyst,2015-09-29,1447207,2,Yes,Bachelor,Single,10,No,5,Ahmedabad
7421,Employee 7421,Male,32,Sales,Analyst,2017-01-31,1334957,3,Yes,Diploma,Single,9,No,3,Hyderabad
7422,Employee 7422,Male,46,HR,Manager,2024-05-30,1792082,3,No,Diploma,Married,2,Yes,5,Delhi
7423,Employee 7423,Female,48,HR,Specialist,2021-08-16,754480,4,No,Master,Married,4,Yes,2,Pune
7424,Employee 7424,Male,27,Support,Executive,2024-01-17,885476,3,No,Bachelor,Married,2,No,4,Delhi
7425,Employee 7425,Female,40,IT,Associate,2024-06-12,438111,1,No,Bachelor,Married,2,Yes,5,Chennai
7426,Employee 7426,Male,58,IT,Associate,2016-09-08,656004,5,Yes,Diploma,Married,9,Yes,5,Pune
7427,Employee 7427,Female,36,Finance,Executive,2015-06-14,1713100,2,Yes,Diploma,Single,11,No,5,Ahmedabad
7428,Employee 7428,Male,32,Sales,Engineer,2019-08-17,1259993,2,No,Bachelor,Married,6,No,1,Delhi
7429,Employee 7429,Female,27,Sales,Engineer,2016-02-01,1075778,5,No,Diploma,Married,7,Yes,4,Mumbai
7430,Employee 7430,Male,22,Marketing,Specialist,2017-11-28,973623,2,No,Master,Single,2,No,2,Hyderabad
7431,Employee 7431,Female,47,Marketing,Analyst,2018-07-23,926845,1,No,Master,Married,7,Yes,3,Pune
7432,Employee 7432,Female,53,Marketing,Executive,2024-09-02,658184,1,No,Master,Single,1,No,5,Delhi
7433,Employee 7433,Male,25,Finance,Executive,2021-06-26,1303004,3,No,Diploma,Married,5,Yes,3,Bengaluru
7434,Employee 7434,Female,23,Operations,Associate,2019-05-07,719428,1,Yes,Master,Married,3,No,2,Bengaluru
7435,Employee 7435,Female,39,Finance,Engineer,2025-09-03,1073047,4,No,Diploma,Single,0,Yes,5,Ahmedabad
7436,Employee 7436,Male,57,Sales,Manager,2022-03-30,827870,4,No,Bachelor,Single,4,No,5,Pune
7437,Employee 7437,Female,58,Support,Specialist,2020-02-05,1676878,4,No,Bachelor,Married,6,No,3,Ahmedabad
7438,Employee 7438,Male,46,Sales,Engineer,2018-09-09,1500700,4,No,Diploma,Single,7,Yes,2,Hyderabad
7439,Employee 7439,Female,28,Finance,Specialist,2024-07-25,505763,1,Yes,Bachelor,Single,1,No,1,Chennai
7440,Employee 7440,Male,35,Marketing,Associate,2015-06-17,1600722,1,No,Bachelor,Single,11,Yes,1,Chennai
7441,Employee 7441,Female,33,Operations,Analyst,2023-12-23,775861,2,No,Bachelor,Married,2,No,5,Delhi
7442,Employee 7442,Male,38,HR,Engineer,2017-05-01,626979,4,No,Bachelor,Single,9,No,1,Mumbai
7443,Employee 7443,Male,23,IT,Associate,2021-08-28,969463,1,No,Bachelor,Married,3,No,3,Chennai
7444,Employee 7444,Male,46,Sales,Associate,2015-06-25,1317181,3,No,Bachelor,Single,11,No,1,Pune
7445,Employee 7445,Female,50,Support,Manager,2020-01-08,1770985,3,No,Diploma,Single,6,No,4,Chennai
7446,Employee 7446,Male,35,Marketing,Engineer,2018-12-23,1425132,4,Yes,Master,Single,7,No,2,Delhi
7447,Employee 7447,Female,34,Marketing,Executive,2016-10-04,1756289,4,No,Master,Single,9,No,3,Bengaluru
7448,Employee 7448,Female,27,Finance,Manager,2020-02-29,1289920,4,No,Master,Married,6,Yes,1,Bengaluru
7449,Employee 7449,Male,40,Sales,Executive,2023-01-04,1274650,2,No,Diploma,Single,3,No,4,Chennai
7450,Employee 7450,Male,54,Support,Engineer,2017-12-28,1688576,1,No,Bachelor,Married,8,Yes,1,Ahmedabad
7451,Employee 7451,Male,23,Operations,Executive,2016-01-18,1238102,2,No,Master,Married,3,No,2,Bengaluru
7452,Employee 7452,Female,33,Operations,Analyst,2024-03-30,1758936,4,Yes,Bachelor,Married,2,Yes,3,Pune
7453,Employee 7453,Female,35,Finance,Associate,2015-05-13,786353,4,No,Master,Single,11,No,4,Delhi
7454,Employee 7454,Female,60,Support,Specialist,2022-03-13,1592598,3,No,Master,Single,4,Yes,5,Pune
7455,Employee 7455,Male,41,Operations,Manager,2021-01-18,1551918,2,No,Bachelor,Married,5,Yes,1,Bengaluru
7456,Employee 7456,Male,31,HR,Engineer,2023-01-16,1200547,4,No,Diploma,Married,3,No,4,Chennai
7457,Employee 7457,Male,21,HR,Associate,2020-07-07,306569,2,No,Bachelor,Single,1,Yes,2,Ahmedabad
7458,Employee 7458,Female,55,Support,Engineer,2015-02-25,1433553,5,No,Master,Single,11,No,4,Chennai
7459,Employee 7459,Female,48,HR,Executive,2018-03-26,1773581,3,No,Master,Single,8,No,2,Chennai
7460,Employee 7460,Female,36,Marketing,Specialist,2024-02-14,994200,5,No,Bachelor,Married,2,Yes,4,Pune
7461,Employee 7461,Female,22,Marketing,Specialist,2022-02-03,739978,4,No,Bachelor,Single,2,No,2,Ahmedabad
7462,Employee 7462,Female,40,HR,Manager,2025-03-20,1135707,5,No,Diploma,Single,1,Yes,1,Pune
7463,Employee 7463,Male,38,HR,Associate,2016-03-26,1317671,4,No,Master,Married,10,No,2,Mumbai
7464,Employee 7464,Female,50,Finance,Associate,2019-03-28,1441425,1,No,Bachelor,Married,7,Yes,5,Pune
7465,Employee 7465,Female,44,Operations,Specialist,2021-02-20,1223574,3,No,Master,Married,5,Yes,1,Pune
7466,Employee 7466,Female,27,Sales,Analyst,2023-05-10,1742512,4,No,Bachelor,Married,3,Yes,5,Delhi
7467,Employee 7467,Male,56,Finance,Analyst,2020-01-04,362408,5,No,Bachelor,Single,6,No,4,Chennai
7468,Employee 7468,Male,57,Support,Manager,2022-01-15,997874,3,No,Bachelor,Single,4,No,3,Delhi
7469,Employee 7469,Female,33,Support,Analyst,2015-11-10,1494541,2,No,Bachelor,Married,10,Yes,2,Delhi
7470,Employee 7470,Male,42,Finance,Executive,2021-07-06,1244173,4,No,Diploma,Married,4,No,4,Bengaluru
7471,Employee 7471,Female,41,Operations,Associate,2019-02-21,1397984,5,Yes,Diploma,Single,7,No,4,Pune
7472,Employee 7472,Male,33,IT,Executive,2015-05-25,385407,1,No,Bachelor,Married,11,Yes,2,Mumbai
7473,Employee 7473,Male,58,Finance,Specialist,2019-03-09,606436,4,Yes,Master,Single,7,No,1,Bengaluru
7474,Employee 7474,Male,58,Operations,Associate,2021-07-16,1589816,4,No,Diploma,Single,4,Yes,3,Delhi
7475,Employee 7475,Male,32,Support,Manager,2024-03-21,597010,2,No,Master,Single,2,No,3,Delhi
7476,Employee 7476,Male,58,HR,Analyst,2024-07-25,277528,1,Yes,Master,Married,1,No,2,Bengaluru
7477,Employee 7477,Male,22,Sales,Engineer,2024-06-29,1318520,5,No,Diploma,Single,2,Yes,2,Ahmedabad
7478,Employee 7478,Female,27,Marketing,Associate,2019-09-19,1451091,3,No,Master,Married,6,No,3,Ahmedabad
7479,Employee 7479,Male,58,Operations,Specialist,2020-08-13,1060511,1,No,Diploma,Single,5,Yes,5,Pune
7480,Employee 7480,Female,27,Finance,Executive,2020-10-10,1540720,4,Yes,Diploma,Single,5,No,4,Hyderabad
7481,Employee 7481,Male,45,Sales,Manager,2018-11-06,507174,3,No,Master,Single,7,No,2,Chennai
7482,Employee 7482,Male,57,HR,Specialist,2015-11-19,1522167,4,No,Bachelor,Married,10,No,2,Hyderabad
7483,Employee 7483,Female,47,Support,Manager,2021-06-04,1570120,5,No,Master,Single,5,Yes,3,Delhi
7484,Employee 7484,Female,49,IT,Manager,2017-03-14,1781304,4,No,Diploma,Married,9,No,3,Hyderabad
7485,Employee 7485,Male,41,Operations,Engineer,2023-08-21,420060,4,No,Diploma,Married,2,Yes,4,Chennai
7486,Employee 7486,Female,34,Support,Analyst,2024-05-15,448135,2,No,Diploma,Single,2,Yes,5,Delhi
7487,Employee 7487,Female,25,Operations,Associate,2022-08-15,447819,3,No,Diploma,Married,3,No,4,Hyderabad
7488,Employee 7488,Male,39,Sales,Manager,2025-05-08,425700,4,No,Master,Married,1,Yes,4,Pune
7489,Employee 7489,Male,51,HR,Specialist,2016-07-23,261372,5,No,Bachelor,Single,9,Yes,3,Hyderabad
7490,Employee 7490,Female,30,Support,Executive,2017-02-21,1031397,1,No,Diploma,Married,9,No,1,Hyderabad
7491,Employee 7491,Female,28,IT,Associate,2026-02-28,698456,5,Yes,Diploma,Single,0,No,3,Pune
7492,Employee 7492,Male,56,Support,Associate,2016-07-26,254049,1,No,Master,Single,9,Yes,1,Chennai
7493,Employee 7493,Male,32,Support,Analyst,2016-01-23,1171757,3,Yes,Diploma,Single,10,No,4,Chennai
7494,Employee 7494,Male,44,HR,Executive,2020-11-28,1264724,5,No,Bachelor,Single,5,No,1,Ahmedabad
7495,Employee 7495,Male,38,Sales,Executive,2016-09-18,515771,5,No,Master,Single,9,Yes,2,Pune
7496,Employee 7496,Female,23,Support,Analyst,2025-11-06,403780,5,No,Diploma,Single,0,No,2,Bengaluru
7497,Employee 7497,Male,51,Support,Manager,2025-03-09,912554,1,Yes,Bachelor,Married,1,Yes,4,Bengaluru
7498,Employee 7498,Female,46,Sales,Specialist,2020-06-04,1487541,5,No,Master,Married,6,Yes,3,Ahmedabad
7499,Employee 7499,Female,53,Marketing,Engineer,2015-03-22,652176,2,Yes,Diploma,Married,11,No,4,Chennai
7500,Employee 7500,Male,39,IT,Manager,2015-05-11,867555,3,No,Bachelor,Married,11,Yes,5,Mumbai
7501,Employee 7501,Female,57,HR,Specialist,2020-01-24,1559517,2,No,Master,Single,6,No,1,Ahmedabad
7502,Employee 7502,Female,39,Finance,Manager,2015-06-29,275836,1,No,Master,Married,11,No,1,Ahmedabad
7503,Employee 7503,Female,47,HR,Engineer,2016-10-19,816541,1,No,Diploma,Married,9,No,4,Mumbai
7504,Employee 7504,Male,32,HR,Manager,2020-08-12,1515621,1,No,Diploma,Married,5,Yes,4,Mumbai
7505,Employee 7505,Male,37,Sales,Engineer,2021-06-12,1578258,1,No,Master,Married,5,No,2,Chennai
7506,Employee 7506,Female,57,Sales,Analyst,2017-04-16,425428,1,Yes,Diploma,Married,9,No,4,Pune
7507,Employee 7507,Male,36,Sales,Manager,2019-09-10,627005,4,No,Bachelor,Single,6,No,2,Hyderabad
7508,Employee 7508,Female,46,Operations,Executive,2016-04-18,1406103,2,No,Master,Married,10,No,4,Bengaluru
7509,Employee 7509,Female,35,Operations,Analyst,2023-10-01,536182,4,No,Diploma,Married,2,Yes,5,Ahmedabad
7510,Employee 7510,Female,28,IT,Engineer,2021-01-07,690766,5,Yes,Master,Married,5,No,3,Mumbai
7511,Employee 7511,Female,41,Marketing,Associate,2017-11-08,465080,3,No,Bachelor,Married,8,Yes,1,Hyderabad
7512,Employee 7512,Female,27,HR,Associate,2025-12-02,818385,1,No,Bachelor,Single,0,No,2,Delhi
7513,Employee 7513,Female,48,IT,Specialist,2025-01-18,546747,3,No,Master,Single,1,Yes,4,Pune
7514,Employee 7514,Male,59,Support,Specialist,2015-12-21,500026,2,No,Diploma,Married,10,Yes,4,Pune
7515,Employee 7515,Male,32,Operations,Associate,2021-01-01,890522,1,No,Diploma,Married,5,Yes,2,Ahmedabad
7516,Employee 7516,Female,53,HR,Executive,2018-12-08,766977,1,Yes,Diploma,Single,7,Yes,5,Hyderabad
7517,Employee 7517,Male,46,HR,Manager,2025-07-20,1548716,2,No,Master,Married,0,No,5,Chennai
7518,Employee 7518,Female,31,Marketing,Manager,2018-12-31,1280094,2,No,Bachelor,Single,7,No,5,Ahmedabad
7519,Employee 7519,Female,49,Sales,Executive,2015-01-04,738864,5,No,Master,Single,11,Yes,1,Chennai
7520,Employee 7520,Male,55,IT,Analyst,2016-06-17,1246844,4,No,Bachelor,Single,10,No,1,Ahmedabad
7521,Employee 7521,Male,28,HR,Executive,2020-01-23,797047,2,No,Diploma,Married,6,No,5,Ahmedabad
7522,Employee 7522,Female,54,IT,Specialist,2022-10-28,1129825,4,No,Master,Married,3,No,1,Mumbai
7523,Employee 7523,Female,30,Sales,Analyst,2016-09-28,1713796,1,No,Diploma,Single,9,No,2,Pune
7524,Employee 7524,Male,23,Marketing,Engineer,2025-06-10,1351905,3,No,Master,Single,1,No,5,Chennai
7525,Employee 7525,Female,45,IT,Associate,2022-05-28,892407,1,No,Diploma,Married,4,Yes,4,Ahmedabad
7526,Employee 7526,Male,59,IT,Specialist,2023-05-17,543960,5,No,Bachelor,Married,3,No,4,Bengaluru
7527,Employee 7527,Male,42,Marketing,Engineer,2026-03-17,370969,4,Yes,Master,Married,0,Yes,5,Bengaluru
7528,Employee 7528,Female,27,HR,Manager,2021-04-13,335442,3,No,Master,Single,5,No,4,Pune
7529,Employee 7529,Male,58,Sales,Associate,2024-11-23,480798,2,Yes,Bachelor,Single,1,No,3,Delhi
7530,Employee 7530,Female,37,Sales,Manager,2016-09-30,731231,5,No,Master,Married,9,No,4,Bengaluru
7531,Employee 7531,Male,25,Marketing,Associate,2015-10-05,1126698,1,Yes,Master,Married,5,No,2,Bengaluru
7532,Employee 7532,Female,33,Operations,Executive,2017-11-16,1629232,3,No,Bachelor,Married,8,Yes,4,Bengaluru
7533,Employee 7533,Female,46,Marketing,Engineer,2019-04-03,840743,4,No,Bachelor,Single,7,No,2,Chennai
7534,Employee 7534,Female,26,Support,Associate,2017-05-21,1523144,3,No,Master,Married,6,No,1,Mumbai
7535,Employee 7535,Male,28,Marketing,Manager,2020-06-11,1317047,2,No,Bachelor,Married,6,Yes,3,Hyderabad
7536,Employee 7536,Female,58,Sales,Executive,2020-06-27,1433562,3,No,Diploma,Single,6,Yes,4,Chennai
7537,Employee 7537,Male,50,IT,Manager,2023-10-17,519300,2,Yes,Bachelor,Single,2,Yes,4,Hyderabad
7538,Employee 7538,Male,53,Operations,Engineer,2024-12-13,1413415,2,No,Bachelor,Married,1,No,3,Mumbai
7539,Employee 7539,Male,29,Operations,Manager,2017-11-27,979068,5,Yes,Diploma,Married,8,Yes,2,Pune
7540,Employee 7540,Female,50,IT,Manager,2020-08-19,880137,3,No,Bachelor,Single,5,No,5,Chennai
7541,Employee 7541,Female,38,Support,Analyst,2025-05-14,788276,5,No,Bachelor,Married,1,Yes,3,Ahmedabad
7542,Employee 7542,Male,40,Marketing,Engineer,2018-02-14,734750,2,No,Bachelor,Single,8,No,5,Chennai
7543,Employee 7543,Male,47,HR,Engineer,2022-06-24,845303,5,No,Bachelor,Single,4,No,2,Delhi
7544,Employee 7544,Male,44,Operations,Executive,2021-03-15,1021376,1,Yes,Diploma,Single,5,No,5,Ahmedabad
7545,Employee 7545,Female,48,Sales,Associate,2023-08-25,553608,2,No,Bachelor,Single,2,No,3,Delhi
7546,Employee 7546,Female,53,Support,Analyst,2015-03-24,265776,5,No,Diploma,Married,11,No,4,Chennai
7547,Employee 7547,Female,30,Operations,Engineer,2017-04-03,900058,1,No,Diploma,Married,9,No,4,Chennai
7548,Employee 7548,Male,57,Marketing,Engineer,2019-02-02,1760759,5,No,Master,Married,7,Yes,1,Mumbai
7549,Employee 7549,Female,37,Operations,Executive,2019-01-02,1382932,5,No,Bachelor,Married,7,No,3,Ahmedabad
7550,Employee 7550,Female,50,Support,Analyst,2026-01-04,256898,3,No,Bachelor,Married,0,No,5,Hyderabad
7551,Employee 7551,Male,35,Sales,Manager,2023-10-29,620295,4,No,Bachelor,Single,2,Yes,3,Hyderabad
7552,Employee 7552,Female,45,Support,Manager,2015-02-13,1171757,4,No,Bachelor,Single,11,Yes,3,Delhi
7553,Employee 7553,Male,31,Sales,Analyst,2018-08-16,1152559,4,No,Bachelor,Married,7,No,4,Pune
7554,Employee 7554,Female,33,HR,Engineer,2026-07-02,1076379,3,No,Bachelor,Married,0,Yes,3,Chennai
7555,Employee 7555,Male,26,Finance,Analyst,2026-02-02,481974,5,No,Diploma,Single,0,No,3,Hyderabad
7556,Employee 7556,Female,22,Operations,Manager,2020-12-31,867683,2,No,Diploma,Single,2,Yes,3,Mumbai
7557,Employee 7557,Female,37,Sales,Associate,2016-11-24,556807,5,Yes,Diploma,Married,9,Yes,2,Delhi
7558,Employee 7558,Male,21,Finance,Analyst,2016-04-03,1736732,5,No,Bachelor,Married,1,Yes,2,Mumbai
7559,Employee 7559,Male,56,Finance,Specialist,2025-04-30,1665752,5,No,Master,Single,1,Yes,5,Bengaluru
7560,Employee 7560,Female,32,Marketing,Specialist,2021-05-02,1382163,1,Yes,Bachelor,Single,5,No,1,Hyderabad
7561,Employee 7561,Male,33,Support,Executive,2023-05-18,1211418,3,Yes,Master,Married,3,No,1,Hyderabad
7562,Employee 7562,Female,34,IT,Executive,2020-10-04,807587,4,No,Diploma,Single,5,Yes,5,Pune
7563,Employee 7563,Female,48,HR,Analyst,2024-08-19,1755137,1,No,Diploma,Married,1,Yes,5,Delhi
7564,Employee 7564,Male,41,Marketing,Associate,2021-06-21,1625794,5,No,Bachelor,Married,5,Yes,1,Bengaluru
7565,Employee 7565,Male,42,Support,Executive,2017-03-30,1362485,2,No,Master,Single,9,Yes,2,Hyderabad
7566,Employee 7566,Female,58,IT,Associate,2025-12-10,1571047,1,No,Diploma,Single,0,Yes,4,Chennai
7567,Employee 7567,Female,30,Finance,Associate,2019-09-11,1135397,4,No,Diploma,Single,6,No,5,Mumbai
7568,Employee 7568,Female,36,HR,Specialist,2018-04-13,955110,1,No,Master,Married,8,Yes,4,Pune
7569,Employee 7569,Female,52,Finance,Associate,2020-05-25,1525523,5,No,Master,Single,6,Yes,4,Ahmedabad
7570,Employee 7570,Female,40,Support,Analyst,2017-03-07,1674589,2,No,Diploma,Single,9,No,2,Chennai
7571,Employee 7571,Female,30,HR,Executive,2017-06-19,493174,5,Yes,Diploma,Single,9,No,1,Bengaluru
7572,Employee 7572,Female,52,Finance,Manager,2021-05-09,1507606,1,No,Diploma,Single,5,Yes,2,Ahmedabad
7573,Employee 7573,Female,38,IT,Analyst,2018-10-10,832383,4,No,Diploma,Single,7,Yes,1,Hyderabad
7574,Employee 7574,Male,56,Operations,Manager,2021-10-05,721609,1,No,Diploma,Single,4,No,5,Bengaluru
7575,Employee 7575,Female,60,Support,Associate,2025-09-17,1524408,1,No,Diploma,Single,0,No,2,Chennai
7576,Employee 7576,Female,37,Sales,Specialist,2024-04-17,1732090,4,No,Master,Married,2,Yes,5,Hyderabad
7577,Employee 7577,Female,33,Support,Specialist,2026-05-28,923004,5,No,Bachelor,Single,0,Yes,5,Chennai
7578,Employee 7578,Female,39,Operations,Executive,2021-01-26,740237,4,No,Bachelor,Single,5,Yes,3,Chennai
7579,Employee 7579,Male,43,Marketing,Executive,2017-03-03,892074,2,No,Bachelor,Single,9,No,4,Delhi
7580,Employee 7580,Male,47,IT,Specialist,2017-08-28,478168,4,No,Master,Married,8,No,2,Delhi
7581,Employee 7581,Male,60,Finance,Executive,2015-09-12,1751541,3,No,Master,Married,10,Yes,3,Hyderabad
7582,Employee 7582,Female,27,Marketing,Specialist,2019-04-12,1567810,4,No,Master,Married,7,No,5,Ahmedabad
7583,Employee 7583,Female,48,Finance,Manager,2017-04-17,1656407,3,Yes,Diploma,Married,9,Yes,1,Chennai
7584,Employee 7584,Male,40,Marketing,Manager,2023-01-16,1728843,5,No,Bachelor,Single,3,Yes,5,Pune
7585,Employee 7585,Male,31,HR,Specialist,2022-10-03,1279904,5,Yes,Master,Single,3,Yes,4,Bengaluru
7586,Employee 7586,Female,47,Finance,Engineer,2024-05-04,1245157,5,Yes,Diploma,Married,2,No,2,Hyderabad
7587,Employee 7587,Male,52,IT,Executive,2024-07-25,1259400,3,Yes,Diploma,Married,1,No,5,Mumbai
7588,Employee 7588,Female,22,Operations,Specialist,2015-12-16,945313,1,No,Bachelor,Single,2,Yes,3,Delhi
7589,Employee 7589,Female,51,Sales,Analyst,2020-01-07,1260039,3,No,Diploma,Single,6,No,5,Bengaluru
7590,Employee 7590,Female,48,Sales,Engineer,2021-10-04,1201705,1,No,Bachelor,Single,4,No,2,Delhi
7591,Employee 7591,Male,23,HR,Manager,2017-05-23,451380,5,No,Bachelor,Single,3,No,1,Delhi
7592,Employee 7592,Male,39,Finance,Engineer,2024-08-28,887779,1,No,Master,Single,1,No,3,Chennai
7593,Employee 7593,Male,30,Finance,Executive,2020-01-03,681414,2,Yes,Diploma,Married,6,Yes,4,Chennai
7594,Employee 7594,Male,31,Operations,Analyst,2021-04-15,1376507,5,No,Master,Married,5,Yes,4,Hyderabad
7595,Employee 7595,Female,30,HR,Specialist,2022-11-25,1596518,1,No,Bachelor,Single,3,Yes,2,Bengaluru
7596,Employee 7596,Male,55,Marketing,Associate,2018-06-09,1315216,5,No,Bachelor,Single,8,No,5,Chennai
7597,Employee 7597,Male,34,IT,Engineer,2023-02-08,1377359,5,No,Diploma,Married,3,No,4,Pune
7598,Employee 7598,Female,31,IT,Engineer,2018-01-04,1219531,2,No,Diploma,Married,8,Yes,2,Ahmedabad
7599,Employee 7599,Female,51,HR,Engineer,2022-12-23,1444661,3,No,Master,Married,3,Yes,4,Hyderabad
7600,Employee 7600,Male,41,HR,Engineer,2015-03-12,1395827,1,No,Diploma,Married,11,Yes,2,Mumbai
7601,Employee 7601,Female,31,Operations,Manager,2015-01-28,679948,5,No,Master,Married,11,Yes,3,Mumbai
7602,Employee 7602,Male,53,IT,Manager,2022-04-07,849117,3,No,Bachelor,Married,4,Yes,3,Mumbai
7603,Employee 7603,Female,53,Marketing,Manager,2019-02-17,1240758,1,No,Bachelor,Married,7,Yes,4,Pune
7604,Employee 7604,Male,30,Support,Manager,2019-05-11,685523,1,No,Master,Single,7,No,2,Delhi
7605,Employee 7605,Male,45,Support,Executive,2022-02-10,1469078,4,No,Bachelor,Single,4,No,2,Mumbai
7606,Employee 7606,Female,22,Finance,Engineer,2021-08-01,796004,3,No,Bachelor,Married,2,Yes,2,Pune
7607,Employee 7607,Female,44,IT,Associate,2020-08-06,1678679,1,Yes,Master,Single,5,No,2,Hyderabad
7608,Employee 7608,Female,27,Support,Specialist,2022-03-05,478983,4,No,Bachelor,Married,4,No,2,Pune
7609,Employee 7609,Male,32,IT,Analyst,2023-11-08,993640,3,Yes,Diploma,Married,2,Yes,4,Chennai
7610,Employee 7610,Male,59,Sales,Specialist,2015-03-31,877103,3,No,Master,Single,11,No,1,Pune
7611,Employee 7611,Male,56,IT,Associate,2025-06-15,796781,2,Yes,Bachelor,Single,1,Yes,5,Bengaluru
7612,Employee 7612,Male,55,Operations,Executive,2020-04-21,1062223,1,Yes,Master,Married,6,Yes,2,Hyderabad
7613,Employee 7613,Male,28,Operations,Executive,2015-12-19,1313831,3,No,Bachelor,Married,8,No,4,Hyderabad
7614,Employee 7614,Female,25,Operations,Analyst,2023-05-27,1311217,5,No,Bachelor,Single,3,No,1,Bengaluru
7615,Employee 7615,Male,58,Sales,Analyst,2016-05-04,1742147,4,No,Bachelor,Married,10,No,5,Pune
7616,Employee 7616,Female,55,Operations,Analyst,2018-02-12,1030326,2,No,Diploma,Married,8,No,5,Hyderabad
7617,Employee 7617,Female,32,HR,Executive,2022-06-22,1078046,5,No,Diploma,Married,4,Yes,1,Delhi
7618,Employee 7618,Male,32,Sales,Engineer,2018-05-29,469692,3,No,Diploma,Single,8,Yes,1,Hyderabad
7619,Employee 7619,Male,37,Operations,Executive,2017-12-12,463888,1,Yes,Master,Single,8,No,1,Bengaluru
7620,Employee 7620,Female,45,Finance,Engineer,2018-06-11,604205,2,No,Master,Married,8,No,5,Pune
7621,Employee 7621,Male,33,IT,Executive,2016-10-26,528432,1,No,Master,Single,9,Yes,2,Mumbai
7622,Employee 7622,Male,43,Finance,Associate,2020-02-21,1160888,3,No,Master,Married,6,Yes,4,Hyderabad
7623,Employee 7623,Male,51,Marketing,Specialist,2021-01-28,983393,5,No,Master,Single,5,Yes,1,Delhi
7624,Employee 7624,Male,28,HR,Executive,2025-01-22,454107,5,No,Bachelor,Single,1,Yes,3,Bengaluru
7625,Employee 7625,Female,46,IT,Associate,2015-08-21,519228,3,Yes,Diploma,Married,10,Yes,2,Chennai
7626,Employee 7626,Male,43,IT,Engineer,2015-10-11,1395405,5,Yes,Diploma,Single,10,Yes,1,Pune
7627,Employee 7627,Female,33,Operations,Specialist,2016-11-13,1227373,3,No,Diploma,Married,9,Yes,1,Hyderabad
7628,Employee 7628,Male,56,Support,Manager,2021-01-03,253035,3,No,Master,Single,5,No,3,Pune
7629,Employee 7629,Female,42,Support,Specialist,2025-10-05,916512,4,No,Bachelor,Married,0,No,3,Ahmedabad
7630,Employee 7630,Female,37,Sales,Manager,2017-10-14,1362390,2,Yes,Bachelor,Single,8,Yes,4,Hyderabad
7631,Employee 7631,Female,37,Finance,Executive,2025-09-09,897295,2,No,Diploma,Single,0,No,4,Chennai
7632,Employee 7632,Male,45,Finance,Specialist,2024-08-14,1621059,4,Yes,Master,Married,1,No,5,Chennai
7633,Employee 7633,Male,23,Support,Associate,2023-04-01,1157784,4,No,Diploma,Married,3,Yes,4,Hyderabad
7634,Employee 7634,Male,59,Marketing,Manager,2021-11-15,1197588,4,No,Master,Single,4,No,5,Bengaluru
7635,Employee 7635,Male,39,Operations,Specialist,2023-07-29,1293764,4,No,Diploma,Married,2,Yes,5,Bengaluru
7636,Employee 7636,Female,39,Sales,Manager,2018-01-03,268311,1,No,Bachelor,Married,8,Yes,5,Chennai
7637,Employee 7637,Male,47,HR,Specialist,2017-08-31,1584728,4,Yes,Diploma,Married,8,No,1,Mumbai
7638,Employee 7638,Male,39,Operations,Specialist,2023-08-02,1744211,3,No,Diploma,Married,2,No,5,Hyderabad
7639,Employee 7639,Female,29,Finance,Analyst,2015-01-09,389714,2,Yes,Diploma,Single,9,No,3,Chennai
7640,Employee 7640,Male,32,Sales,Executive,2015-01-04,548960,5,No,Master,Married,11,No,4,Mumbai
7641,Employee 7641,Female,38,Operations,Specialist,2015-10-13,1273758,3,No,Bachelor,Married,10,Yes,1,Ahmedabad
7642,Employee 7642,Male,41,Marketing,Associate,2015-07-21,572405,1,No,Master,Single,10,Yes,1,Hyderabad
7643,Employee 7643,Male,39,IT,Engineer,2019-01-07,937693,4,No,Master,Married,7,No,4,Ahmedabad
7644,Employee 7644,Male,48,Support,Specialist,2019-05-09,1788150,2,No,Master,Single,7,Yes,3,Delhi
7645,Employee 7645,Male,43,Sales,Analyst,2025-02-21,533604,1,No,Diploma,Single,1,No,1,Pune
7646,Employee 7646,Male,28,Finance,Executive,2016-11-30,1778194,4,No,Bachelor,Married,8,No,3,Bengaluru
7647,Employee 7647,Female,42,HR,Analyst,2025-05-17,1585075,5,No,Master,Married,1,No,2,Bengaluru
7648,Employee 7648,Female,54,HR,Engineer,2023-09-16,386616,4,No,Bachelor,Married,2,No,3,Bengaluru
7649,Employee 7649,Male,47,Operations,Specialist,2022-06-15,1130413,3,No,Diploma,Married,4,Yes,5,Hyderabad
7650,Employee 7650,Male,29,Finance,Analyst,2022-11-29,470087,5,No,Master,Single,3,Yes,2,Mumbai
7651,Employee 7651,Female,44,Finance,Analyst,2017-12-05,734952,5,No,Master,Married,8,Yes,5,Mumbai
7652,Employee 7652,Female,29,Operations,Associate,2021-05-23,295011,1,No,Bachelor,Married,5,Yes,3,Delhi
7653,Employee 7653,Female,24,Finance,Engineer,2026-03-06,801560,2,No,Bachelor,Married,0,No,3,Delhi
7654,Employee 7654,Female,53,HR,Engineer,2022-11-24,1123269,2,No,Master,Married,3,No,1,Mumbai
7655,Employee 7655,Female,52,Finance,Analyst,2022-11-22,645137,5,No,Diploma,Single,3,No,3,Bengaluru
7656,Employee 7656,Male,43,Finance,Specialist,2024-10-02,1424311,1,No,Bachelor,Single,1,No,4,Pune
7657,Employee 7657,Male,44,Marketing,Executive,2020-02-23,343011,2,No,Bachelor,Single,6,Yes,3,Delhi
7658,Employee 7658,Female,29,HR,Specialist,2018-09-05,425880,4,No,Diploma,Single,7,Yes,4,Pune
7659,Employee 7659,Male,47,Finance,Executive,2016-07-09,941909,4,No,Diploma,Single,9,No,2,Delhi
7660,Employee 7660,Female,48,Operations,Associate,2018-08-03,729041,1,No,Diploma,Single,7,No,4,Delhi
7661,Employee 7661,Male,37,Marketing,Manager,2023-04-25,1112757,1,Yes,Diploma,Married,3,Yes,2,Delhi
7662,Employee 7662,Female,33,Operations,Associate,2020-10-16,676929,5,Yes,Bachelor,Single,5,Yes,4,Hyderabad
7663,Employee 7663,Female,36,IT,Specialist,2015-03-24,624070,3,Yes,Master,Single,11,Yes,2,Chennai
7664,Employee 7664,Male,31,Support,Specialist,2017-05-06,1154706,2,Yes,Diploma,Single,9,Yes,2,Mumbai
7665,Employee 7665,Female,28,Support,Associate,2016-09-01,871650,1,No,Diploma,Married,8,No,5,Hyderabad
7666,Employee 7666,Male,38,Marketing,Manager,2022-12-26,604716,4,Yes,Master,Married,3,Yes,3,Hyderabad
7667,Employee 7667,Male,54,Operations,Analyst,2015-11-02,942805,1,No,Bachelor,Married,10,No,2,Delhi
7668,Employee 7668,Male,36,IT,Associate,2025-09-04,1127467,5,No,Diploma,Married,0,No,1,Ahmedabad
7669,Employee 7669,Male,30,Operations,Engineer,2020-11-04,1406515,2,No,Bachelor,Married,5,No,3,Bengaluru
7670,Employee 7670,Male,57,Finance,Manager,2017-01-06,495135,1,Yes,Master,Single,9,No,4,Chennai
7671,Employee 7671,Female,54,Sales,Manager,2024-09-18,1060046,1,No,Bachelor,Married,1,No,4,Pune
7672,Employee 7672,Female,48,Sales,Analyst,2018-06-18,1391616,5,No,Master,Married,8,Yes,5,Pune
7673,Employee 7673,Male,42,Operations,Analyst,2025-01-12,475707,5,No,Diploma,Single,1,No,1,Bengaluru
7674,Employee 7674,Male,43,Operations,Associate,2024-06-01,884468,2,No,Master,Single,2,Yes,4,Mumbai
7675,Employee 7675,Male,59,Operations,Specialist,2018-07-04,657264,3,No,Diploma,Single,8,Yes,1,Pune
7676,Employee 7676,Female,27,Marketing,Specialist,2019-03-26,1774534,5,Yes,Diploma,Married,7,No,1,Pune
7677,Employee 7677,Male,24,Finance,Engineer,2025-07-05,1016990,3,Yes,Master,Married,0,Yes,4,Delhi
7678,Employee 7678,Female,44,Marketing,Associate,2017-08-03,634513,5,Yes,Master,Married,8,No,5,Bengaluru
7679,Employee 7679,Male,58,HR,Engineer,2022-02-04,1265976,4,No,Diploma,Single,4,Yes,1,Mumbai
7680,Employee 7680,Female,34,Marketing,Analyst,2021-04-18,1526654,3,No,Diploma,Married,5,Yes,3,Bengaluru
7681,Employee 7681,Male,46,HR,Manager,2017-04-14,495509,3,No,Bachelor,Married,9,Yes,4,Bengaluru
7682,Employee 7682,Female,42,Marketing,Engineer,2020-05-03,597737,4,Yes,Diploma,Single,6,No,5,Pune
7683,Employee 7683,Female,33,HR,Specialist,2016-07-26,1110409,5,No,Bachelor,Married,9,Yes,3,Bengaluru
7684,Employee 7684,Male,44,IT,Associate,2023-10-07,306508,5,No,Bachelor,Married,2,No,3,Chennai
7685,Employee 7685,Female,56,Operations,Engineer,2020-09-10,1318436,2,No,Diploma,Single,5,Yes,2,Ahmedabad
7686,Employee 7686,Female,24,HR,Analyst,2016-11-21,512078,2,No,Master,Married,4,No,1,Delhi
7687,Employee 7687,Male,50,Marketing,Associate,2026-04-01,640625,2,No,Bachelor,Single,0,No,3,Bengaluru
7688,Employee 7688,Male,32,Operations,Manager,2016-06-30,455104,4,No,Diploma,Single,10,Yes,1,Delhi
7689,Employee 7689,Female,39,Marketing,Engineer,2020-01-20,1040132,2,No,Diploma,Single,6,Yes,1,Ahmedabad
7690,Employee 7690,Female,43,Finance,Manager,2017-12-19,498072,2,No,Bachelor,Single,8,No,5,Chennai
7691,Employee 7691,Female,41,Sales,Engineer,2021-09-04,1194926,2,No,Master,Single,4,No,2,Bengaluru
7692,Employee 7692,Male,24,Marketing,Manager,2021-03-27,1378590,4,No,Bachelor,Single,4,No,2,Delhi
7693,Employee 7693,Male,46,Support,Associate,2015-10-04,471369,5,No,Master,Married,10,No,2,Mumbai
7694,Employee 7694,Female,54,Finance,Analyst,2021-01-28,1172301,2,No,Bachelor,Single,5,Yes,4,Mumbai
7695,Employee 7695,Female,49,HR,Executive,2016-01-22,695226,5,No,Bachelor,Married,10,No,3,Chennai
7696,Employee 7696,Female,42,Operations,Associate,2025-10-11,1081419,1,Yes,Diploma,Single,0,No,5,Hyderabad
7697,Employee 7697,Female,27,Support,Analyst,2022-12-16,274243,3,No,Bachelor,Married,3,Yes,3,Mumbai
7698,Employee 7698,Male,49,Operations,Executive,2018-07-11,1107919,3,No,Master,Single,7,Yes,5,Pune
7699,Employee 7699,Male,35,Sales,Analyst,2020-09-29,447079,4,Yes,Diploma,Married,5,Yes,2,Delhi
7700,Employee 7700,Male,58,HR,Manager,2020-10-25,475596,2,No,Master,Married,5,Yes,4,Bengaluru
7701,Employee 7701,Female,60,Sales,Engineer,2016-07-16,318968,2,Yes,Master,Married,9,Yes,5,Delhi
7702,Employee 7702,Female,36,Marketing,Analyst,2016-09-23,1231393,2,No,Diploma,Single,9,No,4,Ahmedabad
7703,Employee 7703,Male,55,Marketing,Associate,2020-06-23,1038522,3,No,Diploma,Married,6,Yes,3,Hyderabad
7704,Employee 7704,Female,46,Support,Engineer,2019-02-25,784692,5,No,Diploma,Single,7,Yes,3,Bengaluru
7705,Employee 7705,Female,38,IT,Executive,2017-11-24,315570,2,No,Diploma,Single,8,Yes,3,Pune
7706,Employee 7706,Female,25,Finance,Associate,2020-05-28,1295222,3,No,Bachelor,Single,5,Yes,5,Delhi
7707,Employee 7707,Female,27,Marketing,Manager,2020-09-11,1481853,3,No,Master,Married,5,No,2,Bengaluru
7708,Employee 7708,Male,39,Marketing,Analyst,2020-09-21,892577,2,No,Diploma,Single,5,Yes,5,Delhi
7709,Employee 7709,Male,57,IT,Manager,2016-08-21,1513140,4,No,Master,Single,9,No,4,Bengaluru
7710,Employee 7710,Female,50,Sales,Specialist,2026-02-14,1528051,3,No,Bachelor,Single,0,Yes,5,Bengaluru
7711,Employee 7711,Male,60,Support,Analyst,2020-02-15,1775695,5,No,Master,Single,6,No,2,Mumbai
7712,Employee 7712,Male,36,HR,Manager,2025-08-10,432939,5,No,Diploma,Married,0,No,5,Ahmedabad
7713,Employee 7713,Female,52,HR,Engineer,2023-08-30,567504,1,Yes,Diploma,Married,2,No,3,Pune
7714,Employee 7714,Female,41,Support,Associate,2021-07-29,855970,1,No,Diploma,Single,4,No,4,Pune
7715,Employee 7715,Male,43,HR,Executive,2019-07-28,488471,2,No,Bachelor,Married,6,Yes,2,Delhi
7716,Employee 7716,Female,22,Sales,Associate,2022-08-31,494229,2,No,Diploma,Single,2,Yes,2,Hyderabad
7717,Employee 7717,Female,53,Sales,Engineer,2025-03-23,1701397,3,No,Diploma,Married,1,No,5,Delhi
7718,Employee 7718,Male,34,Operations,Manager,2015-05-24,849177,3,No,Bachelor,Single,11,No,3,Delhi
7719,Employee 7719,Female,33,IT,Manager,2022-03-25,706471,5,No,Bachelor,Married,4,No,1,Hyderabad
7720,Employee 7720,Male,28,Sales,Analyst,2018-05-31,407636,4,No,Master,Single,8,No,3,Ahmedabad
7721,Employee 7721,Female,50,Support,Associate,2023-12-07,1519758,5,No,Master,Married,2,Yes,2,Pune
7722,Employee 7722,Male,47,Operations,Analyst,2026-01-09,1421854,1,No,Diploma,Single,0,Yes,2,Ahmedabad
7723,Employee 7723,Female,29,Finance,Manager,2025-10-09,400337,1,Yes,Diploma,Single,0,Yes,5,Pune
7724,Employee 7724,Female,60,Operations,Associate,2018-01-12,1405307,3,Yes,Master,Single,8,No,3,Bengaluru
7725,Employee 7725,Male,42,Marketing,Executive,2025-04-11,512616,5,No,Bachelor,Married,1,Yes,3,Mumbai
7726,Employee 7726,Male,30,Operations,Executive,2015-11-18,1670450,1,No,Bachelor,Single,10,Yes,3,Hyderabad
7727,Employee 7727,Male,46,Operations,Associate,2022-05-28,1144058,5,No,Bachelor,Married,4,Yes,3,Pune
7728,Employee 7728,Female,30,Support,Specialist,2026-02-08,584018,2,No,Master,Married,0,No,2,Mumbai
7729,Employee 7729,Female,22,IT,Associate,2020-02-13,954947,2,No,Diploma,Married,2,No,1,Mumbai
7730,Employee 7730,Male,59,Finance,Executive,2021-08-29,1767113,1,No,Master,Married,4,Yes,1,Delhi
7731,Employee 7731,Male,45,IT,Executive,2021-10-25,425356,3,No,Bachelor,Married,4,Yes,1,Hyderabad
7732,Employee 7732,Male,60,HR,Analyst,2019-05-18,1255464,3,No,Diploma,Single,7,No,1,Chennai
7733,Employee 7733,Male,56,IT,Associate,2023-06-02,744684,2,No,Master,Single,3,No,1,Chennai
7734,Employee 7734,Male,48,Support,Specialist,2023-12-24,1577696,3,Yes,Bachelor,Single,2,No,1,Chennai
7735,Employee 7735,Male,30,Support,Analyst,2025-03-27,854226,4,No,Master,Single,1,No,1,Ahmedabad
7736,Employee 7736,Male,26,Sales,Executive,2021-09-02,1214447,1,No,Diploma,Single,4,No,4,Bengaluru
7737,Employee 7737,Male,48,Operations,Analyst,2020-03-06,1221528,5,No,Diploma,Married,6,No,5,Pune
7738,Employee 7738,Female,32,Finance,Executive,2018-07-08,1651235,1,No,Diploma,Single,7,Yes,2,Bengaluru
7739,Employee 7739,Female,44,Marketing,Executive,2023-02-01,412787,2,No,Master,Married,3,Yes,1,Pune
7740,Employee 7740,Male,47,Operations,Engineer,2018-07-18,1206561,1,No,Diploma,Single,7,No,5,Delhi
7741,Employee 7741,Female,59,Operations,Analyst,2016-12-08,1580564,1,No,Master,Married,9,No,5,Hyderabad
7742,Employee 7742,Male,58,Marketing,Executive,2022-06-28,540910,5,No,Bachelor,Single,4,Yes,1,Delhi
7743,Employee 7743,Male,24,Finance,Associate,2015-11-15,1510534,1,No,Diploma,Married,4,No,3,Bengaluru
7744,Employee 7744,Male,28,Operations,Specialist,2016-08-17,1175271,2,No,Bachelor,Married,8,No,3,Mumbai
7745,Employee 7745,Female,60,Support,Associate,2022-10-16,731769,4,No,Bachelor,Married,3,No,3,Delhi
7746,Employee 7746,Female,60,Support,Manager,2024-02-18,289475,5,No,Diploma,Married,2,No,4,Mumbai
7747,Employee 7747,Male,40,IT,Engineer,2016-07-19,615147,1,No,Master,Married,9,No,3,Bengaluru
7748,Employee 7748,Female,26,Finance,Specialist,2026-04-18,1761011,2,No,Bachelor,Married,0,Yes,4,Bengaluru
7749,Employee 7749,Female,60,Sales,Engineer,2022-12-24,1655404,3,No,Master,Single,3,No,1,Pune
7750,Employee 7750,Female,53,HR,Specialist,2016-03-12,653799,3,No,Master,Married,10,No,5,Chennai
7751,Employee 7751,Male,25,Finance,Engineer,2022-11-09,910666,4,No,Master,Married,3,Yes,4,Pune
7752,Employee 7752,Female,23,Operations,Engineer,2024-02-06,1752110,3,No,Bachelor,Married,2,Yes,5,Mumbai
7753,Employee 7753,Female,59,HR,Specialist,2015-05-27,1043771,4,No,Diploma,Single,11,No,2,Mumbai
7754,Employee 7754,Male,22,IT,Executive,2019-03-07,1341916,2,No,Bachelor,Single,2,No,2,Mumbai
7755,Employee 7755,Male,56,Support,Associate,2018-12-05,810598,3,No,Master,Married,7,Yes,1,Ahmedabad
7756,Employee 7756,Female,54,Support,Specialist,2025-10-13,1672408,5,No,Diploma,Single,0,Yes,2,Chennai
7757,Employee 7757,Male,25,Support,Executive,2020-04-13,1554947,3,No,Bachelor,Married,5,Yes,5,Bengaluru
7758,Employee 7758,Female,55,IT,Analyst,2023-08-07,1603205,5,No,Master,Single,2,Yes,4,Pune
7759,Employee 7759,Male,35,HR,Manager,2022-07-05,499144,4,No,Diploma,Married,3,No,3,Ahmedabad
7760,Employee 7760,Male,53,IT,Specialist,2020-08-27,1405203,4,No,Bachelor,Married,5,No,5,Pune
7761,Employee 7761,Female,38,HR,Associate,2018-01-10,959650,2,Yes,Bachelor,Single,8,No,1,Chennai
7762,Employee 7762,Female,46,IT,Engineer,2020-12-01,1229065,1,Yes,Diploma,Married,5,Yes,2,Mumbai
7763,Employee 7763,Male,33,Finance,Engineer,2022-01-23,905292,3,Yes,Diploma,Single,4,Yes,1,Delhi
7764,Employee 7764,Male,59,Support,Executive,2025-12-20,639874,3,No,Bachelor,Single,0,No,3,Pune
7765,Employee 7765,Female,34,HR,Executive,2018-11-24,829431,5,No,Master,Single,7,Yes,2,Pune
7766,Employee 7766,Female,30,Marketing,Analyst,2024-07-22,395298,1,No,Diploma,Single,1,Yes,4,Mumbai
7767,Employee 7767,Male,27,IT,Associate,2021-04-06,547615,2,No,Bachelor,Married,5,Yes,2,Chennai
7768,Employee 7768,Female,29,Marketing,Specialist,2021-09-03,987431,3,No,Bachelor,Married,4,No,1,Pune
7769,Employee 7769,Male,49,Finance,Manager,2020-06-17,1427135,4,Yes,Diploma,Single,6,No,1,Pune
7770,Employee 7770,Male,37,Finance,Associate,2023-01-30,1680270,3,No,Master,Single,3,No,5,Chennai
7771,Employee 7771,Male,45,IT,Executive,2020-06-19,1549037,1,No,Master,Married,6,No,4,Delhi
7772,Employee 7772,Female,44,Operations,Executive,2026-05-18,1486450,2,No,Bachelor,Single,0,No,1,Delhi
7773,Employee 7773,Female,22,Support,Analyst,2019-04-01,892261,5,Yes,Master,Married,2,Yes,5,Bengaluru
7774,Employee 7774,Male,36,HR,Manager,2015-08-03,416997,3,No,Bachelor,Single,10,Yes,2,Ahmedabad
7775,Employee 7775,Male,26,Operations,Executive,2020-07-23,1180092,4,No,Master,Single,5,Yes,3,Mumbai
7776,Employee 7776,Female,38,Marketing,Engineer,2018-12-12,1203265,3,No,Diploma,Married,7,Yes,4,Delhi
7777,Employee 7777,Female,21,HR,Associate,2018-01-13,968061,5,No,Master,Married,1,No,5,Delhi
7778,Employee 7778,Male,60,Marketing,Associate,2018-08-14,1023635,2,No,Master,Single,7,Yes,3,Hyderabad
7779,Employee 7779,Female,24,Marketing,Manager,2015-12-29,793162,1,No,Diploma,Single,4,Yes,5,Hyderabad
7780,Employee 7780,Male,42,HR,Associate,2015-05-08,1186160,5,Yes,Master,Single,11,No,3,Pune
7781,Employee 7781,Male,29,Support,Associate,2022-08-14,1775545,2,No,Master,Married,3,Yes,4,Pune
7782,Employee 7782,Male,36,Operations,Engineer,2025-03-26,870678,2,No,Bachelor,Married,1,No,1,Chennai
7783,Employee 7783,Male,48,Marketing,Specialist,2019-12-05,322766,5,No,Bachelor,Single,6,No,1,Chennai
7784,Employee 7784,Female,54,Operations,Executive,2017-05-15,1638347,2,No,Bachelor,Single,9,Yes,2,Delhi
7785,Employee 7785,Male,55,Finance,Analyst,2024-02-27,922752,2,No,Diploma,Single,2,Yes,4,Delhi
7786,Employee 7786,Female,28,Support,Manager,2024-07-06,721339,4,No,Diploma,Single,1,Yes,3,Hyderabad
7787,Employee 7787,Male,27,Marketing,Manager,2023-06-27,838753,3,No,Master,Married,3,No,3,Hyderabad
7788,Employee 7788,Female,47,Marketing,Specialist,2019-11-20,729928,1,No,Master,Single,6,Yes,3,Chennai
7789,Employee 7789,Male,25,Marketing,Engineer,2021-05-03,573356,5,No,Master,Married,5,Yes,1,Mumbai
7790,Employee 7790,Female,21,Operations,Analyst,2024-03-10,1641908,4,No,Master,Married,1,Yes,1,Pune
7791,Employee 7791,Female,52,HR,Engineer,2021-08-22,890149,3,No,Bachelor,Single,4,No,2,Pune
7792,Employee 7792,Female,45,Finance,Analyst,2018-08-13,465409,4,Yes,Master,Married,7,Yes,5,Hyderabad
7793,Employee 7793,Male,44,HR,Associate,2017-12-06,566598,1,No,Master,Married,8,No,1,Pune
7794,Employee 7794,Female,46,Sales,Analyst,2016-05-30,1786924,4,No,Diploma,Married,10,Yes,4,Chennai
7795,Employee 7795,Male,46,IT,Associate,2025-02-24,377813,3,No,Bachelor,Married,1,No,1,Mumbai
7796,Employee 7796,Female,36,Finance,Specialist,2022-09-22,1155598,1,No,Diploma,Single,3,No,1,Chennai
7797,Employee 7797,Female,25,Support,Analyst,2022-12-21,1235867,3,No,Bachelor,Single,3,No,5,Delhi
7798,Employee 7798,Male,39,Sales,Engineer,2024-07-24,636445,1,No,Diploma,Married,1,Yes,5,Delhi
7799,Employee 7799,Female,54,Operations,Specialist,2018-03-17,609531,3,No,Master,Single,8,Yes,3,Hyderabad
7800,Employee 7800,Female,21,Sales,Executive,2024-07-26,290355,2,No,Diploma,Married,1,No,5,Pune
7801,Employee 7801,Male,50,Finance,Analyst,2022-08-07,944098,2,No,Diploma,Single,3,Yes,2,Bengaluru
7802,Employee 7802,Female,56,Support,Analyst,2026-02-25,810345,3,No,Master,Single,0,No,4,Hyderabad
7803,Employee 7803,Male,34,Finance,Associate,2018-02-28,1482595,2,Yes,Master,Married,8,Yes,4,Ahmedabad
7804,Employee 7804,Female,29,IT,Executive,2026-02-23,1655415,2,No,Diploma,Single,0,No,4,Pune
7805,Employee 7805,Male,51,Finance,Specialist,2020-09-16,443096,3,No,Diploma,Married,5,Yes,5,Hyderabad
7806,Employee 7806,Male,47,Finance,Associate,2025-06-08,1286793,4,No,Bachelor,Married,1,No,2,Bengaluru
7807,Employee 7807,Female,29,IT,Engineer,2023-08-25,486860,1,No,Diploma,Single,2,Yes,2,Bengaluru
7808,Employee 7808,Male,28,IT,Executive,2020-12-04,1072554,1,No,Bachelor,Married,5,Yes,5,Hyderabad
7809,Employee 7809,Male,42,Support,Executive,2017-04-08,1543270,1,No,Master,Married,9,No,2,Chennai
7810,Employee 7810,Female,26,Marketing,Associate,2023-03-24,1458260,3,No,Master,Single,3,No,5,Mumbai
7811,Employee 7811,Male,53,Marketing,Associate,2024-05-05,1462386,3,No,Diploma,Married,2,Yes,3,Bengaluru
7812,Employee 7812,Male,55,IT,Manager,2021-04-02,1608841,3,No,Diploma,Single,5,No,3,Chennai
7813,Employee 7813,Female,55,IT,Executive,2021-08-16,1291806,1,No,Bachelor,Married,4,Yes,2,Bengaluru
7814,Employee 7814,Female,57,Support,Engineer,2019-11-02,837298,1,No,Bachelor,Married,6,No,5,Chennai
7815,Employee 7815,Female,54,HR,Associate,2020-10-19,793413,5,Yes,Diploma,Single,5,Yes,5,Mumbai
7816,Employee 7816,Male,48,Sales,Executive,2017-10-05,1130116,1,No,Bachelor,Single,8,No,4,Delhi
7817,Employee 7817,Female,54,Marketing,Manager,2022-04-01,1485755,3,Yes,Master,Single,4,Yes,4,Bengaluru
7818,Employee 7818,Male,49,Finance,Executive,2017-02-02,1034682,1,No,Diploma,Single,9,Yes,4,Ahmedabad
7819,Employee 7819,Male,46,Finance,Analyst,2025-11-30,593037,3,No,Master,Single,0,Yes,5,Chennai
7820,Employee 7820,Female,49,Finance,Analyst,2024-08-04,703070,1,No,Diploma,Single,1,Yes,4,Delhi
7821,Employee 7821,Female,31,HR,Engineer,2016-09-10,407097,1,No,Diploma,Single,9,No,4,Mumbai
7822,Employee 7822,Female,49,HR,Analyst,2018-07-13,818115,2,No,Master,Married,7,Yes,1,Hyderabad
7823,Employee 7823,Female,47,Finance,Associate,2022-02-01,1062900,2,No,Bachelor,Single,4,Yes,3,Ahmedabad
7824,Employee 7824,Male,30,Operations,Specialist,2021-03-29,1392935,1,No,Master,Married,5,Yes,1,Ahmedabad
7825,Employee 7825,Female,53,Sales,Associate,2019-04-28,554149,5,No,Bachelor,Married,7,No,4,Bengaluru
7826,Employee 7826,Male,56,Sales,Manager,2023-02-18,1668050,4,No,Master,Married,3,Yes,5,Bengaluru
7827,Employee 7827,Female,22,HR,Manager,2017-12-24,1057198,1,No,Master,Single,2,No,1,Chennai
7828,Employee 7828,Female,48,IT,Manager,2024-05-15,1754621,5,Yes,Diploma,Single,2,No,1,Ahmedabad
7829,Employee 7829,Female,44,Finance,Engineer,2015-09-03,406888,1,No,Bachelor,Single,10,No,5,Bengaluru
7830,Employee 7830,Male,56,Marketing,Specialist,2022-05-14,1740975,3,No,Bachelor,Married,4,Yes,2,Chennai
7831,Employee 7831,Male,34,Marketing,Executive,2024-11-12,1159696,4,No,Diploma,Single,1,No,2,Pune
7832,Employee 7832,Female,52,Support,Executive,2016-08-30,1787819,4,Yes,Diploma,Single,9,No,3,Delhi
7833,Employee 7833,Female,46,Finance,Associate,2016-12-15,374462,2,No,Bachelor,Single,9,Yes,5,Ahmedabad
7834,Employee 7834,Female,46,IT,Engineer,2025-01-01,1693231,2,No,Diploma,Married,1,Yes,2,Hyderabad
7835,Employee 7835,Female,58,Finance,Analyst,2023-01-13,781724,2,No,Diploma,Married,3,Yes,1,Pune
7836,Employee 7836,Male,38,Support,Specialist,2021-11-07,1600663,2,No,Diploma,Married,4,Yes,5,Pune
7837,Employee 7837,Male,39,Sales,Analyst,2025-04-23,446256,2,No,Master,Married,1,No,5,Pune
7838,Employee 7838,Female,60,IT,Analyst,2020-04-26,1180196,2,No,Bachelor,Married,6,No,2,Bengaluru
7839,Employee 7839,Male,56,Sales,Associate,2016-06-26,991512,2,No,Diploma,Single,10,Yes,2,Chennai
7840,Employee 7840,Female,32,Sales,Specialist,2023-01-11,553198,1,No,Bachelor,Single,3,Yes,3,Ahmedabad
7841,Employee 7841,Male,46,Operations,Specialist,2016-09-18,679887,5,No,Diploma,Married,9,No,4,Delhi
7842,Employee 7842,Female,22,Sales,Specialist,2019-05-20,571624,2,No,Bachelor,Single,2,No,5,Chennai
7843,Employee 7843,Female,39,Marketing,Executive,2015-02-11,435315,2,Yes,Master,Married,11,No,2,Ahmedabad
7844,Employee 7844,Male,37,Sales,Analyst,2016-08-17,1256320,1,No,Bachelor,Single,9,Yes,2,Mumbai
7845,Employee 7845,Male,25,HR,Engineer,2022-06-13,1095998,5,No,Bachelor,Single,4,Yes,2,Chennai
7846,Employee 7846,Female,30,Marketing,Engineer,2026-05-31,854816,4,No,Master,Married,0,Yes,5,Chennai
7847,Employee 7847,Male,57,IT,Analyst,2016-08-09,1061802,2,Yes,Master,Married,9,Yes,4,Mumbai
7848,Employee 7848,Male,29,Marketing,Engineer,2023-03-16,282112,4,No,Diploma,Single,3,No,3,Bengaluru
7849,Employee 7849,Female,58,Finance,Analyst,2016-09-23,1598694,5,No,Bachelor,Single,9,Yes,2,Delhi
7850,Employee 7850,Female,53,Support,Analyst,2021-11-19,948385,1,No,Bachelor,Married,4,No,4,Bengaluru
7851,Employee 7851,Male,30,Sales,Associate,2022-07-24,654151,3,No,Bachelor,Single,3,No,3,Mumbai
7852,Employee 7852,Male,27,Marketing,Engineer,2020-05-04,1175023,1,No,Bachelor,Married,6,No,1,Hyderabad
7853,Employee 7853,Female,46,IT,Manager,2017-06-11,1361021,5,No,Diploma,Married,9,No,2,Delhi
7854,Employee 7854,Female,28,IT,Associate,2021-06-04,1255130,1,No,Master,Married,5,No,3,Chennai
7855,Employee 7855,Male,29,HR,Specialist,2016-12-01,732489,2,No,Master,Married,9,No,2,Chennai
7856,Employee 7856,Female,46,Operations,Engineer,2023-01-04,665414,5,No,Bachelor,Single,3,Yes,3,Pune
7857,Employee 7857,Male,21,Marketing,Engineer,2018-08-12,1331079,1,No,Diploma,Single,1,Yes,1,Ahmedabad
7858,Employee 7858,Male,34,Marketing,Specialist,2019-07-29,315593,1,No,Diploma,Married,6,Yes,4,Mumbai
7859,Employee 7859,Female,23,Finance,Manager,2024-10-17,764336,1,Yes,Diploma,Single,1,Yes,5,Pune
7860,Employee 7860,Female,23,Marketing,Engineer,2023-02-21,1292694,2,No,Diploma,Married,3,No,3,Mumbai
7861,Employee 7861,Female,26,Marketing,Associate,2015-02-24,1649619,4,No,Master,Married,6,No,3,Delhi
7862,Employee 7862,Male,46,Marketing,Associate,2025-11-15,1021977,1,No,Diploma,Married,0,Yes,2,Bengaluru
7863,Employee 7863,Male,52,Marketing,Associate,2025-05-11,774923,2,No,Diploma,Married,1,Yes,5,Delhi
7864,Employee 7864,Female,41,Finance,Associate,2022-05-01,974522,1,No,Diploma,Single,4,Yes,3,Pune
7865,Employee 7865,Female,28,Marketing,Specialist,2022-01-25,765128,3,No,Diploma,Married,4,No,2,Bengaluru
7866,Employee 7866,Female,28,Finance,Associate,2022-08-02,445229,1,No,Bachelor,Married,3,Yes,5,Ahmedabad
7867,Employee 7867,Male,41,Marketing,Associate,2019-11-05,420565,3,No,Diploma,Single,6,No,5,Chennai
7868,Employee 7868,Female,27,Marketing,Associate,2021-11-03,716861,5,No,Diploma,Married,4,Yes,5,Delhi
7869,Employee 7869,Male,39,Operations,Analyst,2019-07-09,314354,5,No,Diploma,Married,6,No,3,Pune
7870,Employee 7870,Male,44,Support,Analyst,2021-02-17,1620933,1,Yes,Diploma,Married,5,Yes,4,Ahmedabad
7871,Employee 7871,Male,34,HR,Engineer,2026-05-23,672719,2,No,Bachelor,Married,0,Yes,4,Pune
7872,Employee 7872,Female,38,Marketing,Manager,2022-12-06,1467827,4,No,Diploma,Single,3,No,4,Chennai
7873,Employee 7873,Female,54,IT,Specialist,2019-06-09,1338661,5,No,Diploma,Married,7,No,2,Ahmedabad
7874,Employee 7874,Female,30,Support,Associate,2015-09-28,1457182,1,No,Bachelor,Single,10,Yes,2,Ahmedabad
7875,Employee 7875,Male,38,Support,Executive,2021-05-30,309293,1,No,Master,Single,5,No,3,Mumbai
7876,Employee 7876,Female,52,IT,Executive,2020-05-18,484609,2,No,Bachelor,Single,6,Yes,1,Bengaluru
7877,Employee 7877,Female,60,HR,Executive,2021-08-30,1683134,2,No,Master,Single,4,Yes,3,Hyderabad
7878,Employee 7878,Female,52,Marketing,Executive,2017-08-12,1032342,2,Yes,Master,Single,8,Yes,3,Bengaluru
7879,Employee 7879,Male,31,Support,Associate,2018-01-25,1660629,2,Yes,Bachelor,Married,8,No,5,Delhi
7880,Employee 7880,Female,34,HR,Analyst,2025-02-21,1778049,2,No,Master,Single,1,No,2,Mumbai
7881,Employee 7881,Male,38,Marketing,Analyst,2019-11-07,417552,5,No,Bachelor,Single,6,Yes,1,Delhi
7882,Employee 7882,Male,42,Marketing,Engineer,2020-11-06,1736225,2,No,Bachelor,Single,5,Yes,1,Bengaluru
7883,Employee 7883,Male,43,Sales,Specialist,2022-08-17,449882,1,No,Bachelor,Married,3,Yes,2,Pune
7884,Employee 7884,Female,57,Sales,Associate,2022-11-15,314789,5,No,Diploma,Single,3,No,5,Delhi
7885,Employee 7885,Male,32,Support,Manager,2023-12-26,1505823,1,No,Diploma,Married,2,No,1,Delhi
7886,Employee 7886,Male,58,Finance,Specialist,2016-09-09,960602,5,No,Diploma,Married,9,Yes,4,Ahmedabad
7887,Employee 7887,Female,26,IT,Analyst,2021-04-21,714497,2,No,Master,Single,5,Yes,2,Chennai
7888,Employee 7888,Male,53,IT,Executive,2024-02-15,1682189,3,No,Master,Married,2,Yes,2,Delhi
7889,Employee 7889,Male,52,HR,Analyst,2024-02-04,1329680,2,Yes,Diploma,Married,2,No,4,Hyderabad
7890,Employee 7890,Male,37,Operations,Analyst,2016-10-04,626261,5,Yes,Bachelor,Single,9,Yes,3,Chennai
7891,Employee 7891,Male,58,Operations,Analyst,2018-12-09,517566,3,Yes,Master,Single,7,Yes,2,Pune
7892,Employee 7892,Female,34,IT,Engineer,2015-12-07,1348947,1,Yes,Diploma,Married,10,Yes,4,Pune
7893,Employee 7893,Female,33,Sales,Executive,2019-12-31,485538,5,No,Diploma,Single,6,No,1,Hyderabad
7894,Employee 7894,Male,33,Sales,Associate,2024-06-22,1590463,4,Yes,Diploma,Married,2,Yes,5,Chennai
7895,Employee 7895,Female,28,HR,Analyst,2024-06-12,1537284,2,No,Diploma,Single,2,No,1,Mumbai
7896,Employee 7896,Male,48,Operations,Associate,2018-05-11,474540,4,Yes,Bachelor,Single,8,No,2,Mumbai
7897,Employee 7897,Female,50,IT,Specialist,2025-09-06,828800,1,No,Diploma,Single,0,Yes,2,Hyderabad
7898,Employee 7898,Male,39,Operations,Manager,2022-04-29,602994,2,No,Diploma,Married,4,No,2,Ahmedabad
7899,Employee 7899,Female,38,Marketing,Associate,2021-07-27,501451,4,Yes,Diploma,Single,4,No,4,Mumbai
7900,Employee 7900,Male,22,Marketing,Analyst,2024-02-18,1215521,1,No,Diploma,Single,2,No,2,Delhi
7901,Employee 7901,Male,54,Marketing,Specialist,2021-04-06,1114071,4,No,Diploma,Single,5,Yes,5,Hyderabad
7902,Employee 7902,Female,42,Operations,Engineer,2024-12-01,1557637,3,No,Master,Single,1,No,5,Bengaluru
7903,Employee 7903,Male,50,Marketing,Analyst,2019-08-23,627233,5,No,Diploma,Married,6,No,4,Chennai
7904,Employee 7904,Male,24,Sales,Associate,2022-07-26,1740426,3,No,Bachelor,Married,3,Yes,3,Pune
7905,Employee 7905,Female,47,Sales,Analyst,2025-08-25,445147,3,No,Diploma,Married,0,No,3,Mumbai
7906,Employee 7906,Female,53,Marketing,Analyst,2023-08-06,704066,1,No,Diploma,Married,2,Yes,5,Pune
7907,Employee 7907,Male,44,Marketing,Executive,2017-04-10,1198233,4,No,Diploma,Single,9,No,1,Hyderabad
7908,Employee 7908,Female,30,Support,Analyst,2024-05-26,868021,4,Yes,Diploma,Married,2,No,2,Pune
7909,Employee 7909,Female,36,Finance,Executive,2022-08-12,1494504,1,No,Bachelor,Married,3,No,1,Chennai
7910,Employee 7910,Female,21,Sales,Analyst,2026-03-08,424380,1,No,Master,Married,0,Yes,3,Hyderabad
7911,Employee 7911,Male,25,HR,Analyst,2022-03-31,302812,1,No,Bachelor,Single,4,Yes,3,Bengaluru
7912,Employee 7912,Male,30,Finance,Manager,2015-03-02,841940,1,No,Bachelor,Single,10,No,4,Delhi
7913,Employee 7913,Female,57,Operations,Analyst,2022-04-18,1696835,4,Yes,Diploma,Single,4,Yes,3,Pune
7914,Employee 7914,Male,56,Sales,Engineer,2021-05-28,1757810,4,No,Master,Married,5,Yes,2,Hyderabad
7915,Employee 7915,Female,21,Operations,Manager,2015-08-01,732935,3,No,Bachelor,Married,1,No,1,Hyderabad
7916,Employee 7916,Male,27,Support,Analyst,2017-03-22,871664,1,Yes,Diploma,Single,7,No,1,Ahmedabad
7917,Employee 7917,Female,35,Marketing,Executive,2017-10-18,1298976,4,No,Bachelor,Married,8,No,2,Mumbai
7918,Employee 7918,Female,38,Sales,Executive,2025-03-08,1188450,5,No,Master,Single,1,Yes,3,Bengaluru
7919,Employee 7919,Male,34,IT,Associate,2018-12-15,1325866,2,No,Diploma,Married,7,No,2,Bengaluru
7920,Employee 7920,Female,24,Sales,Analyst,2016-04-20,1008402,5,No,Bachelor,Married,4,No,4,Ahmedabad
7921,Employee 7921,Female,36,Sales,Manager,2015-08-26,704139,3,No,Bachelor,Married,10,Yes,1,Delhi
7922,Employee 7922,Male,36,Operations,Analyst,2023-08-27,1314142,1,No,Bachelor,Single,2,Yes,2,Chennai
7923,Employee 7923,Female,35,Sales,Associate,2022-11-14,523274,5,No,Master,Single,3,No,2,Delhi
7924,Employee 7924,Male,27,Support,Executive,2016-01-02,662579,2,Yes,Bachelor,Married,7,Yes,5,Delhi
7925,Employee 7925,Female,52,Sales,Analyst,2015-05-13,542358,2,No,Bachelor,Single,11,Yes,3,Ahmedabad
7926,Employee 7926,Male,21,HR,Specialist,2024-03-28,386568,1,No,Diploma,Married,1,No,3,Hyderabad
7927,Employee 7927,Male,27,Sales,Specialist,2023-04-29,844057,1,No,Bachelor,Single,3,Yes,3,Hyderabad
7928,Employee 7928,Male,23,Operations,Executive,2021-06-05,387371,4,No,Diploma,Married,3,Yes,5,Chennai
7929,Employee 7929,Female,60,Support,Manager,2021-06-20,984788,1,No,Diploma,Married,5,No,3,Ahmedabad
7930,Employee 7930,Male,35,Operations,Executive,2026-05-29,1137440,5,No,Bachelor,Married,0,Yes,2,Bengaluru
7931,Employee 7931,Female,43,Support,Executive,2015-07-05,1114489,3,Yes,Master,Married,11,Yes,4,Chennai
7932,Employee 7932,Male,48,IT,Associate,2016-07-27,895178,3,No,Bachelor,Married,9,Yes,4,Ahmedabad
7933,Employee 7933,Female,57,Support,Specialist,2022-01-24,988862,2,No,Bachelor,Single,4,No,3,Hyderabad
7934,Employee 7934,Female,38,Finance,Specialist,2021-10-20,1541830,5,No,Diploma,Single,4,Yes,2,Pune
7935,Employee 7935,Female,52,Sales,Manager,2024-05-14,1289496,1,No,Diploma,Married,2,Yes,4,Hyderabad
7936,Employee 7936,Male,21,IT,Manager,2025-12-15,807106,1,No,Bachelor,Married,0,No,1,Hyderabad
7937,Employee 7937,Female,40,Operations,Analyst,2022-10-02,1707837,5,No,Bachelor,Single,3,Yes,4,Delhi
7938,Employee 7938,Female,39,Marketing,Manager,2025-06-18,992381,4,No,Master,Married,1,Yes,2,Mumbai
7939,Employee 7939,Male,36,Marketing,Executive,2016-01-12,1657951,1,Yes,Bachelor,Married,10,No,3,Delhi
7940,Employee 7940,Male,46,IT,Specialist,2025-11-16,1336361,4,Yes,Master,Single,0,No,5,Delhi
7941,Employee 7941,Male,33,IT,Specialist,2020-04-15,1016584,1,No,Master,Married,6,No,2,Chennai
7942,Employee 7942,Female,25,Support,Engineer,2019-06-20,397109,1,No,Diploma,Married,5,Yes,5,Ahmedabad
7943,Employee 7943,Female,22,IT,Specialist,2020-03-14,1630080,3,No,Diploma,Married,2,No,1,Bengaluru
7944,Employee 7944,Female,40,Support,Analyst,2018-03-15,1159385,1,No,Bachelor,Single,8,No,3,Ahmedabad
7945,Employee 7945,Female,28,Finance,Associate,2020-02-07,1100849,4,Yes,Diploma,Married,6,Yes,3,Chennai
7946,Employee 7946,Female,33,Operations,Associate,2019-07-13,783786,3,No,Bachelor,Single,6,No,1,Bengaluru
7947,Employee 7947,Male,36,Finance,Specialist,2015-10-10,679194,3,No,Diploma,Married,10,Yes,2,Delhi
7948,Employee 7948,Male,51,Finance,Associate,2019-05-01,1484799,3,No,Diploma,Single,7,No,1,Mumbai
7949,Employee 7949,Male,28,Support,Executive,2019-05-02,1705497,2,No,Master,Married,7,Yes,1,Delhi
7950,Employee 7950,Female,53,IT,Manager,2017-03-04,1531804,5,Yes,Bachelor,Single,9,No,2,Delhi
7951,Employee 7951,Male,23,Finance,Specialist,2017-10-26,1501910,2,No,Master,Single,3,Yes,3,Bengaluru
7952,Employee 7952,Female,31,Marketing,Analyst,2019-06-13,1192062,2,No,Master,Married,7,No,2,Pune
7953,Employee 7953,Male,43,Sales,Engineer,2024-12-29,921058,1,No,Diploma,Single,1,Yes,4,Chennai
7954,Employee 7954,Male,58,HR,Engineer,2021-07-18,981894,4,No,Master,Married,4,Yes,4,Hyderabad
7955,Employee 7955,Male,36,Operations,Specialist,2020-08-28,1079544,2,No,Master,Married,5,Yes,2,Bengaluru
7956,Employee 7956,Male,29,IT,Executive,2017-01-02,928846,5,No,Diploma,Single,9,Yes,5,Hyderabad
7957,Employee 7957,Male,34,Finance,Associate,2023-11-13,1383111,1,No,Diploma,Married,2,No,2,Hyderabad
7958,Employee 7958,Male,42,Operations,Manager,2021-01-15,1552521,4,No,Bachelor,Single,5,No,4,Bengaluru
7959,Employee 7959,Male,60,Operations,Manager,2017-12-14,1029990,5,No,Bachelor,Married,8,No,3,Chennai
7960,Employee 7960,Male,29,Sales,Executive,2022-03-18,739300,5,No,Bachelor,Married,4,No,4,Chennai
7961,Employee 7961,Female,58,Operations,Manager,2025-03-11,920300,5,No,Master,Married,1,Yes,5,Bengaluru
7962,Employee 7962,Male,54,Support,Engineer,2025-04-17,432184,2,No,Bachelor,Married,1,Yes,2,Pune
7963,Employee 7963,Male,25,Finance,Analyst,2025-10-23,1137251,2,No,Diploma,Married,0,Yes,1,Delhi
7964,Employee 7964,Female,27,Operations,Engineer,2022-10-05,1154920,1,No,Master,Married,3,No,2,Ahmedabad
7965,Employee 7965,Female,51,Marketing,Specialist,2015-06-24,824558,1,Yes,Master,Single,11,Yes,3,Chennai
7966,Employee 7966,Male,23,Finance,Analyst,2024-09-29,936690,1,No,Bachelor,Married,1,No,2,Delhi
7967,Employee 7967,Female,48,Operations,Specialist,2022-12-19,430376,5,No,Master,Single,3,No,5,Chennai
7968,Employee 7968,Male,31,Marketing,Analyst,2015-11-26,1561884,3,No,Diploma,Single,10,No,4,Ahmedabad
7969,Employee 7969,Female,24,IT,Specialist,2024-06-18,1586531,1,No,Master,Married,2,Yes,3,Delhi
7970,Employee 7970,Female,30,Marketing,Manager,2015-04-15,1377142,5,Yes,Master,Single,10,Yes,1,Ahmedabad
7971,Employee 7971,Male,28,IT,Executive,2017-11-29,340543,5,No,Diploma,Single,8,Yes,3,Ahmedabad
7972,Employee 7972,Male,26,Operations,Manager,2025-09-04,401113,2,No,Diploma,Married,0,No,1,Pune
7973,Employee 7973,Male,23,HR,Executive,2021-04-17,553367,5,No,Diploma,Married,3,Yes,1,Chennai
7974,Employee 7974,Male,26,HR,Executive,2020-09-11,399715,1,No,Master,Single,5,Yes,3,Bengaluru
7975,Employee 7975,Male,27,Support,Analyst,2015-10-02,1559136,5,No,Diploma,Single,7,No,2,Mumbai
7976,Employee 7976,Male,60,Sales,Associate,2023-09-08,281587,2,No,Bachelor,Married,2,No,5,Delhi
7977,Employee 7977,Female,56,IT,Associate,2024-10-10,671873,3,No,Bachelor,Married,1,No,3,Bengaluru
7978,Employee 7978,Male,56,IT,Specialist,2015-04-08,904864,3,No,Diploma,Married,11,Yes,4,Bengaluru
7979,Employee 7979,Male,22,Operations,Specialist,2017-11-06,1114256,1,No,Bachelor,Married,2,Yes,2,Delhi
7980,Employee 7980,Female,41,Marketing,Manager,2023-10-04,1322512,4,No,Master,Single,2,Yes,3,Bengaluru
7981,Employee 7981,Female,23,Operations,Associate,2020-03-13,559742,4,Yes,Diploma,Married,3,Yes,5,Chennai
7982,Employee 7982,Female,59,IT,Analyst,2019-02-10,1358074,2,No,Bachelor,Single,7,No,2,Hyderabad
7983,Employee 7983,Female,55,Sales,Analyst,2020-12-04,695001,4,No,Master,Married,5,Yes,4,Pune
7984,Employee 7984,Male,48,Finance,Manager,2015-06-23,1521304,5,No,Master,Single,11,No,3,Ahmedabad
7985,Employee 7985,Male,51,Support,Manager,2016-09-18,1164320,3,No,Bachelor,Married,9,No,3,Pune
7986,Employee 7986,Female,55,HR,Analyst,2020-06-18,926039,4,No,Bachelor,Single,6,No,2,Mumbai
7987,Employee 7987,Female,21,Marketing,Analyst,2023-08-01,1756121,3,No,Master,Single,1,Yes,3,Delhi
7988,Employee 7988,Male,21,Finance,Analyst,2022-06-02,754642,3,No,Master,Single,1,Yes,5,Hyderabad
7989,Employee 7989,Female,29,Sales,Executive,2023-03-26,1660297,5,No,Bachelor,Single,3,No,2,Mumbai
7990,Employee 7990,Female,45,IT,Specialist,2022-03-08,1674944,1,Yes,Diploma,Married,4,Yes,3,Pune
7991,Employee 7991,Male,46,Operations,Engineer,2018-02-18,1697355,2,Yes,Diploma,Single,8,No,4,Mumbai
7992,Employee 7992,Female,53,IT,Specialist,2025-06-26,1645403,2,No,Diploma,Single,1,No,2,Mumbai
7993,Employee 7993,Male,41,Sales,Executive,2023-09-16,749102,5,No,Master,Single,2,No,2,Delhi
7994,Employee 7994,Male,28,IT,Executive,2017-05-04,1789286,3,No,Master,Married,8,Yes,5,Pune
7995,Employee 7995,Male,49,IT,Manager,2015-09-04,1096768,1,No,Diploma,Single,10,No,1,Hyderabad
7996,Employee 7996,Male,24,HR,Manager,2017-02-01,771003,4,No,Diploma,Single,4,No,4,Ahmedabad
7997,Employee 7997,Female,59,Operations,Manager,2026-01-12,630452,3,No,Bachelor,Single,0,Yes,2,Delhi
7998,Employee 7998,Female,55,Support,Specialist,2018-06-22,1027931,5,No,Bachelor,Married,8,No,5,Delhi
7999,Employee 7999,Female,52,Operations,Engineer,2016-09-17,307219,1,Yes,Diploma,Married,9,No,4,Hyderabad
8000,Employee 8000,Male,41,Support,Executive,2022-10-14,1271607,4,No,Master,Married,3,Yes,4,Mumbai
8001,Employee 8001,Male,26,Finance,Specialist,2022-07-06,1099998,4,No,Diploma,Married,3,No,1,Hyderabad
8002,Employee 8002,Female,45,HR,Analyst,2020-01-26,886693,1,No,Bachelor,Single,6,No,4,Bengaluru
8003,Employee 8003,Male,29,Support,Executive,2022-10-17,1244241,5,No,Diploma,Married,3,No,5,Chennai
8004,Employee 8004,Male,50,HR,Associate,2020-03-14,1075544,5,No,Diploma,Single,6,No,1,Pune
8005,Employee 8005,Male,59,Marketing,Specialist,2024-08-18,616100,3,No,Diploma,Married,1,Yes,5,Hyderabad
8006,Employee 8006,Male,47,HR,Engineer,2021-04-26,995207,1,No,Diploma,Married,5,No,4,Delhi
8007,Employee 8007,Female,36,Support,Engineer,2026-02-19,1031098,5,No,Bachelor,Married,0,No,2,Chennai
8008,Employee 8008,Female,36,Marketing,Executive,2020-01-11,1581841,2,No,Bachelor,Single,6,No,3,Mumbai
8009,Employee 8009,Female,28,Support,Executive,2022-02-13,909449,3,No,Diploma,Married,4,No,2,Ahmedabad
8010,Employee 8010,Male,46,Marketing,Manager,2016-08-16,479470,2,No,Diploma,Married,9,Yes,1,Delhi
8011,Employee 8011,Male,23,IT,Executive,2023-04-24,1165348,4,No,Diploma,Married,3,No,1,Pune
8012,Employee 8012,Female,24,Operations,Associate,2026-03-04,1487181,5,No,Diploma,Married,0,No,5,Delhi
8013,Employee 8013,Female,26,Sales,Specialist,2021-10-08,321283,3,No,Bachelor,Single,4,Yes,1,Pune
8014,Employee 8014,Female,56,Sales,Associate,2015-05-16,1379074,1,No,Diploma,Single,11,No,5,Chennai
8015,Employee 8015,Female,34,Sales,Engineer,2023-05-20,1029050,3,No,Diploma,Married,3,No,3,Delhi
8016,Employee 8016,Female,36,Finance,Associate,2022-03-23,337714,3,No,Master,Married,4,Yes,3,Ahmedabad
8017,Employee 8017,Female,55,HR,Specialist,2016-11-08,607729,1,No,Bachelor,Married,9,No,1,Ahmedabad
8018,Employee 8018,Male,57,Marketing,Executive,2020-08-29,356035,3,No,Bachelor,Single,5,Yes,2,Hyderabad
8019,Employee 8019,Male,30,Sales,Associate,2015-09-26,1578794,4,No,Bachelor,Married,10,No,2,Mumbai
8020,Employee 8020,Male,59,Marketing,Analyst,2024-04-15,854460,3,No,Diploma,Married,2,No,2,Bengaluru
8021,Employee 8021,Male,43,Support,Associate,2019-08-30,1185866,4,No,Master,Married,6,No,2,Pune
8022,Employee 8022,Male,51,IT,Engineer,2024-12-28,1262247,3,Yes,Master,Single,1,Yes,2,Ahmedabad
8023,Employee 8023,Female,33,Finance,Associate,2023-09-27,286267,1,No,Diploma,Single,2,Yes,3,Hyderabad
8024,Employee 8024,Female,48,IT,Executive,2018-08-31,968050,3,No,Master,Single,7,Yes,3,Mumbai
8025,Employee 8025,Female,37,Marketing,Manager,2015-11-24,1037450,4,Yes,Master,Single,10,No,3,Delhi
8026,Employee 8026,Male,37,Support,Engineer,2018-07-18,1264882,3,Yes,Master,Single,7,No,3,Bengaluru
8027,Employee 8027,Male,54,Marketing,Associate,2019-10-03,1314435,5,No,Bachelor,Single,6,No,3,Pune
8028,Employee 8028,Female,49,HR,Specialist,2022-09-22,478212,3,No,Master,Married,3,No,2,Chennai
8029,Employee 8029,Male,38,Marketing,Engineer,2024-01-11,644231,2,No,Bachelor,Single,2,No,2,Delhi
8030,Employee 8030,Male,34,HR,Manager,2016-02-16,1165849,5,Yes,Master,Single,10,No,3,Ahmedabad
8031,Employee 8031,Male,50,Marketing,Analyst,2016-05-05,377231,4,No,Bachelor,Married,10,No,1,Bengaluru
8032,Employee 8032,Female,37,Marketing,Associate,2025-04-20,1336718,4,No,Master,Married,1,No,1,Delhi
8033,Employee 8033,Male,39,HR,Engineer,2020-11-01,1182882,2,No,Diploma,Married,5,No,2,Pune
8034,Employee 8034,Male,22,HR,Executive,2025-01-21,1070137,4,No,Diploma,Married,1,Yes,3,Hyderabad
8035,Employee 8035,Female,30,Support,Executive,2018-07-04,656772,5,Yes,Master,Married,8,No,4,Bengaluru
8036,Employee 8036,Male,40,Support,Associate,2016-09-12,501933,5,No,Diploma,Single,9,No,3,Pune
8037,Employee 8037,Female,37,Sales,Associate,2017-03-01,1471289,4,No,Bachelor,Married,9,No,3,Hyderabad
8038,Employee 8038,Male,49,Sales,Specialist,2025-10-24,518515,1,No,Bachelor,Single,0,Yes,2,Mumbai
8039,Employee 8039,Female,23,Marketing,Executive,2019-05-07,1473536,5,No,Bachelor,Single,3,Yes,1,Pune
8040,Employee 8040,Male,32,HR,Engineer,2021-02-15,605367,3,Yes,Bachelor,Single,5,Yes,1,Pune
8041,Employee 8041,Female,42,HR,Specialist,2016-07-25,1739286,3,No,Master,Single,9,Yes,5,Ahmedabad
8042,Employee 8042,Female,22,Operations,Associate,2018-12-28,256425,1,No,Bachelor,Married,2,Yes,5,Bengaluru
8043,Employee 8043,Male,29,IT,Analyst,2016-11-04,1684695,1,No,Master,Single,9,Yes,3,Pune
8044,Employee 8044,Female,49,HR,Associate,2020-09-18,1672725,2,No,Diploma,Single,5,No,3,Delhi
8045,Employee 8045,Male,60,Marketing,Specialist,2018-08-05,828471,1,No,Bachelor,Single,7,No,4,Chennai
8046,Employee 8046,Male,25,Sales,Manager,2021-02-26,1712832,2,No,Bachelor,Married,5,No,4,Mumbai
8047,Employee 8047,Female,43,Operations,Executive,2017-08-26,1302283,3,No,Master,Married,8,Yes,5,Delhi
8048,Employee 8048,Female,42,Operations,Analyst,2019-08-14,887838,5,No,Master,Single,6,Yes,4,Mumbai
8049,Employee 8049,Male,47,Sales,Specialist,2017-06-20,1032352,5,No,Master,Single,9,No,2,Ahmedabad
8050,Employee 8050,Female,28,IT,Specialist,2018-04-04,447037,3,No,Master,Married,8,Yes,1,Chennai
8051,Employee 8051,Male,28,Support,Executive,2015-02-06,557113,2,No,Master,Married,8,No,4,Chennai
8052,Employee 8052,Female,55,HR,Specialist,2015-09-27,1053349,5,Yes,Diploma,Single,10,Yes,3,Hyderabad
8053,Employee 8053,Male,29,Finance,Analyst,2017-12-04,548758,5,No,Bachelor,Married,8,No,2,Pune
8054,Employee 8054,Female,51,Operations,Associate,2021-05-12,290988,3,No,Master,Single,5,No,1,Mumbai
8055,Employee 8055,Male,26,Finance,Associate,2022-06-04,1632836,1,No,Master,Married,4,No,3,Hyderabad
8056,Employee 8056,Male,52,Marketing,Engineer,2020-06-20,1008314,1,No,Diploma,Married,6,Yes,2,Bengaluru
8057,Employee 8057,Female,48,Support,Engineer,2023-09-08,1679041,4,No,Diploma,Married,2,No,3,Bengaluru
8058,Employee 8058,Male,58,HR,Specialist,2025-12-27,1403995,2,No,Diploma,Single,0,No,4,Ahmedabad
8059,Employee 8059,Female,21,Finance,Manager,2021-06-02,745807,4,No,Bachelor,Single,1,Yes,2,Delhi
8060,Employee 8060,Male,47,Sales,Analyst,2018-04-20,1076879,3,Yes,Bachelor,Single,8,Yes,5,Hyderabad
8061,Employee 8061,Female,46,Support,Executive,2022-04-25,1267212,3,No,Diploma,Married,4,Yes,4,Mumbai
8062,Employee 8062,Male,25,Finance,Analyst,2017-07-08,1692843,4,No,Diploma,Married,5,No,4,Hyderabad
8063,Employee 8063,Female,56,Support,Specialist,2020-06-13,1610843,5,No,Bachelor,Married,6,Yes,5,Pune
8064,Employee 8064,Female,25,Sales,Associate,2024-02-29,763059,5,No,Master,Married,2,No,5,Pune
8065,Employee 8065,Female,33,Sales,Associate,2015-02-20,1502493,4,Yes,Master,Single,11,Yes,1,Ahmedabad
8066,Employee 8066,Female,27,Finance,Executive,2025-07-28,1102591,3,No,Bachelor,Single,0,No,2,Delhi
8067,Employee 8067,Male,38,Marketing,Executive,2018-01-01,379025,2,No,Bachelor,Married,8,Yes,3,Mumbai
8068,Employee 8068,Male,25,HR,Engineer,2018-01-09,425223,4,No,Master,Married,5,No,5,Mumbai
8069,Employee 8069,Male,45,Operations,Manager,2020-11-15,1757648,2,No,Diploma,Single,5,No,5,Pune
8070,Employee 8070,Female,57,Operations,Engineer,2024-12-15,667321,1,No,Master,Married,1,No,1,Pune
8071,Employee 8071,Female,35,Marketing,Associate,2025-10-17,337115,3,No,Diploma,Single,0,No,5,Ahmedabad
8072,Employee 8072,Female,38,Finance,Manager,2026-02-04,946775,4,No,Bachelor,Married,0,Yes,5,Delhi
8073,Employee 8073,Male,23,Marketing,Analyst,2016-01-03,1609394,4,No,Master,Married,3,Yes,3,Mumbai
8074,Employee 8074,Female,49,Finance,Analyst,2024-12-10,388730,4,No,Bachelor,Married,1,No,4,Mumbai
8075,Employee 8075,Female,35,Marketing,Specialist,2022-03-15,1241539,2,No,Master,Married,4,Yes,3,Delhi
8076,Employee 8076,Female,59,Marketing,Specialist,2015-10-12,1261359,5,No,Diploma,Single,10,No,3,Delhi
8077,Employee 8077,Female,44,HR,Associate,2023-07-07,1214454,2,No,Diploma,Married,2,Yes,3,Bengaluru
8078,Employee 8078,Male,53,Finance,Executive,2019-03-06,641279,1,No,Diploma,Single,7,No,4,Chennai
8079,Employee 8079,Male,47,Support,Analyst,2017-01-07,402130,2,No,Diploma,Married,9,No,1,Mumbai
8080,Employee 8080,Female,35,Operations,Specialist,2015-05-24,1406017,3,No,Diploma,Single,11,Yes,2,Mumbai
8081,Employee 8081,Male,43,IT,Analyst,2024-04-09,1035685,2,No,Bachelor,Single,2,No,2,Chennai
8082,Employee 8082,Male,23,IT,Associate,2017-06-29,922752,5,No,Bachelor,Married,3,Yes,4,Ahmedabad
8083,Employee 8083,Female,58,Sales,Analyst,2023-03-24,350015,2,No,Diploma,Single,3,Yes,5,Hyderabad
8084,Employee 8084,Male,31,HR,Associate,2023-10-01,840536,5,No,Bachelor,Single,2,Yes,5,Pune
8085,Employee 8085,Female,21,Support,Associate,2025-05-07,779557,1,No,Diploma,Married,1,Yes,4,Chennai
8086,Employee 8086,Female,32,Marketing,Analyst,2017-01-12,1405230,4,No,Master,Married,9,Yes,4,Mumbai
8087,Employee 8087,Female,57,Sales,Associate,2016-10-15,372753,1,No,Master,Single,9,No,4,Bengaluru
8088,Employee 8088,Male,50,IT,Manager,2017-03-24,661986,1,No,Master,Married,9,Yes,1,Pune
8089,Employee 8089,Male,51,Operations,Engineer,2020-06-30,580038,3,No,Diploma,Single,6,Yes,3,Chennai
8090,Employee 8090,Male,40,HR,Specialist,2020-08-26,562944,2,No,Diploma,Married,5,No,3,Ahmedabad
8091,Employee 8091,Male,41,Marketing,Specialist,2019-08-28,1272148,1,No,Bachelor,Single,6,No,3,Delhi
8092,Employee 8092,Female,32,Marketing,Engineer,2015-03-04,593043,4,No,Diploma,Single,11,No,4,Bengaluru
8093,Employee 8093,Female,34,Operations,Engineer,2022-04-16,404899,5,No,Diploma,Married,4,Yes,1,Delhi
8094,Employee 8094,Female,39,Marketing,Engineer,2024-02-22,1483106,5,No,Diploma,Single,2,Yes,4,Delhi
8095,Employee 8095,Male,40,Marketing,Associate,2016-01-10,1226114,2,No,Diploma,Single,10,Yes,2,Delhi
8096,Employee 8096,Female,36,Finance,Manager,2021-02-05,1137713,2,No,Diploma,Married,5,Yes,2,Ahmedabad
8097,Employee 8097,Female,40,Operations,Manager,2022-03-17,1146621,5,Yes,Bachelor,Single,4,Yes,1,Chennai
8098,Employee 8098,Female,24,IT,Executive,2021-01-28,513300,1,No,Diploma,Single,4,No,3,Ahmedabad
8099,Employee 8099,Female,49,Support,Manager,2019-08-15,1483743,1,No,Master,Married,6,Yes,5,Bengaluru
8100,Employee 8100,Female,27,Support,Executive,2020-01-09,1519880,3,No,Master,Married,6,No,1,Hyderabad
8101,Employee 8101,Female,30,HR,Specialist,2021-12-02,918005,1,No,Bachelor,Single,4,Yes,2,Mumbai
8102,Employee 8102,Female,48,Operations,Associate,2025-12-29,492035,1,No,Diploma,Married,0,No,1,Hyderabad
8103,Employee 8103,Male,23,Support,Specialist,2023-08-31,1012110,2,No,Diploma,Married,2,No,2,Hyderabad
8104,Employee 8104,Male,53,Operations,Analyst,2025-10-05,1165091,1,No,Master,Married,0,Yes,4,Chennai
8105,Employee 8105,Male,42,IT,Engineer,2016-04-18,706310,4,Yes,Bachelor,Single,10,Yes,2,Chennai
8106,Employee 8106,Female,25,Finance,Manager,2018-01-27,667493,3,No,Diploma,Single,5,No,5,Delhi
8107,Employee 8107,Female,56,HR,Executive,2026-01-08,1223229,1,No,Master,Married,0,Yes,5,Mumbai
8108,Employee 8108,Male,36,Finance,Analyst,2019-05-17,1453605,5,Yes,Bachelor,Married,7,Yes,3,Chennai
8109,Employee 8109,Female,38,Sales,Analyst,2017-07-04,1277266,3,No,Bachelor,Single,9,No,1,Bengaluru
8110,Employee 8110,Male,33,HR,Executive,2020-04-04,706036,5,No,Master,Married,6,No,1,Chennai
8111,Employee 8111,Female,53,Finance,Analyst,2017-11-21,335161,2,No,Bachelor,Married,8,Yes,2,Pune
8112,Employee 8112,Female,49,Support,Specialist,2021-01-16,878768,3,Yes,Bachelor,Married,5,No,1,Ahmedabad
8113,Employee 8113,Female,39,Sales,Engineer,2024-10-28,263833,2,Yes,Diploma,Married,1,Yes,3,Pune
8114,Employee 8114,Female,46,Operations,Engineer,2022-02-10,851184,1,No,Master,Married,4,Yes,4,Delhi
8115,Employee 8115,Female,46,IT,Associate,2023-09-22,1477334,3,No,Master,Married,2,No,3,Delhi
8116,Employee 8116,Male,25,Marketing,Engineer,2015-03-18,603426,3,No,Diploma,Married,5,Yes,1,Bengaluru
8117,Employee 8117,Female,26,HR,Engineer,2025-02-13,376337,3,No,Bachelor,Married,1,Yes,3,Delhi
8118,Employee 8118,Male,37,Marketing,Engineer,2025-03-09,1071739,4,Yes,Master,Married,1,Yes,5,Chennai
8119,Employee 8119,Male,36,Sales,Analyst,2016-03-31,1666205,5,Yes,Bachelor,Single,10,Yes,5,Bengaluru
8120,Employee 8120,Female,49,Operations,Associate,2018-04-12,870716,5,No,Master,Married,8,Yes,5,Delhi
8121,Employee 8121,Female,54,Marketing,Specialist,2026-04-23,739508,2,Yes,Master,Married,0,Yes,4,Hyderabad
8122,Employee 8122,Female,36,Support,Specialist,2016-01-11,610478,3,No,Bachelor,Single,10,No,1,Chennai
8123,Employee 8123,Female,38,Finance,Specialist,2015-12-21,1596396,3,Yes,Master,Single,10,Yes,1,Hyderabad
8124,Employee 8124,Male,21,Sales,Specialist,2021-02-16,899759,4,No,Diploma,Married,1,Yes,2,Hyderabad
8125,Employee 8125,Male,54,Sales,Specialist,2017-02-06,1343066,1,No,Master,Single,9,Yes,4,Pune
8126,Employee 8126,Male,51,Operations,Executive,2015-08-13,728052,4,No,Master,Single,10,No,5,Ahmedabad
8127,Employee 8127,Male,42,Finance,Associate,2022-10-19,891417,5,No,Bachelor,Married,3,Yes,3,Bengaluru
8128,Employee 8128,Female,40,Marketing,Executive,2019-09-10,1386723,4,No,Master,Married,6,No,3,Mumbai
8129,Employee 8129,Female,24,IT,Specialist,2017-03-01,1270385,2,Yes,Bachelor,Single,4,No,2,Bengaluru
8130,Employee 8130,Female,58,Finance,Engineer,2020-01-22,282269,4,No,Diploma,Married,6,Yes,4,Ahmedabad
8131,Employee 8131,Male,29,Finance,Manager,2025-07-28,1104302,5,Yes,Diploma,Married,0,Yes,3,Delhi
8132,Employee 8132,Female,41,Finance,Specialist,2015-01-26,1252980,2,No,Bachelor,Married,11,Yes,5,Mumbai
8133,Employee 8133,Male,56,Marketing,Specialist,2018-07-22,633423,2,No,Diploma,Married,7,Yes,3,Pune
8134,Employee 8134,Female,59,Marketing,Manager,2023-11-02,943740,3,Yes,Master,Married,2,Yes,4,Ahmedabad
8135,Employee 8135,Male,25,Sales,Engineer,2020-04-12,1055004,5,No,Diploma,Married,5,No,4,Hyderabad
8136,Employee 8136,Female,36,HR,Specialist,2018-09-05,1687863,3,No,Diploma,Married,7,No,1,Ahmedabad
8137,Employee 8137,Male,57,HR,Associate,2023-09-27,1254210,1,No,Master,Married,2,No,3,Mumbai
8138,Employee 8138,Female,38,Finance,Analyst,2022-01-01,1177312,3,No,Diploma,Single,4,No,5,Ahmedabad
8139,Employee 8139,Male,37,Sales,Engineer,2016-03-21,1249099,1,Yes,Bachelor,Single,10,No,5,Bengaluru
8140,Employee 8140,Female,30,Marketing,Manager,2017-01-23,643983,4,No,Bachelor,Single,9,No,2,Delhi
8141,Employee 8141,Male,35,HR,Manager,2016-01-23,1640348,1,No,Master,Single,10,Yes,1,Chennai
8142,Employee 8142,Male,38,Finance,Specialist,2020-08-29,1620481,1,No,Master,Single,5,Yes,5,Chennai
8143,Employee 8143,Male,34,IT,Associate,2019-05-08,431333,4,No,Master,Single,7,No,5,Pune
8144,Employee 8144,Female,50,Finance,Analyst,2020-01-09,1700428,4,No,Bachelor,Single,6,No,4,Pune
8145,Employee 8145,Male,36,IT,Engineer,2025-02-27,992639,4,No,Diploma,Single,1,No,5,Ahmedabad
8146,Employee 8146,Male,29,IT,Analyst,2025-07-16,1636408,3,No,Bachelor,Married,0,Yes,2,Pune
8147,Employee 8147,Female,27,HR,Executive,2016-09-16,496492,5,No,Master,Married,7,Yes,2,Hyderabad
8148,Employee 8148,Female,35,IT,Manager,2018-03-28,664286,5,No,Master,Married,8,No,2,Ahmedabad
8149,Employee 8149,Female,22,Sales,Analyst,2025-02-03,829313,1,No,Diploma,Single,1,Yes,5,Delhi
8150,Employee 8150,Male,42,Operations,Executive,2016-05-05,1251922,3,No,Master,Married,10,Yes,1,Bengaluru
8151,Employee 8151,Male,22,Marketing,Analyst,2016-06-28,554229,4,Yes,Master,Married,2,Yes,2,Mumbai
8152,Employee 8152,Male,51,IT,Manager,2018-05-08,633548,2,No,Bachelor,Single,8,Yes,3,Mumbai
8153,Employee 8153,Male,31,Sales,Manager,2020-01-23,1444152,1,No,Bachelor,Single,6,No,1,Bengaluru
8154,Employee 8154,Male,25,Sales,Engineer,2016-02-17,684147,5,No,Master,Single,5,No,2,Ahmedabad
8155,Employee 8155,Female,40,Finance,Analyst,2023-01-24,858076,3,Yes,Diploma,Single,3,No,3,Delhi
8156,Employee 8156,Male,34,Finance,Associate,2022-08-28,410528,2,Yes,Master,Married,3,Yes,5,Delhi
8157,Employee 8157,Female,41,Marketing,Executive,2022-05-18,1147887,2,No,Bachelor,Married,4,No,3,Bengaluru
8158,Employee 8158,Male,55,Support,Executive,2015-10-22,414078,4,No,Bachelor,Single,10,No,1,Delhi
8159,Employee 8159,Female,31,HR,Engineer,2025-11-09,888307,1,No,Master,Single,0,No,5,Chennai
8160,Employee 8160,Male,38,Finance,Executive,2022-03-26,505312,5,No,Diploma,Married,4,Yes,3,Mumbai
8161,Employee 8161,Male,38,Finance,Executive,2018-08-16,688704,1,No,Diploma,Single,7,No,1,Delhi
8162,Employee 8162,Female,23,Marketing,Associate,2020-08-15,1461996,1,No,Diploma,Married,3,No,1,Chennai
8163,Employee 8163,Female,51,Finance,Engineer,2015-01-06,439536,3,No,Master,Single,11,No,3,Hyderabad
8164,Employee 8164,Female,59,Operations,Executive,2022-10-01,795925,3,No,Bachelor,Married,3,Yes,3,Hyderabad
8165,Employee 8165,Female,30,Operations,Executive,2017-05-26,704611,5,No,Master,Single,9,Yes,5,Bengaluru
8166,Employee 8166,Female,28,Operations,Associate,2022-02-03,966039,5,No,Master,Married,4,Yes,3,Hyderabad
8167,Employee 8167,Female,24,Finance,Specialist,2026-06-09,859602,2,No,Bachelor,Single,0,No,2,Mumbai
8168,Employee 8168,Female,45,Support,Associate,2020-04-16,1618460,2,No,Bachelor,Single,6,No,3,Hyderabad
8169,Employee 8169,Male,35,IT,Analyst,2025-01-25,1172737,5,No,Diploma,Married,1,No,3,Mumbai
8170,Employee 8170,Female,49,HR,Associate,2016-07-19,1182689,2,No,Bachelor,Married,9,Yes,5,Chennai
8171,Employee 8171,Male,48,Sales,Executive,2021-01-30,644524,2,No,Master,Single,5,No,5,Hyderabad
8172,Employee 8172,Male,23,Sales,Specialist,2016-06-07,378244,1,No,Diploma,Single,3,No,4,Hyderabad
8173,Employee 8173,Male,26,Finance,Executive,2021-04-05,1653943,4,Yes,Bachelor,Single,5,No,2,Ahmedabad
8174,Employee 8174,Male,44,Sales,Associate,2018-01-06,705068,1,No,Master,Single,8,Yes,3,Delhi
8175,Employee 8175,Female,37,Marketing,Specialist,2020-09-25,953221,5,No,Bachelor,Married,5,Yes,2,Mumbai
8176,Employee 8176,Female,38,Operations,Engineer,2020-07-31,1782658,1,No,Bachelor,Married,5,Yes,1,Delhi
8177,Employee 8177,Male,49,Sales,Specialist,2016-03-17,1503871,1,No,Master,Married,10,No,1,Delhi
8178,Employee 8178,Male,50,Sales,Analyst,2021-04-26,1281889,5,Yes,Bachelor,Married,5,Yes,2,Ahmedabad
8179,Employee 8179,Female,49,Support,Engineer,2023-09-17,1536562,4,No,Master,Married,2,Yes,4,Hyderabad
8180,Employee 8180,Female,60,IT,Executive,2023-05-21,1697461,3,No,Diploma,Married,3,No,5,Bengaluru
8181,Employee 8181,Male,34,Finance,Manager,2019-12-06,982133,1,Yes,Master,Single,6,Yes,1,Ahmedabad
8182,Employee 8182,Male,26,Finance,Associate,2020-02-09,1400597,1,Yes,Diploma,Married,6,No,5,Chennai
8183,Employee 8183,Female,51,Operations,Specialist,2021-05-22,1230341,3,No,Master,Married,5,No,4,Pune
8184,Employee 8184,Male,48,Finance,Specialist,2016-07-06,1233576,5,No,Diploma,Married,9,No,1,Mumbai
8185,Employee 8185,Male,27,Operations,Specialist,2024-05-18,303391,4,No,Bachelor,Single,2,No,4,Chennai
8186,Employee 8186,Male,41,Marketing,Associate,2020-01-24,993356,4,Yes,Master,Married,6,Yes,4,Delhi
8187,Employee 8187,Female,45,Operations,Manager,2016-08-20,698239,4,No,Master,Single,9,Yes,1,Hyderabad
8188,Employee 8188,Male,32,Support,Executive,2025-08-30,307489,1,No,Diploma,Single,0,Yes,5,Delhi
8189,Employee 8189,Female,42,IT,Specialist,2017-12-08,331785,4,No,Diploma,Single,8,No,3,Chennai
8190,Employee 8190,Male,24,Operations,Specialist,2017-07-17,1797304,5,Yes,Master,Married,4,No,5,Hyderabad
8191,Employee 8191,Female,33,Support,Engineer,2019-08-21,1106122,5,No,Master,Married,6,No,2,Pune
8192,Employee 8192,Male,33,Finance,Analyst,2026-05-28,961952,5,No,Diploma,Married,0,Yes,3,Hyderabad
8193,Employee 8193,Female,57,HR,Specialist,2023-12-13,894061,4,No,Master,Married,2,Yes,4,Hyderabad
8194,Employee 8194,Male,23,IT,Specialist,2018-08-10,913607,2,Yes,Master,Single,3,No,1,Pune
8195,Employee 8195,Male,27,Support,Executive,2022-02-01,1290523,3,No,Diploma,Married,4,No,1,Bengaluru
8196,Employee 8196,Male,28,HR,Associate,2016-01-15,726653,4,No,Master,Single,8,No,4,Ahmedabad
8197,Employee 8197,Female,52,HR,Specialist,2019-04-29,966251,2,No,Bachelor,Married,7,No,2,Chennai
8198,Employee 8198,Male,33,Sales,Engineer,2015-11-18,1328283,4,Yes,Bachelor,Single,10,Yes,3,Delhi
8199,Employee 8199,Female,27,Support,Associate,2020-09-08,884758,1,No,Diploma,Single,5,Yes,3,Chennai
8200,Employee 8200,Male,51,Support,Specialist,2017-11-16,1777788,2,No,Master,Single,8,No,1,Hyderabad
8201,Employee 8201,Male,25,Operations,Associate,2019-10-05,692309,5,No,Bachelor,Single,5,Yes,2,Pune
8202,Employee 8202,Male,29,Support,Associate,2016-04-14,779044,2,No,Diploma,Married,9,No,2,Pune
8203,Employee 8203,Male,46,Finance,Specialist,2018-08-18,713597,1,No,Master,Married,7,Yes,5,Mumbai
8204,Employee 8204,Female,26,HR,Associate,2015-10-20,1138380,2,No,Bachelor,Married,6,Yes,3,Pune
8205,Employee 8205,Female,23,IT,Executive,2016-11-13,913297,1,No,Master,Single,3,No,4,Pune
8206,Employee 8206,Female,57,Sales,Analyst,2016-02-11,426826,3,No,Master,Married,10,Yes,5,Chennai
8207,Employee 8207,Male,28,HR,Engineer,2022-11-08,1784845,5,No,Bachelor,Married,3,No,2,Mumbai
8208,Employee 8208,Male,23,Operations,Analyst,2018-05-14,792360,3,No,Bachelor,Single,3,No,4,Pune
8209,Employee 8209,Female,52,HR,Engineer,2023-06-15,1118282,4,No,Bachelor,Married,3,No,5,Ahmedabad
8210,Employee 8210,Female,36,Marketing,Manager,2022-07-29,486423,2,No,Diploma,Single,3,No,4,Hyderabad
8211,Employee 8211,Male,59,HR,Executive,2023-07-01,391708,2,No,Diploma,Married,3,No,4,Ahmedabad
8212,Employee 8212,Female,44,Sales,Associate,2019-12-06,405904,3,Yes,Bachelor,Married,6,No,5,Delhi
8213,Employee 8213,Female,21,Finance,Specialist,2018-01-08,870211,4,No,Diploma,Married,1,Yes,5,Chennai
8214,Employee 8214,Male,60,IT,Engineer,2017-09-10,379938,5,No,Diploma,Married,8,No,4,Chennai
8215,Employee 8215,Female,55,Marketing,Specialist,2018-06-01,812010,3,Yes,Diploma,Married,8,Yes,3,Chennai
8216,Employee 8216,Female,48,Support,Engineer,2015-05-18,1105722,4,No,Master,Single,11,No,3,Chennai
8217,Employee 8217,Male,21,HR,Manager,2020-11-13,307903,2,No,Bachelor,Married,1,Yes,5,Pune
8218,Employee 8218,Male,54,Operations,Executive,2015-12-28,1602024,3,Yes,Diploma,Married,10,Yes,5,Chennai
8219,Employee 8219,Male,57,HR,Manager,2016-05-09,442733,1,No,Bachelor,Married,10,Yes,4,Delhi
8220,Employee 8220,Male,34,Sales,Associate,2020-11-29,877883,1,Yes,Diploma,Married,5,Yes,5,Ahmedabad
8221,Employee 8221,Male,43,Finance,Specialist,2020-12-06,1730265,5,No,Diploma,Single,5,Yes,5,Mumbai
8222,Employee 8222,Male,52,Sales,Executive,2020-03-19,972048,5,No,Master,Married,6,Yes,4,Pune
8223,Employee 8223,Female,25,Operations,Associate,2021-01-12,1401853,3,Yes,Diploma,Married,5,No,3,Chennai
8224,Employee 8224,Male,39,Finance,Executive,2015-02-13,1780870,1,Yes,Bachelor,Married,11,No,5,Ahmedabad
8225,Employee 8225,Female,26,Sales,Associate,2016-10-22,1553332,2,No,Diploma,Single,6,No,1,Ahmedabad
8226,Employee 8226,Female,60,HR,Analyst,2016-11-08,1143516,3,Yes,Bachelor,Married,9,Yes,3,Mumbai
8227,Employee 8227,Female,51,Operations,Executive,2016-05-19,1312877,2,No,Bachelor,Single,10,No,4,Pune
8228,Employee 8228,Female,34,Finance,Engineer,2022-08-05,715228,2,Yes,Diploma,Single,3,Yes,3,Bengaluru
8229,Employee 8229,Female,60,IT,Associate,2015-05-13,543438,5,No,Master,Married,11,Yes,3,Bengaluru
8230,Employee 8230,Female,27,Sales,Specialist,2020-04-07,1206292,4,No,Bachelor,Single,6,No,5,Bengaluru
8231,Employee 8231,Female,22,HR,Associate,2023-01-04,1510701,4,No,Master,Single,2,Yes,2,Pune
8232,Employee 8232,Male,27,Support,Associate,2016-01-25,1171814,3,No,Diploma,Single,7,Yes,5,Chennai
8233,Employee 8233,Male,25,Sales,Analyst,2019-05-30,1197027,5,No,Bachelor,Married,5,Yes,5,Mumbai
8234,Employee 8234,Female,46,Operations,Manager,2020-03-01,425040,3,No,Diploma,Single,6,Yes,3,Pune
8235,Employee 8235,Female,41,Marketing,Engineer,2021-12-28,930988,5,No,Diploma,Single,4,No,4,Hyderabad
8236,Employee 8236,Male,58,Sales,Associate,2021-01-22,810724,5,No,Bachelor,Married,5,No,3,Mumbai
8237,Employee 8237,Male,49,IT,Associate,2025-12-31,294891,5,No,Diploma,Married,0,Yes,2,Delhi
8238,Employee 8238,Female,56,IT,Engineer,2021-05-26,880216,2,No,Bachelor,Married,5,Yes,1,Chennai
8239,Employee 8239,Male,41,Operations,Specialist,2021-12-19,1466047,5,No,Diploma,Married,4,No,1,Pune
8240,Employee 8240,Male,38,IT,Executive,2016-01-06,296250,3,No,Bachelor,Single,10,No,2,Mumbai
8241,Employee 8241,Female,59,Marketing,Manager,2015-08-04,824506,4,No,Bachelor,Single,10,No,4,Chennai
8242,Employee 8242,Female,60,Support,Executive,2025-11-01,1141697,5,No,Master,Married,0,Yes,1,Pune
8243,Employee 8243,Female,35,Marketing,Associate,2023-04-24,751213,4,No,Bachelor,Married,3,Yes,5,Mumbai
8244,Employee 8244,Male,36,Finance,Analyst,2018-12-17,1371498,3,No,Master,Married,7,No,4,Chennai
8245,Employee 8245,Male,50,Finance,Associate,2018-11-21,1535267,4,No,Master,Married,7,Yes,3,Chennai
8246,Employee 8246,Female,46,IT,Associate,2016-01-29,608705,1,No,Master,Single,10,No,2,Ahmedabad
8247,Employee 8247,Male,40,Sales,Analyst,2023-03-10,1400097,1,Yes,Bachelor,Married,3,No,2,Ahmedabad
8248,Employee 8248,Female,43,HR,Manager,2023-03-26,1702314,5,No,Diploma,Married,3,No,1,Bengaluru
8249,Employee 8249,Female,53,HR,Manager,2020-04-21,414698,3,No,Diploma,Married,6,No,3,Hyderabad
8250,Employee 8250,Male,33,Finance,Analyst,2024-12-05,1380523,1,No,Bachelor,Married,1,Yes,1,Chennai
8251,Employee 8251,Male,31,Operations,Analyst,2019-07-18,610410,1,No,Master,Married,6,Yes,5,Pune
8252,Employee 8252,Male,27,Sales,Specialist,2015-01-18,289731,1,No,Diploma,Single,7,No,2,Hyderabad
8253,Employee 8253,Female,33,IT,Manager,2019-06-22,1192552,4,Yes,Master,Married,7,No,3,Ahmedabad
8254,Employee 8254,Female,29,HR,Executive,2017-05-22,1726805,5,Yes,Diploma,Married,9,No,1,Ahmedabad
8255,Employee 8255,Female,49,IT,Analyst,2015-08-22,1396120,4,No,Diploma,Single,10,Yes,2,Delhi
8256,Employee 8256,Female,30,Finance,Analyst,2018-03-26,953551,2,No,Master,Married,8,Yes,1,Hyderabad
8257,Employee 8257,Male,43,Finance,Associate,2018-08-04,442808,1,No,Master,Single,7,Yes,1,Bengaluru
8258,Employee 8258,Female,36,Support,Analyst,2016-12-08,429292,4,No,Master,Married,9,No,1,Hyderabad
8259,Employee 8259,Female,37,Operations,Engineer,2018-07-05,1186518,1,No,Diploma,Married,7,No,5,Pune
8260,Employee 8260,Female,23,Marketing,Associate,2016-05-01,376784,5,No,Bachelor,Single,3,Yes,5,Chennai
8261,Employee 8261,Male,27,Sales,Manager,2019-04-14,1754765,4,No,Master,Single,7,Yes,1,Chennai
8262,Employee 8262,Male,26,Finance,Specialist,2021-11-26,1772592,5,Yes,Master,Single,4,Yes,2,Pune
8263,Employee 8263,Male,50,Support,Analyst,2023-08-07,596510,3,Yes,Bachelor,Married,2,No,3,Bengaluru
8264,Employee 8264,Female,51,IT,Manager,2021-07-25,583164,3,No,Bachelor,Married,4,No,4,Hyderabad
8265,Employee 8265,Female,49,Marketing,Specialist,2017-01-29,1057680,4,No,Bachelor,Single,9,No,4,Chennai
8266,Employee 8266,Female,35,Operations,Engineer,2015-12-27,1536660,4,No,Master,Single,10,Yes,3,Hyderabad
8267,Employee 8267,Female,53,IT,Specialist,2024-12-30,520601,3,No,Bachelor,Single,1,No,4,Mumbai
8268,Employee 8268,Female,51,Marketing,Associate,2022-02-10,1404863,3,No,Diploma,Married,4,No,5,Mumbai
8269,Employee 8269,Female,42,HR,Engineer,2016-01-08,1224538,1,No,Diploma,Married,10,No,1,Bengaluru
8270,Employee 8270,Female,23,IT,Manager,2018-03-12,1357905,2,No,Bachelor,Single,3,Yes,2,Hyderabad
8271,Employee 8271,Female,51,Marketing,Manager,2024-09-14,506117,1,No,Master,Married,1,No,5,Delhi
8272,Employee 8272,Male,47,HR,Manager,2024-11-01,767922,5,No,Bachelor,Single,1,Yes,1,Delhi
8273,Employee 8273,Female,50,HR,Associate,2016-02-06,358876,5,No,Bachelor,Married,10,No,4,Delhi
8274,Employee 8274,Male,28,HR,Manager,2016-03-04,1224781,1,Yes,Master,Single,8,Yes,3,Ahmedabad
8275,Employee 8275,Female,33,Operations,Manager,2017-12-13,488968,4,No,Master,Married,8,No,3,Delhi
8276,Employee 8276,Male,49,IT,Associate,2019-08-26,1733606,2,No,Master,Married,6,No,2,Mumbai
8277,Employee 8277,Female,57,Support,Associate,2019-02-12,1204888,3,No,Master,Single,7,No,2,Bengaluru
8278,Employee 8278,Male,26,Support,Analyst,2022-05-26,1776466,4,Yes,Master,Married,4,Yes,4,Delhi
8279,Employee 8279,Female,54,Operations,Specialist,2026-01-20,983887,1,No,Diploma,Married,0,Yes,3,Bengaluru
8280,Employee 8280,Male,47,HR,Specialist,2026-02-02,488016,2,No,Diploma,Married,0,Yes,3,Bengaluru
8281,Employee 8281,Male,47,Marketing,Associate,2019-05-29,1360178,4,No,Diploma,Single,7,Yes,3,Chennai
8282,Employee 8282,Female,53,Finance,Analyst,2018-06-05,1491233,5,No,Diploma,Single,8,No,3,Pune
8283,Employee 8283,Male,44,Sales,Executive,2021-07-08,832354,4,Yes,Master,Single,4,Yes,1,Bengaluru
8284,Employee 8284,Female,60,Finance,Analyst,2025-07-21,1594206,4,No,Diploma,Married,0,Yes,2,Ahmedabad
8285,Employee 8285,Male,41,IT,Associate,2025-01-12,373848,1,No,Bachelor,Single,1,Yes,4,Hyderabad
8286,Employee 8286,Male,37,Marketing,Engineer,2020-06-12,1565306,2,No,Bachelor,Married,6,Yes,2,Hyderabad
8287,Employee 8287,Female,37,Sales,Executive,2019-03-10,1020126,5,No,Diploma,Single,7,No,2,Ahmedabad
8288,Employee 8288,Male,52,Finance,Analyst,2015-06-15,1668580,2,No,Diploma,Married,11,No,1,Chennai
8289,Employee 8289,Female,53,Sales,Executive,2018-06-13,333627,2,Yes,Bachelor,Single,8,No,4,Pune
8290,Employee 8290,Female,49,IT,Associate,2019-04-23,986846,2,No,Bachelor,Single,7,No,3,Hyderabad
8291,Employee 8291,Female,60,HR,Manager,2025-03-29,683955,3,No,Bachelor,Married,1,Yes,2,Chennai
8292,Employee 8292,Male,54,Marketing,Executive,2026-01-29,955850,3,No,Master,Single,0,Yes,3,Ahmedabad
8293,Employee 8293,Male,38,IT,Associate,2025-08-07,1069994,2,No,Master,Single,0,Yes,1,Ahmedabad
8294,Employee 8294,Male,42,IT,Executive,2017-05-22,1492343,3,No,Diploma,Married,9,Yes,2,Pune
8295,Employee 8295,Female,36,Operations,Specialist,2025-02-03,1736276,2,No,Diploma,Single,1,No,1,Mumbai
8296,Employee 8296,Male,26,Marketing,Executive,2018-05-30,1187254,2,No,Bachelor,Single,6,No,1,Pune
8297,Employee 8297,Male,25,Support,Analyst,2018-09-06,1480480,5,No,Bachelor,Married,5,No,4,Chennai
8298,Employee 8298,Female,33,Sales,Engineer,2019-02-19,1311705,4,No,Bachelor,Single,7,No,3,Bengaluru
8299,Employee 8299,Male,28,Sales,Manager,2026-07-02,943231,3,No,Diploma,Single,0,No,2,Mumbai
8300,Employee 8300,Male,52,Support,Analyst,2023-12-11,1218144,3,No,Master,Married,2,Yes,4,Pune
8301,Employee 8301,Female,56,Finance,Manager,2018-04-02,1417161,1,No,Diploma,Single,8,No,3,Hyderabad
8302,Employee 8302,Male,25,Finance,Associate,2018-08-17,678257,3,No,Diploma,Single,5,No,1,Hyderabad
8303,Employee 8303,Female,26,Support,Specialist,2025-07-03,790869,5,No,Diploma,Married,0,No,2,Delhi
8304,Employee 8304,Female,56,Finance,Manager,2016-01-11,1648219,3,No,Bachelor,Single,10,Yes,4,Delhi
8305,Employee 8305,Male,52,Marketing,Executive,2019-01-11,569621,1,No,Master,Single,7,Yes,4,Pune
8306,Employee 8306,Female,57,Operations,Associate,2016-08-14,1745794,4,No,Master,Single,9,No,4,Delhi
8307,Employee 8307,Male,24,Finance,Specialist,2016-09-27,1287941,3,No,Master,Married,4,Yes,5,Ahmedabad
8308,Employee 8308,Male,59,Finance,Engineer,2022-12-11,1347433,3,No,Diploma,Single,3,No,2,Chennai
8309,Employee 8309,Male,23,HR,Associate,2022-02-11,880744,4,Yes,Master,Married,3,Yes,1,Pune
8310,Employee 8310,Female,23,HR,Analyst,2025-03-12,448507,1,Yes,Diploma,Single,1,Yes,4,Chennai
8311,Employee 8311,Male,40,Operations,Analyst,2016-01-31,1646470,4,No,Bachelor,Single,10,Yes,3,Mumbai
8312,Employee 8312,Male,58,Support,Analyst,2017-09-07,1005698,1,No,Diploma,Single,8,No,1,Bengaluru
8313,Employee 8313,Male,31,HR,Associate,2024-05-07,474561,3,Yes,Bachelor,Married,2,No,2,Bengaluru
8314,Employee 8314,Female,60,Marketing,Associate,2021-03-25,1309375,5,No,Bachelor,Single,5,Yes,1,Mumbai
8315,Employee 8315,Male,49,Sales,Executive,2023-06-26,884676,3,No,Diploma,Single,3,Yes,3,Hyderabad
8316,Employee 8316,Female,53,HR,Manager,2025-01-13,1093792,4,No,Master,Single,1,Yes,3,Mumbai
8317,Employee 8317,Male,37,IT,Executive,2018-09-19,886414,3,No,Diploma,Married,7,Yes,5,Mumbai
8318,Employee 8318,Male,48,IT,Specialist,2017-07-11,1118480,3,No,Master,Single,8,No,1,Hyderabad
8319,Employee 8319,Female,39,Support,Executive,2021-01-15,524421,1,No,Diploma,Single,5,No,1,Chennai
8320,Employee 8320,Male,52,Operations,Specialist,2025-09-25,796014,5,No,Master,Married,0,Yes,3,Chennai
8321,Employee 8321,Male,40,Marketing,Executive,2025-09-18,1666965,5,No,Diploma,Single,0,Yes,5,Hyderabad
8322,Employee 8322,Male,31,Finance,Engineer,2017-12-18,442949,3,No,Diploma,Married,8,Yes,4,Delhi
8323,Employee 8323,Male,33,Support,Engineer,2023-11-29,1231956,3,No,Diploma,Single,2,No,4,Ahmedabad
8324,Employee 8324,Female,53,HR,Executive,2025-04-15,533018,3,No,Bachelor,Single,1,No,4,Bengaluru
8325,Employee 8325,Male,25,Operations,Analyst,2022-12-12,1244706,1,No,Master,Married,3,Yes,5,Pune
8326,Employee 8326,Male,54,Finance,Executive,2015-01-08,1508296,4,No,Bachelor,Single,11,Yes,1,Chennai
8327,Employee 8327,Male,44,IT,Executive,2018-07-07,1027822,2,No,Master,Single,7,Yes,1,Chennai
8328,Employee 8328,Male,44,HR,Engineer,2018-07-23,402596,5,No,Diploma,Married,7,No,5,Chennai
8329,Employee 8329,Female,39,HR,Executive,2026-06-11,414587,5,No,Diploma,Single,0,Yes,1,Hyderabad
8330,Employee 8330,Male,40,Support,Analyst,2023-09-12,586095,2,No,Bachelor,Single,2,No,4,Ahmedabad
8331,Employee 8331,Female,55,Finance,Engineer,2015-08-11,873179,2,No,Diploma,Married,10,No,1,Hyderabad
8332,Employee 8332,Female,50,Operations,Executive,2023-05-31,1770333,3,No,Bachelor,Single,3,Yes,1,Delhi
8333,Employee 8333,Female,47,Marketing,Executive,2016-09-03,1253491,3,No,Bachelor,Single,9,Yes,2,Hyderabad
8334,Employee 8334,Male,36,Operations,Analyst,2018-04-10,1480492,1,No,Diploma,Married,8,Yes,4,Chennai
8335,Employee 8335,Male,50,Operations,Analyst,2022-10-12,830388,4,Yes,Master,Single,3,No,4,Pune
8336,Employee 8336,Male,36,Operations,Engineer,2015-02-22,903260,1,No,Bachelor,Single,11,No,2,Mumbai
8337,Employee 8337,Male,24,Support,Engineer,2024-06-15,1140898,3,No,Master,Single,2,No,1,Delhi
8338,Employee 8338,Female,54,Support,Manager,2015-07-06,1261013,5,No,Master,Single,10,Yes,1,Chennai
8339,Employee 8339,Male,38,Sales,Manager,2016-12-22,869233,2,No,Master,Married,9,No,5,Hyderabad
8340,Employee 8340,Female,37,Operations,Manager,2017-06-13,1481086,2,No,Bachelor,Married,9,Yes,3,Mumbai
8341,Employee 8341,Female,51,HR,Associate,2016-01-16,836930,2,No,Bachelor,Married,10,Yes,4,Chennai
8342,Employee 8342,Male,51,IT,Analyst,2021-04-22,1396675,4,No,Diploma,Married,5,Yes,4,Pune
8343,Employee 8343,Male,60,Finance,Associate,2020-07-31,792635,1,No,Diploma,Married,5,No,1,Chennai
8344,Employee 8344,Male,56,HR,Associate,2025-09-25,1743139,5,No,Diploma,Single,0,No,4,Bengaluru
8345,Employee 8345,Male,21,Marketing,Engineer,2022-12-14,1231971,5,Yes,Master,Married,1,No,1,Chennai
8346,Employee 8346,Female,27,Marketing,Engineer,2021-10-07,301277,2,No,Master,Single,4,No,4,Ahmedabad
8347,Employee 8347,Female,21,Sales,Specialist,2022-03-20,1618024,1,Yes,Master,Married,1,Yes,5,Pune
8348,Employee 8348,Female,24,Operations,Specialist,2015-10-04,892294,2,No,Bachelor,Married,4,Yes,5,Pune
8349,Employee 8349,Female,35,Support,Analyst,2022-09-30,1696697,5,No,Diploma,Married,3,Yes,5,Hyderabad
8350,Employee 8350,Female,39,HR,Analyst,2024-06-15,1064371,5,No,Bachelor,Married,2,No,3,Chennai
8351,Employee 8351,Female,51,Operations,Associate,2022-01-14,644829,3,No,Master,Single,4,No,2,Ahmedabad
8352,Employee 8352,Male,58,Support,Analyst,2021-11-20,257713,1,No,Diploma,Married,4,No,4,Pune
8353,Employee 8353,Male,52,Marketing,Associate,2020-10-10,721411,2,Yes,Diploma,Single,5,No,3,Hyderabad
8354,Employee 8354,Male,26,Support,Engineer,2024-11-16,1536450,2,No,Diploma,Single,1,Yes,3,Mumbai
8355,Employee 8355,Male,38,HR,Manager,2024-07-20,311685,3,No,Master,Single,1,No,3,Bengaluru
8356,Employee 8356,Female,38,Support,Manager,2017-01-15,1246573,2,No,Bachelor,Married,9,No,4,Ahmedabad
8357,Employee 8357,Male,28,IT,Specialist,2024-01-17,589289,5,Yes,Bachelor,Single,2,Yes,1,Mumbai
8358,Employee 8358,Male,25,HR,Associate,2018-07-22,1372485,3,No,Master,Single,5,No,3,Hyderabad
8359,Employee 8359,Male,31,IT,Manager,2024-03-06,1095983,3,Yes,Diploma,Single,2,Yes,2,Pune
8360,Employee 8360,Female,32,IT,Engineer,2017-09-19,1739842,3,No,Bachelor,Single,8,No,2,Delhi
8361,Employee 8361,Male,56,Marketing,Associate,2016-11-15,1083399,4,No,Diploma,Married,9,No,1,Ahmedabad
8362,Employee 8362,Female,30,Support,Engineer,2020-09-15,735579,5,No,Master,Single,5,No,3,Pune
8363,Employee 8363,Male,45,IT,Associate,2025-11-25,312527,5,No,Diploma,Single,0,Yes,3,Bengaluru
8364,Employee 8364,Female,39,Marketing,Engineer,2020-05-29,1055740,5,No,Bachelor,Single,6,No,1,Ahmedabad
8365,Employee 8365,Female,24,Support,Associate,2019-07-09,1332581,3,No,Bachelor,Single,4,No,1,Chennai
8366,Employee 8366,Female,29,Finance,Associate,2021-03-30,773431,2,No,Diploma,Single,5,Yes,2,Pune
8367,Employee 8367,Female,35,HR,Engineer,2022-05-10,968661,4,Yes,Master,Single,4,No,2,Pune
8368,Employee 8368,Male,29,Support,Specialist,2017-11-24,944213,5,No,Diploma,Single,8,No,4,Ahmedabad
8369,Employee 8369,Male,37,Marketing,Associate,2021-01-13,1253579,4,No,Bachelor,Married,5,Yes,2,Ahmedabad
8370,Employee 8370,Male,44,Support,Analyst,2021-02-25,1068393,2,No,Bachelor,Married,5,No,3,Chennai
8371,Employee 8371,Female,57,IT,Engineer,2017-10-18,371677,4,No,Diploma,Single,8,No,1,Chennai
8372,Employee 8372,Male,38,HR,Associate,2017-01-03,593270,3,No,Diploma,Single,9,Yes,4,Chennai
8373,Employee 8373,Male,25,Finance,Associate,2025-09-06,1413404,1,No,Bachelor,Single,0,No,3,Mumbai
8374,Employee 8374,Male,58,Support,Manager,2015-01-16,446968,4,No,Master,Married,11,Yes,5,Hyderabad
8375,Employee 8375,Female,52,HR,Associate,2019-07-09,1263828,5,No,Diploma,Single,6,No,2,Ahmedabad
8376,Employee 8376,Female,34,Marketing,Manager,2024-12-18,621965,4,No,Master,Married,1,No,4,Mumbai
8377,Employee 8377,Female,57,Marketing,Executive,2020-05-23,996998,1,No,Master,Single,6,No,1,Hyderabad
8378,Employee 8378,Female,34,IT,Executive,2024-07-24,445829,1,No,Bachelor,Married,1,No,3,Pune
8379,Employee 8379,Male,37,Marketing,Associate,2026-06-20,628281,1,No,Bachelor,Single,0,Yes,5,Ahmedabad
8380,Employee 8380,Female,51,Sales,Analyst,2025-03-09,907280,5,No,Master,Married,1,No,5,Ahmedabad
8381,Employee 8381,Female,40,Sales,Analyst,2024-03-09,571438,3,No,Diploma,Married,2,Yes,5,Bengaluru
8382,Employee 8382,Female,35,Marketing,Engineer,2021-07-13,410792,4,No,Bachelor,Single,4,No,5,Delhi
8383,Employee 8383,Male,46,HR,Manager,2016-05-27,1243673,1,No,Master,Married,10,Yes,4,Ahmedabad
8384,Employee 8384,Female,53,Finance,Manager,2022-05-10,810103,5,No,Master,Single,4,Yes,5,Delhi
8385,Employee 8385,Male,25,Sales,Executive,2015-03-09,1684335,5,No,Master,Single,5,Yes,5,Bengaluru
8386,Employee 8386,Male,53,Support,Associate,2022-04-22,788341,3,No,Bachelor,Married,4,No,3,Delhi
8387,Employee 8387,Male,59,Operations,Associate,2018-08-02,304570,1,No,Diploma,Single,7,No,5,Chennai
8388,Employee 8388,Female,24,IT,Engineer,2020-10-21,372832,2,No,Bachelor,Single,4,Yes,5,Ahmedabad
8389,Employee 8389,Female,58,Marketing,Executive,2023-02-23,839853,5,No,Diploma,Married,3,Yes,1,Pune
8390,Employee 8390,Female,59,Operations,Executive,2024-08-29,678866,2,No,Diploma,Married,1,No,4,Hyderabad
8391,Employee 8391,Female,27,HR,Manager,2019-06-07,1642207,1,No,Bachelor,Single,7,Yes,2,Chennai
8392,Employee 8392,Male,48,Marketing,Executive,2021-08-10,647866,3,No,Bachelor,Single,4,No,3,Bengaluru
8393,Employee 8393,Male,25,Finance,Analyst,2016-06-07,1124314,3,No,Master,Married,5,Yes,2,Mumbai
8394,Employee 8394,Male,21,Finance,Manager,2017-11-05,1247064,5,No,Master,Single,1,Yes,4,Pune
8395,Employee 8395,Female,30,Sales,Analyst,2015-04-12,1409284,1,No,Master,Married,10,Yes,1,Delhi
8396,Employee 8396,Female,28,Marketing,Executive,2016-08-18,490678,2,No,Bachelor,Married,8,Yes,4,Chennai
8397,Employee 8397,Female,42,HR,Analyst,2018-03-01,643154,1,No,Diploma,Married,8,No,3,Hyderabad
8398,Employee 8398,Female,32,Marketing,Associate,2026-03-03,352283,4,No,Master,Single,0,No,1,Ahmedabad
8399,Employee 8399,Male,53,Operations,Analyst,2020-01-13,1080315,4,Yes,Bachelor,Single,6,Yes,4,Ahmedabad
8400,Employee 8400,Female,26,Finance,Engineer,2015-02-03,1321053,5,No,Bachelor,Married,6,No,2,Bengaluru
8401,Employee 8401,Male,47,Marketing,Analyst,2018-06-13,1087858,2,No,Diploma,Married,8,Yes,2,Hyderabad
8402,Employee 8402,Male,26,HR,Engineer,2020-07-09,498328,3,Yes,Bachelor,Married,5,Yes,4,Hyderabad
8403,Employee 8403,Female,24,Marketing,Manager,2023-09-05,725794,3,Yes,Bachelor,Married,2,No,3,Bengaluru
8404,Employee 8404,Male,31,HR,Associate,2024-08-30,420835,1,No,Master,Married,1,Yes,3,Pune
8405,Employee 8405,Female,52,Sales,Analyst,2023-09-08,779665,1,No,Diploma,Single,2,Yes,5,Delhi
8406,Employee 8406,Female,36,Support,Engineer,2021-11-13,1689998,1,Yes,Diploma,Single,4,Yes,1,Hyderabad
8407,Employee 8407,Female,25,Operations,Engineer,2019-11-25,1407077,3,No,Bachelor,Single,5,Yes,5,Mumbai
8408,Employee 8408,Male,43,Sales,Associate,2018-06-08,400872,5,No,Bachelor,Married,8,Yes,2,Mumbai
8409,Employee 8409,Female,42,Sales,Executive,2021-06-10,1489004,4,Yes,Master,Married,5,No,1,Mumbai
8410,Employee 8410,Female,57,Operations,Analyst,2022-11-18,1420079,5,No,Diploma,Single,3,Yes,4,Bengaluru
8411,Employee 8411,Male,56,Sales,Analyst,2022-07-28,856358,3,Yes,Bachelor,Married,3,Yes,5,Bengaluru
8412,Employee 8412,Female,40,Sales,Engineer,2018-10-29,766839,1,No,Master,Single,7,No,5,Delhi
8413,Employee 8413,Male,35,IT,Manager,2023-07-12,918283,1,No,Master,Married,2,No,5,Delhi
8414,Employee 8414,Male,25,IT,Analyst,2021-11-15,1195799,4,No,Master,Married,4,Yes,2,Mumbai
8415,Employee 8415,Female,56,Marketing,Associate,2017-05-14,1063361,3,Yes,Bachelor,Single,9,No,2,Hyderabad
8416,Employee 8416,Female,36,Marketing,Executive,2019-05-25,1008155,3,No,Diploma,Married,7,No,2,Chennai
8417,Employee 8417,Female,26,Support,Specialist,2026-07-01,1089790,3,No,Master,Single,0,No,4,Ahmedabad
8418,Employee 8418,Female,48,HR,Analyst,2022-11-07,632321,3,No,Diploma,Married,3,Yes,3,Bengaluru
8419,Employee 8419,Female,28,HR,Manager,2021-08-27,1571626,4,No,Diploma,Single,4,No,4,Mumbai
8420,Employee 8420,Male,24,Operations,Manager,2021-01-02,1366335,5,No,Master,Single,4,No,5,Mumbai
8421,Employee 8421,Male,47,HR,Specialist,2018-04-02,640091,4,No,Bachelor,Married,8,No,3,Pune
8422,Employee 8422,Male,34,HR,Manager,2015-09-24,824692,4,No,Master,Married,10,No,2,Delhi
8423,Employee 8423,Female,55,IT,Executive,2019-07-21,1771659,5,No,Diploma,Married,6,Yes,5,Bengaluru
8424,Employee 8424,Male,46,IT,Engineer,2015-07-14,857368,5,No,Master,Married,10,No,1,Chennai
8425,Employee 8425,Male,56,IT,Analyst,2017-02-03,1758881,5,No,Diploma,Married,9,Yes,2,Mumbai
8426,Employee 8426,Male,33,Marketing,Specialist,2019-09-29,808145,4,No,Bachelor,Single,6,Yes,2,Mumbai
8427,Employee 8427,Male,36,Support,Associate,2023-07-24,1421950,4,No,Master,Single,2,No,5,Delhi
8428,Employee 8428,Male,59,Operations,Analyst,2016-07-03,1744573,1,No,Bachelor,Single,10,No,3,Hyderabad
8429,Employee 8429,Male,43,Sales,Manager,2020-09-07,481235,4,No,Bachelor,Single,5,Yes,5,Ahmedabad
8430,Employee 8430,Male,47,Marketing,Executive,2017-12-27,711830,1,No,Bachelor,Single,8,No,1,Chennai
8431,Employee 8431,Female,40,IT,Executive,2015-03-09,498056,1,No,Master,Single,11,Yes,5,Pune
8432,Employee 8432,Male,22,IT,Executive,2019-08-09,858827,2,No,Diploma,Married,2,Yes,4,Chennai
8433,Employee 8433,Male,46,Operations,Analyst,2024-09-24,1738581,2,Yes,Diploma,Married,1,Yes,1,Bengaluru
8434,Employee 8434,Male,31,Sales,Analyst,2019-11-08,1548468,1,No,Master,Single,6,Yes,4,Delhi
8435,Employee 8435,Male,28,Marketing,Analyst,2024-07-16,1584141,3,Yes,Diploma,Married,1,No,3,Hyderabad
8436,Employee 8436,Male,44,IT,Manager,2016-06-25,1249036,2,No,Diploma,Married,10,Yes,3,Mumbai
8437,Employee 8437,Male,43,Marketing,Specialist,2015-10-26,989143,5,Yes,Diploma,Single,10,Yes,2,Ahmedabad
8438,Employee 8438,Female,21,IT,Associate,2026-04-06,1742056,5,Yes,Diploma,Married,0,No,2,Mumbai
8439,Employee 8439,Female,40,IT,Specialist,2021-04-14,970453,1,No,Master,Single,5,No,5,Ahmedabad
8440,Employee 8440,Male,40,IT,Engineer,2016-08-21,511981,2,No,Bachelor,Married,9,No,1,Ahmedabad
8441,Employee 8441,Female,54,Marketing,Engineer,2025-09-15,1728378,3,No,Bachelor,Single,0,No,1,Mumbai
8442,Employee 8442,Male,55,Finance,Specialist,2020-10-01,1125260,3,No,Master,Single,5,No,3,Hyderabad
8443,Employee 8443,Male,60,HR,Engineer,2025-04-08,264856,2,No,Master,Married,1,No,1,Hyderabad
8444,Employee 8444,Male,24,Support,Engineer,2015-06-26,1651260,5,Yes,Bachelor,Single,4,Yes,2,Chennai
8445,Employee 8445,Male,60,Finance,Executive,2016-03-18,386376,1,Yes,Diploma,Single,10,Yes,3,Chennai
8446,Employee 8446,Male,38,Finance,Associate,2016-02-05,262360,4,No,Master,Married,10,Yes,2,Bengaluru
8447,Employee 8447,Female,50,Finance,Engineer,2017-03-17,859579,2,No,Diploma,Single,9,Yes,3,Chennai
8448,Employee 8448,Male,30,Support,Executive,2019-06-08,937916,2,No,Bachelor,Married,7,Yes,2,Chennai
8449,Employee 8449,Male,23,HR,Executive,2019-10-15,1630026,4,No,Bachelor,Single,3,Yes,5,Hyderabad
8450,Employee 8450,Female,25,Operations,Executive,2017-06-03,1648505,3,No,Bachelor,Married,5,No,4,Delhi
8451,Employee 8451,Female,39,Finance,Executive,2018-05-09,1473690,5,No,Diploma,Married,8,No,3,Bengaluru
8452,Employee 8452,Male,39,Support,Manager,2022-01-30,954772,2,Yes,Diploma,Single,4,No,3,Pune
8453,Employee 8453,Male,22,Sales,Analyst,2017-06-10,808594,4,No,Diploma,Married,2,Yes,3,Chennai
8454,Employee 8454,Female,59,IT,Associate,2023-11-22,1024797,3,Yes,Diploma,Married,2,Yes,1,Delhi
8455,Employee 8455,Female,25,Sales,Analyst,2019-02-22,340676,1,No,Diploma,Married,5,No,1,Chennai
8456,Employee 8456,Female,47,Marketing,Specialist,2022-04-01,1629885,4,No,Master,Single,4,No,5,Pune
8457,Employee 8457,Male,46,IT,Specialist,2017-11-13,1670955,1,No,Master,Single,8,No,2,Ahmedabad
8458,Employee 8458,Male,40,IT,Specialist,2025-10-10,1536444,3,No,Bachelor,Married,0,No,1,Hyderabad
8459,Employee 8459,Female,53,Marketing,Manager,2024-11-19,1143650,4,No,Master,Married,1,No,2,Bengaluru
8460,Employee 8460,Male,26,IT,Specialist,2022-09-13,906127,5,No,Diploma,Married,3,No,5,Bengaluru
8461,Employee 8461,Male,35,IT,Engineer,2017-09-24,411671,2,No,Diploma,Single,8,No,1,Delhi
8462,Employee 8462,Male,21,Marketing,Specialist,2015-06-01,1460138,2,No,Master,Married,1,Yes,3,Pune
8463,Employee 8463,Male,25,Marketing,Manager,2021-08-07,690529,3,No,Master,Single,4,Yes,1,Bengaluru
8464,Employee 8464,Male,34,HR,Analyst,2021-08-22,933831,2,No,Master,Single,4,No,1,Hyderabad
8465,Employee 8465,Male,58,Marketing,Analyst,2025-09-19,1173444,4,No,Master,Single,0,Yes,3,Pune
8466,Employee 8466,Male,44,IT,Manager,2025-11-03,614674,4,No,Master,Married,0,No,5,Hyderabad
8467,Employee 8467,Male,25,Support,Associate,2019-02-15,821803,5,No,Master,Married,5,No,4,Ahmedabad
8468,Employee 8468,Male,48,HR,Analyst,2018-06-15,1049822,1,Yes,Master,Single,8,No,2,Pune
8469,Employee 8469,Female,56,Marketing,Specialist,2021-01-24,328913,1,No,Bachelor,Single,5,Yes,3,Ahmedabad
8470,Employee 8470,Female,24,IT,Manager,2020-05-30,932967,3,No,Diploma,Married,4,No,3,Delhi
8471,Employee 8471,Female,46,IT,Executive,2025-03-04,397453,2,Yes,Diploma,Married,1,No,4,Delhi
8472,Employee 8472,Male,33,Sales,Associate,2016-03-07,479638,1,No,Bachelor,Married,10,No,1,Ahmedabad
8473,Employee 8473,Female,38,Marketing,Executive,2015-11-17,960798,4,No,Bachelor,Married,10,Yes,2,Mumbai
8474,Employee 8474,Female,32,Finance,Manager,2016-04-18,1253059,3,No,Master,Single,10,Yes,1,Delhi
8475,Employee 8475,Male,53,HR,Associate,2015-12-03,664821,4,No,Diploma,Married,10,No,3,Chennai
8476,Employee 8476,Female,41,HR,Engineer,2017-03-14,978617,1,No,Bachelor,Single,9,Yes,3,Chennai
8477,Employee 8477,Male,49,Support,Specialist,2023-01-14,1722411,4,No,Master,Married,3,Yes,3,Ahmedabad
8478,Employee 8478,Female,32,IT,Manager,2015-08-03,1072217,2,No,Bachelor,Married,10,Yes,3,Mumbai
8479,Employee 8479,Female,58,Support,Specialist,2024-04-21,1348981,3,No,Master,Married,2,Yes,2,Mumbai
8480,Employee 8480,Female,21,Sales,Analyst,2023-08-15,362153,5,Yes,Master,Single,1,Yes,5,Chennai
8481,Employee 8481,Male,39,IT,Manager,2022-09-07,1201824,1,No,Diploma,Single,3,No,4,Ahmedabad
8482,Employee 8482,Female,58,Sales,Manager,2018-01-19,1473195,5,No,Diploma,Single,8,No,3,Hyderabad
8483,Employee 8483,Male,23,HR,Associate,2024-10-01,378464,2,No,Diploma,Single,1,Yes,4,Delhi
8484,Employee 8484,Female,53,IT,Analyst,2022-01-23,689471,4,No,Bachelor,Single,4,Yes,3,Mumbai
8485,Employee 8485,Female,27,Marketing,Executive,2015-12-15,1378539,3,No,Bachelor,Single,7,Yes,1,Delhi
8486,Employee 8486,Female,29,Finance,Specialist,2017-11-24,1714656,5,No,Master,Married,8,Yes,2,Hyderabad
8487,Employee 8487,Female,47,Sales,Associate,2018-10-03,1791067,4,No,Bachelor,Single,7,No,3,Mumbai
8488,Employee 8488,Female,56,Support,Manager,2019-03-18,1170823,1,No,Bachelor,Single,7,No,2,Ahmedabad
8489,Employee 8489,Male,51,IT,Analyst,2019-11-12,468773,4,No,Diploma,Married,6,Yes,2,Delhi
8490,Employee 8490,Male,33,Operations,Engineer,2019-07-26,434135,1,No,Bachelor,Single,6,No,2,Delhi
8491,Employee 8491,Female,34,Marketing,Executive,2024-03-14,1264888,2,No,Bachelor,Married,2,Yes,1,Bengaluru
8492,Employee 8492,Male,34,Marketing,Analyst,2021-02-13,409237,5,No,Diploma,Married,5,Yes,5,Mumbai
8493,Employee 8493,Female,28,Sales,Manager,2018-05-18,1399684,2,No,Master,Married,8,Yes,4,Bengaluru
8494,Employee 8494,Male,24,Support,Engineer,2022-12-26,413233,3,No,Bachelor,Married,3,No,2,Bengaluru
8495,Employee 8495,Male,43,Operations,Associate,2020-07-08,513835,4,Yes,Bachelor,Married,5,Yes,4,Delhi
8496,Employee 8496,Female,28,Marketing,Associate,2025-04-18,787907,5,No,Bachelor,Married,1,No,3,Delhi
8497,Employee 8497,Male,56,IT,Associate,2023-01-02,1691482,2,No,Master,Single,3,No,2,Hyderabad
8498,Employee 8498,Female,56,Sales,Analyst,2016-10-14,351610,1,Yes,Bachelor,Married,9,Yes,5,Pune
8499,Employee 8499,Male,51,Marketing,Executive,2024-06-12,859907,5,No,Master,Single,2,No,5,Delhi
8500,Employee 8500,Male,46,IT,Analyst,2017-01-03,1782043,2,No,Master,Married,9,Yes,3,Ahmedabad
8501,Employee 8501,Female,24,Support,Manager,2022-07-04,1195882,3,No,Diploma,Single,3,Yes,3,Chennai
8502,Employee 8502,Male,33,HR,Executive,2020-04-17,1505366,4,No,Master,Single,6,Yes,2,Bengaluru
8503,Employee 8503,Male,35,Support,Associate,2022-03-04,1172623,2,No,Bachelor,Married,4,No,3,Pune
8504,Employee 8504,Male,33,Operations,Specialist,2019-08-04,1061615,3,No,Diploma,Single,6,No,1,Delhi
8505,Employee 8505,Female,52,Support,Executive,2016-01-20,1566503,5,No,Master,Married,10,Yes,1,Chennai
8506,Employee 8506,Male,44,Finance,Analyst,2023-01-28,1704306,3,Yes,Master,Single,3,No,2,Pune
8507,Employee 8507,Male,26,IT,Specialist,2018-06-11,1045305,5,No,Bachelor,Single,6,Yes,1,Bengaluru
8508,Employee 8508,Male,55,Sales,Analyst,2018-08-25,1210396,3,No,Bachelor,Single,7,Yes,4,Chennai
8509,Employee 8509,Male,53,Finance,Executive,2025-06-21,722439,2,No,Diploma,Single,1,No,1,Ahmedabad
8510,Employee 8510,Male,51,Support,Engineer,2021-03-14,405526,5,No,Master,Single,5,Yes,3,Bengaluru
8511,Employee 8511,Male,36,Support,Manager,2021-10-09,438415,1,No,Bachelor,Married,4,Yes,2,Chennai
8512,Employee 8512,Male,31,Operations,Specialist,2025-03-18,1708717,3,No,Bachelor,Married,1,Yes,3,Chennai
8513,Employee 8513,Male,57,HR,Specialist,2020-10-13,365438,4,No,Diploma,Married,5,Yes,3,Ahmedabad
8514,Employee 8514,Female,56,Support,Engineer,2017-02-02,363028,2,No,Master,Married,9,Yes,1,Delhi
8515,Employee 8515,Male,54,Marketing,Specialist,2015-07-13,1555633,3,No,Master,Single,10,Yes,2,Ahmedabad
8516,Employee 8516,Female,58,HR,Analyst,2017-04-04,1319034,2,No,Diploma,Married,9,Yes,1,Mumbai
8517,Employee 8517,Male,58,Support,Executive,2015-07-09,772156,5,No,Master,Single,10,Yes,3,Pune
8518,Employee 8518,Female,38,Marketing,Analyst,2024-06-19,1746431,3,Yes,Diploma,Single,2,Yes,4,Mumbai
8519,Employee 8519,Male,51,Operations,Manager,2018-01-24,1180057,2,No,Diploma,Married,8,No,3,Delhi
8520,Employee 8520,Female,30,Marketing,Manager,2025-02-11,866139,4,No,Diploma,Married,1,No,3,Delhi
8521,Employee 8521,Female,49,Support,Executive,2021-08-20,678227,5,No,Diploma,Married,4,No,4,Ahmedabad
8522,Employee 8522,Male,36,IT,Engineer,2019-07-21,1349269,4,Yes,Master,Single,6,Yes,3,Bengaluru
8523,Employee 8523,Male,34,Operations,Engineer,2025-12-24,1623445,5,No,Bachelor,Single,0,No,2,Ahmedabad
8524,Employee 8524,Female,52,Support,Specialist,2026-03-06,1406104,4,No,Diploma,Single,0,No,4,Hyderabad
8525,Employee 8525,Male,53,Finance,Specialist,2019-12-14,809376,3,No,Bachelor,Married,6,No,2,Mumbai
8526,Employee 8526,Female,47,Operations,Manager,2015-08-01,273081,2,No,Diploma,Single,10,Yes,2,Chennai
8527,Employee 8527,Male,48,Marketing,Analyst,2023-10-08,445329,3,No,Bachelor,Single,2,Yes,4,Delhi
8528,Employee 8528,Female,22,Finance,Engineer,2016-04-14,1641248,1,No,Diploma,Married,2,No,2,Chennai
8529,Employee 8529,Male,57,Sales,Executive,2016-09-04,1098774,1,Yes,Master,Single,9,Yes,4,Chennai
8530,Employee 8530,Female,57,Sales,Specialist,2021-03-24,845287,5,Yes,Bachelor,Married,5,Yes,5,Bengaluru
8531,Employee 8531,Male,22,HR,Manager,2020-03-12,1143934,4,Yes,Diploma,Married,2,Yes,5,Mumbai
8532,Employee 8532,Male,40,Operations,Analyst,2020-11-08,1744549,2,Yes,Diploma,Married,5,No,1,Hyderabad
8533,Employee 8533,Female,51,Sales,Manager,2026-04-18,643483,4,No,Bachelor,Single,0,No,1,Chennai
8534,Employee 8534,Male,48,Support,Manager,2019-11-16,1009870,1,No,Master,Single,6,Yes,1,Ahmedabad
8535,Employee 8535,Male,49,IT,Analyst,2025-02-19,403860,5,Yes,Bachelor,Single,1,No,3,Chennai
8536,Employee 8536,Male,54,Support,Associate,2016-04-27,1371683,2,No,Diploma,Single,10,Yes,4,Mumbai
8537,Employee 8537,Male,48,IT,Manager,2015-04-28,495616,4,No,Bachelor,Married,11,No,5,Mumbai
8538,Employee 8538,Female,57,Sales,Executive,2025-10-18,824588,3,No,Diploma,Single,0,Yes,1,Delhi
8539,Employee 8539,Female,33,Operations,Manager,2020-04-09,456198,2,No,Bachelor,Married,6,Yes,3,Pune
8540,Employee 8540,Male,50,IT,Analyst,2022-02-12,1441446,2,No,Master,Married,4,No,2,Delhi
8541,Employee 8541,Female,59,Finance,Engineer,2026-04-29,1753927,3,No,Master,Married,0,Yes,1,Ahmedabad
8542,Employee 8542,Male,60,Marketing,Associate,2021-11-18,471468,1,No,Master,Married,4,No,1,Ahmedabad
8543,Employee 8543,Male,35,Sales,Engineer,2018-09-16,682883,5,No,Diploma,Married,7,Yes,5,Mumbai
8544,Employee 8544,Female,53,Marketing,Executive,2022-08-08,1351532,1,No,Bachelor,Married,3,Yes,1,Chennai
8545,Employee 8545,Female,28,Sales,Engineer,2019-03-28,711886,2,No,Bachelor,Single,7,Yes,1,Bengaluru
8546,Employee 8546,Male,21,Support,Manager,2024-06-18,1558533,1,No,Diploma,Single,1,Yes,1,Hyderabad
8547,Employee 8547,Female,57,Support,Analyst,2018-10-30,1087445,5,No,Bachelor,Married,7,No,3,Ahmedabad
8548,Employee 8548,Female,58,Sales,Analyst,2020-04-19,280828,4,Yes,Master,Single,6,Yes,4,Bengaluru
8549,Employee 8549,Male,37,Support,Analyst,2019-12-01,1430898,2,Yes,Master,Married,6,No,2,Chennai
8550,Employee 8550,Female,55,Sales,Associate,2017-06-23,568222,1,No,Diploma,Married,9,No,1,Mumbai
8551,Employee 8551,Female,58,Marketing,Manager,2023-12-20,1534107,3,No,Master,Married,2,Yes,1,Hyderabad
8552,Employee 8552,Female,47,Finance,Specialist,2025-02-24,1675397,5,No,Diploma,Single,1,No,1,Delhi
8553,Employee 8553,Female,52,Finance,Analyst,2023-03-05,1527543,4,No,Master,Single,3,No,5,Hyderabad
8554,Employee 8554,Male,58,Support,Analyst,2018-11-19,648819,3,No,Master,Single,7,No,2,Mumbai
8555,Employee 8555,Female,55,Finance,Manager,2020-04-03,1000736,3,No,Master,Married,6,Yes,3,Hyderabad
8556,Employee 8556,Male,35,HR,Executive,2018-01-10,1710570,2,No,Master,Married,8,Yes,3,Chennai
8557,Employee 8557,Female,36,Support,Engineer,2025-12-19,599739,1,No,Master,Single,0,Yes,2,Delhi
8558,Employee 8558,Female,31,HR,Analyst,2016-01-03,1375736,5,No,Diploma,Married,10,Yes,1,Delhi
8559,Employee 8559,Male,46,IT,Manager,2021-01-15,1039909,2,No,Master,Single,5,No,2,Chennai
8560,Employee 8560,Female,42,HR,Executive,2026-05-27,439205,4,No,Master,Married,0,No,1,Bengaluru
8561,Employee 8561,Male,49,Finance,Executive,2020-12-23,532691,4,No,Diploma,Single,5,No,5,Mumbai
8562,Employee 8562,Female,38,IT,Specialist,2020-04-06,1550356,3,No,Master,Married,6,Yes,4,Chennai
8563,Employee 8563,Female,55,IT,Specialist,2021-11-29,1725461,4,No,Bachelor,Single,4,No,5,Bengaluru
8564,Employee 8564,Female,28,Support,Associate,2018-03-24,643304,4,No,Master,Married,8,No,5,Hyderabad
8565,Employee 8565,Female,40,IT,Executive,2018-09-24,384499,1,No,Master,Married,7,No,2,Ahmedabad
8566,Employee 8566,Female,29,HR,Manager,2022-07-05,1619327,4,No,Diploma,Married,3,No,3,Pune
8567,Employee 8567,Male,32,Sales,Manager,2026-01-25,1723608,5,No,Diploma,Married,0,Yes,4,Mumbai
8568,Employee 8568,Male,50,Finance,Associate,2017-02-02,616862,5,No,Diploma,Single,9,Yes,4,Ahmedabad
8569,Employee 8569,Female,34,Finance,Associate,2023-07-23,1524838,5,No,Diploma,Married,2,Yes,4,Pune
8570,Employee 8570,Male,28,Finance,Specialist,2017-06-17,788830,5,Yes,Bachelor,Married,8,Yes,5,Hyderabad
8571,Employee 8571,Male,55,Finance,Specialist,2024-06-15,1185362,2,No,Master,Single,2,Yes,4,Delhi
8572,Employee 8572,Male,58,Operations,Associate,2017-02-14,1601574,3,No,Diploma,Married,9,No,2,Pune
8573,Employee 8573,Male,37,Operations,Specialist,2023-03-19,1418176,2,No,Master,Single,3,Yes,1,Delhi
8574,Employee 8574,Male,50,Finance,Analyst,2022-02-16,447193,5,No,Master,Married,4,No,2,Delhi
8575,Employee 8575,Male,28,Sales,Associate,2023-02-09,396669,5,No,Diploma,Single,3,Yes,4,Hyderabad
8576,Employee 8576,Female,22,Marketing,Associate,2016-05-15,1209107,5,Yes,Bachelor,Married,2,Yes,4,Ahmedabad
8577,Employee 8577,Female,22,Support,Executive,2020-12-14,564889,4,No,Master,Married,2,Yes,3,Mumbai
8578,Employee 8578,Male,51,Marketing,Specialist,2018-10-06,526698,1,No,Diploma,Single,7,Yes,5,Ahmedabad
8579,Employee 8579,Female,29,HR,Specialist,2018-04-26,342759,1,No,Diploma,Married,8,No,2,Ahmedabad
8580,Employee 8580,Female,25,Operations,Executive,2023-01-02,1706174,1,Yes,Master,Single,3,Yes,1,Delhi
8581,Employee 8581,Male,26,HR,Analyst,2024-01-02,1737932,3,No,Master,Single,2,No,2,Chennai
8582,Employee 8582,Male,34,Support,Manager,2023-07-31,624982,1,No,Master,Single,2,Yes,4,Hyderabad
8583,Employee 8583,Male,29,IT,Associate,2021-12-31,635026,3,No,Master,Married,4,Yes,4,Chennai
8584,Employee 8584,Female,38,Operations,Specialist,2021-12-20,1596790,1,Yes,Bachelor,Single,4,No,2,Hyderabad
8585,Employee 8585,Male,54,IT,Engineer,2025-11-20,1227998,3,No,Bachelor,Single,0,Yes,5,Delhi
8586,Employee 8586,Female,37,Sales,Associate,2025-10-30,1512336,4,No,Master,Married,0,Yes,3,Bengaluru
8587,Employee 8587,Female,27,Sales,Executive,2025-08-14,1041800,5,No,Diploma,Married,0,No,4,Chennai
8588,Employee 8588,Male,59,Finance,Manager,2026-05-18,1420789,4,No,Master,Single,0,Yes,1,Bengaluru
8589,Employee 8589,Female,24,Support,Engineer,2019-05-08,1760398,3,No,Diploma,Married,4,No,4,Pune
8590,Employee 8590,Male,29,Marketing,Specialist,2022-05-12,416274,4,No,Master,Married,4,Yes,4,Chennai
8591,Employee 8591,Male,31,Sales,Associate,2015-12-25,1543370,1,No,Diploma,Single,10,No,2,Chennai
8592,Employee 8592,Male,52,Support,Specialist,2018-01-10,1098262,5,Yes,Bachelor,Single,8,No,1,Mumbai
8593,Employee 8593,Male,32,IT,Engineer,2023-05-08,535136,4,No,Master,Married,3,No,1,Bengaluru
8594,Employee 8594,Female,26,Support,Analyst,2020-06-04,792620,2,No,Bachelor,Single,6,Yes,4,Chennai
8595,Employee 8595,Male,55,IT,Analyst,2026-02-14,606053,4,No,Diploma,Single,0,No,1,Ahmedabad
8596,Employee 8596,Male,58,Sales,Manager,2016-06-27,463370,2,No,Master,Married,10,Yes,2,Mumbai
8597,Employee 8597,Female,31,Marketing,Specialist,2021-03-21,722549,1,Yes,Diploma,Married,5,No,3,Pune
8598,Employee 8598,Female,60,Finance,Manager,2020-01-13,933561,2,No,Diploma,Married,6,No,3,Hyderabad
8599,Employee 8599,Male,24,IT,Manager,2021-03-20,1229635,5,No,Bachelor,Single,4,Yes,3,Mumbai
8600,Employee 8600,Male,55,Finance,Specialist,2025-09-15,445137,5,Yes,Bachelor,Single,0,Yes,2,Mumbai
8601,Employee 8601,Female,27,HR,Manager,2020-11-08,1199351,3,No,Master,Married,5,Yes,3,Mumbai
8602,Employee 8602,Female,36,Sales,Specialist,2023-01-20,1008568,1,Yes,Bachelor,Married,3,No,2,Bengaluru
8603,Employee 8603,Female,58,HR,Executive,2015-05-28,1735856,5,No,Master,Married,11,Yes,4,Ahmedabad
8604,Employee 8604,Female,57,IT,Associate,2020-10-21,1178295,4,No,Diploma,Single,5,Yes,3,Mumbai
8605,Employee 8605,Male,35,IT,Executive,2021-07-12,972849,1,No,Diploma,Married,4,No,5,Mumbai
8606,Employee 8606,Male,60,Support,Associate,2015-01-20,1325845,5,No,Diploma,Single,11,Yes,3,Delhi
8607,Employee 8607,Female,46,Support,Manager,2015-07-01,652455,1,Yes,Master,Single,11,Yes,2,Hyderabad
8608,Employee 8608,Male,36,Marketing,Associate,2022-01-15,1211161,3,Yes,Diploma,Married,4,Yes,1,Chennai
8609,Employee 8609,Male,44,IT,Analyst,2016-02-14,537817,1,No,Bachelor,Single,10,Yes,5,Hyderabad
8610,Employee 8610,Female,43,Support,Specialist,2023-11-02,667496,2,No,Bachelor,Married,2,No,3,Bengaluru
8611,Employee 8611,Female,59,Marketing,Associate,2018-02-17,1720534,1,No,Diploma,Married,8,Yes,4,Ahmedabad
8612,Employee 8612,Male,60,Operations,Executive,2015-05-15,373621,4,No,Diploma,Married,11,Yes,5,Hyderabad
8613,Employee 8613,Male,47,Sales,Manager,2021-02-25,1722045,4,Yes,Bachelor,Married,5,No,4,Bengaluru
8614,Employee 8614,Male,45,Finance,Specialist,2021-10-01,1020220,4,No,Diploma,Single,4,No,2,Mumbai
8615,Employee 8615,Male,53,Sales,Engineer,2023-11-27,1311573,4,No,Master,Single,2,Yes,1,Hyderabad
8616,Employee 8616,Female,32,Finance,Associate,2021-11-22,418696,3,No,Bachelor,Single,4,Yes,1,Hyderabad
8617,Employee 8617,Female,25,IT,Manager,2019-01-15,983210,1,No,Master,Married,5,Yes,5,Pune
8618,Employee 8618,Female,35,Sales,Analyst,2018-02-28,1143456,1,No,Bachelor,Single,8,Yes,2,Pune
8619,Employee 8619,Male,25,Operations,Analyst,2018-11-30,781312,2,No,Master,Single,5,No,2,Delhi
8620,Employee 8620,Male,48,Operations,Manager,2020-06-14,1545326,5,No,Diploma,Married,6,Yes,2,Hyderabad
8621,Employee 8621,Male,46,HR,Associate,2017-02-03,1394157,1,No,Bachelor,Married,9,Yes,5,Hyderabad
8622,Employee 8622,Female,24,Sales,Specialist,2020-05-26,1243183,5,No,Master,Single,4,Yes,4,Mumbai
8623,Employee 8623,Male,28,Sales,Analyst,2020-12-07,317112,5,No,Master,Married,5,Yes,1,Ahmedabad
8624,Employee 8624,Male,53,Finance,Executive,2021-12-26,1160836,3,Yes,Bachelor,Married,4,No,5,Mumbai
8625,Employee 8625,Male,32,Operations,Associate,2018-03-09,622823,3,No,Diploma,Single,8,Yes,4,Pune
8626,Employee 8626,Male,47,Sales,Associate,2016-11-15,664194,4,No,Bachelor,Single,9,No,5,Chennai
8627,Employee 8627,Female,36,IT,Manager,2022-01-09,827784,4,No,Bachelor,Single,4,Yes,2,Mumbai
8628,Employee 8628,Female,52,Finance,Executive,2025-12-23,1787614,4,No,Bachelor,Married,0,Yes,1,Delhi
8629,Employee 8629,Male,52,IT,Analyst,2015-09-12,1525332,5,No,Master,Single,10,Yes,2,Delhi
8630,Employee 8630,Male,50,Operations,Associate,2019-10-23,860266,3,Yes,Diploma,Married,6,No,2,Mumbai
8631,Employee 8631,Male,46,IT,Analyst,2021-06-11,489223,3,Yes,Diploma,Married,5,No,1,Hyderabad
8632,Employee 8632,Female,45,Support,Analyst,2021-02-15,1736437,3,No,Master,Single,5,Yes,5,Chennai
8633,Employee 8633,Female,22,Marketing,Specialist,2020-06-14,808913,2,Yes,Diploma,Single,2,Yes,2,Pune
8634,Employee 8634,Female,51,HR,Manager,2023-11-14,699046,3,Yes,Master,Single,2,No,5,Hyderabad
8635,Employee 8635,Female,23,Sales,Manager,2023-02-03,454042,3,No,Master,Married,3,Yes,5,Pune
8636,Employee 8636,Male,27,Marketing,Executive,2015-06-17,1763443,1,No,Diploma,Married,7,No,3,Pune
8637,Employee 8637,Female,34,HR,Manager,2018-02-17,1460889,3,Yes,Bachelor,Married,8,No,1,Pune
8638,Employee 8638,Female,48,IT,Executive,2018-05-04,844960,1,No,Bachelor,Single,8,Yes,5,Pune
8639,Employee 8639,Male,24,Finance,Analyst,2019-05-23,748018,5,No,Master,Married,4,No,3,Bengaluru
8640,Employee 8640,Female,32,Support,Executive,2020-07-19,543760,5,No,Bachelor,Single,5,Yes,2,Delhi
8641,Employee 8641,Male,30,HR,Manager,2025-07-26,1155726,4,No,Master,Single,0,Yes,2,Pune
8642,Employee 8642,Female,43,Operations,Manager,2017-03-30,712287,5,Yes,Master,Married,9,No,1,Chennai
8643,Employee 8643,Female,31,IT,Analyst,2018-06-09,671288,2,No,Master,Married,8,No,2,Bengaluru
8644,Employee 8644,Male,35,HR,Manager,2024-08-12,625497,5,No,Diploma,Married,1,No,3,Hyderabad
8645,Employee 8645,Male,52,IT,Specialist,2015-07-14,307990,3,Yes,Bachelor,Married,10,No,2,Delhi
8646,Employee 8646,Male,34,Operations,Analyst,2024-09-19,1028754,4,No,Bachelor,Married,1,Yes,2,Pune
8647,Employee 8647,Female,31,IT,Engineer,2022-11-18,509650,4,No,Diploma,Single,3,Yes,3,Ahmedabad
8648,Employee 8648,Female,51,Marketing,Manager,2024-07-22,813038,1,No,Bachelor,Single,1,No,2,Chennai
8649,Employee 8649,Male,38,Operations,Engineer,2019-03-06,1679265,4,No,Master,Married,7,No,3,Chennai
8650,Employee 8650,Male,54,HR,Manager,2024-08-26,1011126,4,No,Bachelor,Single,1,Yes,4,Hyderabad
8651,Employee 8651,Female,43,HR,Associate,2026-04-17,903474,4,No,Diploma,Single,0,Yes,3,Bengaluru
8652,Employee 8652,Male,57,Operations,Specialist,2024-10-17,1307140,3,No,Master,Single,1,No,5,Ahmedabad
8653,Employee 8653,Female,45,Marketing,Specialist,2022-03-30,635260,5,Yes,Master,Married,4,No,4,Chennai
8654,Employee 8654,Female,51,Marketing,Executive,2019-11-25,1206986,5,No,Diploma,Married,6,No,2,Chennai
8655,Employee 8655,Female,21,Operations,Executive,2024-06-29,899872,2,No,Diploma,Single,1,No,4,Bengaluru
8656,Employee 8656,Female,28,IT,Manager,2021-02-04,564004,5,No,Master,Married,5,Yes,1,Delhi
8657,Employee 8657,Female,47,Finance,Associate,2015-02-25,660997,3,Yes,Master,Married,11,Yes,1,Ahmedabad
8658,Employee 8658,Male,22,Operations,Analyst,2023-01-28,1738313,4,No,Master,Married,2,No,3,Mumbai
8659,Employee 8659,Male,55,Marketing,Executive,2019-01-05,1310035,1,No,Diploma,Single,7,Yes,4,Ahmedabad
8660,Employee 8660,Male,47,Support,Engineer,2020-06-14,352403,1,Yes,Diploma,Married,6,Yes,3,Hyderabad
8661,Employee 8661,Female,40,IT,Specialist,2024-06-14,486058,5,No,Bachelor,Single,2,No,3,Mumbai
8662,Employee 8662,Female,29,IT,Associate,2018-12-26,835375,2,No,Master,Single,7,No,1,Chennai
8663,Employee 8663,Male,24,Support,Executive,2020-02-20,890775,1,No,Master,Married,4,No,1,Ahmedabad
8664,Employee 8664,Male,51,Sales,Manager,2023-10-22,1499598,5,No,Bachelor,Married,2,No,5,Bengaluru
8665,Employee 8665,Male,52,Finance,Executive,2023-09-19,1188710,1,No,Bachelor,Married,2,Yes,4,Bengaluru
8666,Employee 8666,Male,44,IT,Manager,2021-07-27,577224,2,No,Bachelor,Married,4,No,3,Chennai
8667,Employee 8667,Female,58,Support,Specialist,2021-01-03,603140,3,No,Diploma,Single,5,Yes,5,Hyderabad
8668,Employee 8668,Female,33,Operations,Executive,2021-10-04,1029149,2,No,Bachelor,Married,4,Yes,4,Bengaluru
8669,Employee 8669,Female,32,Sales,Manager,2019-07-10,1080604,2,No,Diploma,Single,6,Yes,4,Mumbai
8670,Employee 8670,Male,30,Marketing,Executive,2024-03-02,977641,1,No,Bachelor,Single,2,Yes,3,Delhi
8671,Employee 8671,Male,28,HR,Specialist,2025-07-12,1179056,2,No,Diploma,Married,0,Yes,1,Delhi
8672,Employee 8672,Male,46,Operations,Specialist,2025-01-26,1011495,1,No,Diploma,Single,1,No,1,Chennai
8673,Employee 8673,Male,41,Marketing,Analyst,2025-08-01,1597809,3,No,Master,Single,0,No,4,Pune
8674,Employee 8674,Male,22,Marketing,Manager,2025-06-03,691114,5,No,Diploma,Single,1,Yes,2,Pune
8675,Employee 8675,Female,36,Marketing,Engineer,2020-03-28,641955,5,No,Master,Married,6,No,1,Pune
8676,Employee 8676,Female,30,Sales,Executive,2025-04-18,1189216,5,No,Master,Single,1,Yes,5,Mumbai
8677,Employee 8677,Male,51,HR,Executive,2019-05-29,1119514,3,No,Bachelor,Single,7,Yes,2,Chennai
8678,Employee 8678,Male,52,Finance,Executive,2015-03-09,1360710,4,No,Diploma,Married,11,Yes,2,Delhi
8679,Employee 8679,Male,32,IT,Engineer,2019-04-08,824882,2,No,Diploma,Single,7,Yes,5,Pune
8680,Employee 8680,Male,60,Finance,Analyst,2019-01-02,1599220,5,No,Diploma,Married,7,Yes,5,Bengaluru
8681,Employee 8681,Male,23,IT,Manager,2021-11-02,1369540,5,No,Master,Single,3,Yes,3,Pune
8682,Employee 8682,Female,27,IT,Associate,2021-08-23,509368,5,No,Diploma,Married,4,No,4,Ahmedabad
8683,Employee 8683,Female,39,IT,Engineer,2022-01-27,1650446,3,No,Diploma,Single,4,Yes,5,Mumbai
8684,Employee 8684,Female,54,Support,Executive,2018-11-17,595190,5,No,Bachelor,Married,7,Yes,1,Mumbai
8685,Employee 8685,Male,31,Marketing,Manager,2022-09-21,1508316,1,Yes,Diploma,Single,3,Yes,2,Ahmedabad
8686,Employee 8686,Female,42,HR,Associate,2021-06-22,798510,1,No,Master,Single,5,Yes,2,Ahmedabad
8687,Employee 8687,Male,31,Operations,Engineer,2021-10-07,414298,5,No,Master,Married,4,No,2,Mumbai
8688,Employee 8688,Female,48,IT,Executive,2019-05-27,344491,2,No,Master,Single,7,Yes,5,Bengaluru
8689,Employee 8689,Female,47,Finance,Associate,2022-12-28,356130,4,No,Master,Single,3,No,2,Hyderabad
8690,Employee 8690,Male,32,Marketing,Executive,2025-06-20,1461804,2,Yes,Master,Married,1,Yes,3,Chennai
8691,Employee 8691,Female,41,Support,Manager,2021-02-13,1219912,1,No,Bachelor,Single,5,No,2,Ahmedabad
8692,Employee 8692,Female,58,Marketing,Associate,2016-12-09,1777270,1,No,Bachelor,Married,9,Yes,4,Pune
8693,Employee 8693,Male,43,Finance,Analyst,2015-08-23,1076328,3,Yes,Master,Single,10,Yes,5,Bengaluru
8694,Employee 8694,Female,36,Marketing,Associate,2019-06-14,1709443,2,No,Master,Single,7,No,4,Delhi
8695,Employee 8695,Male,45,IT,Analyst,2015-09-03,1294893,1,No,Diploma,Married,10,Yes,3,Hyderabad
8696,Employee 8696,Male,47,IT,Manager,2024-10-30,1013896,2,No,Master,Single,1,No,4,Ahmedabad
8697,Employee 8697,Male,30,Finance,Executive,2025-06-24,1719046,3,No,Diploma,Single,1,Yes,4,Delhi
8698,Employee 8698,Male,56,HR,Analyst,2022-10-23,590997,2,No,Master,Single,3,Yes,4,Delhi
8699,Employee 8699,Female,59,Marketing,Manager,2026-01-24,653398,3,No,Diploma,Single,0,Yes,4,Bengaluru
8700,Employee 8700,Female,26,Finance,Executive,2015-02-17,904646,3,No,Bachelor,Married,6,No,1,Pune
8701,Employee 8701,Male,55,Finance,Executive,2026-03-27,1568927,3,No,Bachelor,Single,0,Yes,4,Ahmedabad
8702,Employee 8702,Male,51,Support,Specialist,2018-07-10,259407,3,Yes,Diploma,Single,7,No,4,Delhi
8703,Employee 8703,Female,21,HR,Engineer,2016-08-14,902524,4,No,Bachelor,Single,1,No,3,Chennai
8704,Employee 8704,Female,29,Sales,Manager,2021-09-11,1364194,2,No,Master,Married,4,No,5,Hyderabad
8705,Employee 8705,Male,43,IT,Analyst,2016-04-20,424631,1,No,Master,Single,10,Yes,1,Ahmedabad
8706,Employee 8706,Male,59,Finance,Engineer,2018-11-06,1033722,5,No,Bachelor,Married,7,Yes,3,Chennai
8707,Employee 8707,Female,32,IT,Specialist,2021-05-27,1203714,2,No,Bachelor,Single,5,No,5,Delhi
8708,Employee 8708,Male,31,Marketing,Engineer,2022-06-23,692611,2,No,Master,Single,4,Yes,3,Ahmedabad
8709,Employee 8709,Female,33,Operations,Analyst,2021-02-13,801797,1,No,Bachelor,Married,5,Yes,1,Hyderabad
8710,Employee 8710,Male,37,Sales,Analyst,2020-02-21,1143148,5,No,Diploma,Single,6,Yes,2,Pune
8711,Employee 8711,Male,58,Marketing,Executive,2018-01-08,1619394,2,No,Bachelor,Married,8,Yes,4,Delhi
8712,Employee 8712,Male,26,IT,Analyst,2018-06-21,879374,5,Yes,Master,Single,6,No,3,Bengaluru
8713,Employee 8713,Male,46,IT,Executive,2016-04-11,1022902,5,No,Bachelor,Married,10,Yes,5,Ahmedabad
8714,Employee 8714,Male,23,Sales,Analyst,2023-08-14,967252,4,No,Bachelor,Married,2,Yes,1,Hyderabad
8715,Employee 8715,Female,42,IT,Executive,2021-02-18,1674412,4,No,Bachelor,Married,5,No,2,Bengaluru
8716,Employee 8716,Female,50,Support,Engineer,2016-04-29,353356,3,No,Master,Single,10,No,1,Bengaluru
8717,Employee 8717,Male,60,Finance,Analyst,2020-12-09,1449049,1,No,Diploma,Single,5,Yes,3,Chennai
8718,Employee 8718,Female,47,Operations,Specialist,2024-03-04,1649905,3,No,Diploma,Single,2,No,2,Hyderabad
8719,Employee 8719,Male,38,Support,Engineer,2026-05-28,587136,1,Yes,Diploma,Single,0,Yes,2,Delhi
8720,Employee 8720,Male,38,IT,Analyst,2018-02-12,505531,5,Yes,Diploma,Married,8,Yes,1,Pune
8721,Employee 8721,Male,59,Marketing,Engineer,2019-12-27,784840,2,No,Master,Married,6,No,4,Hyderabad
8722,Employee 8722,Male,26,Sales,Associate,2017-12-14,362040,4,No,Master,Single,6,No,1,Hyderabad
8723,Employee 8723,Male,27,Marketing,Manager,2019-11-13,1276302,3,No,Bachelor,Single,6,Yes,5,Chennai
8724,Employee 8724,Male,50,Operations,Specialist,2016-01-20,555350,1,No,Master,Married,10,No,2,Ahmedabad
8725,Employee 8725,Male,44,Support,Analyst,2024-07-23,257674,3,No,Diploma,Single,1,No,2,Chennai
8726,Employee 8726,Male,43,IT,Analyst,2016-09-01,301926,3,No,Master,Married,9,Yes,3,Bengaluru
8727,Employee 8727,Male,46,Finance,Engineer,2022-07-26,1260100,5,No,Master,Married,3,No,5,Chennai
8728,Employee 8728,Male,30,Finance,Analyst,2019-06-30,1280745,5,No,Bachelor,Single,7,No,1,Chennai
8729,Employee 8729,Female,22,IT,Specialist,2026-02-24,1601697,3,Yes,Bachelor,Single,0,No,4,Mumbai
8730,Employee 8730,Female,41,Sales,Engineer,2023-06-30,386988,1,Yes,Diploma,Married,3,No,4,Ahmedabad
8731,Employee 8731,Male,34,Sales,Specialist,2016-04-21,383958,2,Yes,Master,Married,10,Yes,4,Bengaluru
8732,Employee 8732,Female,46,Sales,Executive,2024-08-09,1798158,4,No,Diploma,Single,1,No,2,Hyderabad
8733,Employee 8733,Male,30,Marketing,Manager,2020-06-13,1544579,2,No,Diploma,Married,6,Yes,2,Delhi
8734,Employee 8734,Male,56,Operations,Associate,2015-02-27,501208,5,No,Master,Married,11,No,2,Ahmedabad
8735,Employee 8735,Male,45,HR,Manager,2016-06-04,965503,4,No,Bachelor,Single,10,No,2,Mumbai
8736,Employee 8736,Male,31,Operations,Analyst,2026-04-14,1738943,4,No,Bachelor,Married,0,Yes,2,Delhi
8737,Employee 8737,Male,39,Finance,Engineer,2021-11-28,1588709,4,No,Master,Single,4,No,3,Chennai
8738,Employee 8738,Male,33,Support,Executive,2025-07-04,468637,5,No,Master,Single,0,No,2,Hyderabad
8739,Employee 8739,Male,54,Operations,Specialist,2025-09-02,1559289,4,No,Diploma,Married,0,Yes,2,Chennai
8740,Employee 8740,Female,60,IT,Executive,2024-04-30,539032,1,No,Diploma,Married,2,Yes,3,Chennai
8741,Employee 8741,Female,22,Finance,Manager,2022-08-24,1400259,5,No,Diploma,Single,2,Yes,1,Hyderabad
8742,Employee 8742,Female,53,IT,Engineer,2026-04-06,269980,1,Yes,Bachelor,Married,0,Yes,5,Mumbai
8743,Employee 8743,Female,58,IT,Engineer,2024-01-23,1515457,4,No,Bachelor,Married,2,No,5,Pune
8744,Employee 8744,Male,39,HR,Associate,2015-10-26,837608,5,No,Bachelor,Single,10,No,4,Mumbai
8745,Employee 8745,Male,38,Marketing,Engineer,2025-11-26,1692054,2,No,Bachelor,Married,0,Yes,2,Pune
8746,Employee 8746,Male,36,Operations,Associate,2025-03-03,1565919,5,Yes,Diploma,Single,1,Yes,1,Delhi
8747,Employee 8747,Female,36,Marketing,Associate,2024-03-28,1594421,5,No,Bachelor,Married,2,No,5,Chennai
8748,Employee 8748,Female,39,Support,Associate,2022-01-06,1450566,3,No,Bachelor,Married,4,No,1,Chennai
8749,Employee 8749,Female,55,IT,Analyst,2021-02-11,287559,1,No,Bachelor,Married,5,Yes,3,Bengaluru
8750,Employee 8750,Female,59,Sales,Specialist,2017-12-04,1389382,2,No,Master,Married,8,No,2,Hyderabad
8751,Employee 8751,Female,46,Marketing,Analyst,2015-02-16,1251659,4,No,Master,Married,11,No,4,Chennai
8752,Employee 8752,Female,48,Marketing,Executive,2017-06-16,607014,4,Yes,Diploma,Single,9,No,2,Ahmedabad
8753,Employee 8753,Male,40,HR,Engineer,2026-02-07,994987,4,No,Master,Single,0,No,5,Delhi
8754,Employee 8754,Female,30,Sales,Analyst,2021-03-24,1454895,2,No,Master,Single,5,Yes,2,Delhi
8755,Employee 8755,Male,22,IT,Engineer,2025-09-23,1128469,5,No,Diploma,Single,0,No,1,Pune
8756,Employee 8756,Male,24,Sales,Analyst,2015-07-05,746739,4,No,Diploma,Single,4,Yes,1,Pune
8757,Employee 8757,Male,60,Sales,Executive,2024-12-30,254587,3,Yes,Master,Married,1,Yes,3,Delhi
8758,Employee 8758,Male,59,Sales,Associate,2023-11-02,1600201,1,No,Bachelor,Married,2,No,1,Chennai
8759,Employee 8759,Male,32,Marketing,Engineer,2017-07-13,1176581,3,No,Master,Married,8,No,1,Ahmedabad
8760,Employee 8760,Female,30,Finance,Executive,2021-11-10,506837,3,No,Master,Single,4,Yes,1,Chennai
8761,Employee 8761,Female,22,Support,Specialist,2020-12-11,1261339,1,No,Diploma,Single,2,Yes,5,Chennai
8762,Employee 8762,Male,51,HR,Manager,2017-02-18,1444854,4,No,Bachelor,Single,9,Yes,4,Delhi
8763,Employee 8763,Male,39,Operations,Engineer,2016-01-07,1674032,4,No,Master,Single,10,Yes,3,Bengaluru
8764,Employee 8764,Male,53,Support,Manager,2025-08-09,1189539,5,No,Master,Married,0,No,3,Bengaluru
8765,Employee 8765,Male,57,IT,Manager,2025-12-24,1627735,4,No,Diploma,Married,0,Yes,3,Ahmedabad
8766,Employee 8766,Female,44,IT,Analyst,2016-05-09,1746484,2,Yes,Diploma,Married,10,No,4,Bengaluru
8767,Employee 8767,Female,52,Sales,Associate,2021-09-02,1156991,4,No,Master,Married,4,Yes,4,Bengaluru
8768,Employee 8768,Male,25,Sales,Specialist,2017-10-17,569354,1,No,Master,Married,5,Yes,3,Bengaluru
8769,Employee 8769,Male,44,Finance,Manager,2016-04-14,1769859,4,Yes,Master,Married,10,Yes,1,Ahmedabad
8770,Employee 8770,Female,43,HR,Specialist,2024-03-18,1336125,4,No,Diploma,Single,2,Yes,1,Delhi
8771,Employee 8771,Female,50,Finance,Specialist,2025-12-10,654451,4,No,Bachelor,Married,0,No,2,Bengaluru
8772,Employee 8772,Female,38,IT,Executive,2019-02-14,1663415,3,No,Bachelor,Married,7,No,2,Delhi
8773,Employee 8773,Female,45,Support,Specialist,2023-08-08,997564,1,No,Diploma,Married,2,No,3,Mumbai
8774,Employee 8774,Male,27,Finance,Engineer,2023-05-26,760966,5,No,Bachelor,Married,3,Yes,1,Mumbai
8775,Employee 8775,Male,58,Operations,Associate,2017-05-07,900966,2,No,Master,Single,9,No,3,Chennai
8776,Employee 8776,Female,45,Sales,Specialist,2022-10-10,396619,1,No,Bachelor,Married,3,Yes,5,Hyderabad
8777,Employee 8777,Male,34,Operations,Manager,2025-03-23,1756829,5,No,Bachelor,Single,1,Yes,1,Ahmedabad
8778,Employee 8778,Female,44,Marketing,Engineer,2025-11-19,422667,4,No,Bachelor,Single,0,Yes,5,Chennai
8779,Employee 8779,Male,32,Support,Specialist,2017-01-21,942154,5,Yes,Bachelor,Single,9,Yes,5,Delhi
8780,Employee 8780,Female,29,Support,Analyst,2023-05-04,487217,1,No,Master,Married,3,No,2,Mumbai
8781,Employee 8781,Female,51,HR,Manager,2025-12-07,276555,4,No,Diploma,Single,0,Yes,2,Mumbai
8782,Employee 8782,Female,43,Finance,Manager,2019-09-26,859206,5,Yes,Master,Single,6,Yes,5,Delhi
8783,Employee 8783,Female,57,HR,Specialist,2022-02-09,1005750,5,No,Diploma,Married,4,No,5,Ahmedabad
8784,Employee 8784,Female,46,HR,Associate,2015-09-29,1701424,1,Yes,Bachelor,Single,10,No,1,Ahmedabad
8785,Employee 8785,Female,49,IT,Analyst,2018-11-06,811807,4,No,Master,Single,7,No,3,Delhi
8786,Employee 8786,Male,21,Finance,Manager,2017-04-09,1300530,2,No,Master,Married,1,Yes,5,Hyderabad
8787,Employee 8787,Male,53,IT,Manager,2016-09-10,501723,3,No,Bachelor,Single,9,No,3,Mumbai
8788,Employee 8788,Female,36,HR,Specialist,2017-03-15,1084868,1,No,Master,Single,9,Yes,4,Chennai
8789,Employee 8789,Male,24,Sales,Executive,2022-05-28,1541759,4,No,Bachelor,Single,4,No,1,Mumbai
8790,Employee 8790,Female,39,HR,Engineer,2022-08-17,945070,2,No,Diploma,Single,3,Yes,5,Hyderabad
8791,Employee 8791,Male,54,Marketing,Engineer,2023-03-12,1110947,4,No,Diploma,Married,3,Yes,4,Bengaluru
8792,Employee 8792,Male,27,IT,Specialist,2023-03-17,515978,3,No,Bachelor,Married,3,Yes,2,Delhi
8793,Employee 8793,Female,40,IT,Specialist,2023-03-28,1016885,2,No,Master,Married,3,Yes,4,Bengaluru
8794,Employee 8794,Female,53,Sales,Specialist,2021-12-30,1005186,1,No,Master,Single,4,Yes,2,Chennai
8795,Employee 8795,Female,24,Sales,Executive,2016-08-07,947044,2,No,Diploma,Married,4,Yes,5,Hyderabad
8796,Employee 8796,Male,53,Sales,Associate,2026-01-14,815738,2,No,Diploma,Married,0,No,4,Pune
8797,Employee 8797,Male,55,Operations,Analyst,2016-12-12,1157507,2,No,Master,Married,9,No,3,Mumbai
8798,Employee 8798,Female,27,Marketing,Analyst,2023-11-09,612293,3,No,Master,Married,2,Yes,1,Hyderabad
8799,Employee 8799,Male,38,Finance,Engineer,2025-07-18,1564915,2,No,Bachelor,Single,0,No,5,Delhi
8800,Employee 8800,Female,31,Support,Manager,2021-10-31,501009,5,No,Diploma,Single,4,No,4,Mumbai
8801,Employee 8801,Male,36,IT,Executive,2015-01-10,362491,4,No,Master,Married,11,No,1,Ahmedabad
8802,Employee 8802,Male,40,Operations,Manager,2015-07-21,1643116,3,No,Master,Single,10,No,2,Chennai
8803,Employee 8803,Female,48,Support,Analyst,2019-07-29,913774,4,Yes,Master,Married,6,Yes,1,Hyderabad
8804,Employee 8804,Male,31,Finance,Executive,2016-04-12,1061071,5,No,Diploma,Married,10,No,4,Pune
8805,Employee 8805,Male,60,Finance,Engineer,2016-06-26,1793522,5,No,Bachelor,Married,10,Yes,1,Hyderabad
8806,Employee 8806,Male,35,Sales,Manager,2026-01-25,327330,4,No,Master,Single,0,Yes,2,Pune
8807,Employee 8807,Female,48,Support,Analyst,2015-11-25,1793477,3,No,Diploma,Single,10,Yes,4,Hyderabad
8808,Employee 8808,Male,29,HR,Associate,2016-03-22,1564811,1,No,Bachelor,Married,9,No,2,Chennai
8809,Employee 8809,Male,49,Support,Executive,2023-06-07,1296179,1,No,Master,Married,3,No,1,Ahmedabad
8810,Employee 8810,Male,28,Operations,Specialist,2016-07-02,751146,4,No,Diploma,Single,8,No,4,Bengaluru
8811,Employee 8811,Female,36,Marketing,Analyst,2019-10-13,1226887,4,No,Master,Single,6,No,1,Pune
8812,Employee 8812,Female,33,HR,Executive,2019-01-07,1764058,1,No,Diploma,Married,7,Yes,1,Chennai
8813,Employee 8813,Male,34,Support,Analyst,2024-07-16,1085595,3,No,Bachelor,Married,1,Yes,3,Bengaluru
8814,Employee 8814,Male,28,Marketing,Associate,2016-06-28,1015705,4,No,Diploma,Married,8,No,1,Chennai
8815,Employee 8815,Male,39,HR,Specialist,2022-04-18,1141910,1,No,Diploma,Single,4,No,1,Delhi
8816,Employee 8816,Female,50,Marketing,Engineer,2022-05-31,779754,4,No,Bachelor,Single,4,No,5,Delhi
8817,Employee 8817,Female,22,HR,Analyst,2015-06-03,412514,4,No,Diploma,Married,2,No,2,Mumbai
8818,Employee 8818,Male,43,Support,Analyst,2019-12-25,263063,2,No,Bachelor,Married,6,No,4,Mumbai
8819,Employee 8819,Male,24,Support,Engineer,2016-12-28,607623,5,Yes,Bachelor,Married,4,Yes,3,Ahmedabad
8820,Employee 8820,Female,53,Sales,Engineer,2025-10-26,1343944,3,No,Bachelor,Single,0,Yes,1,Bengaluru
8821,Employee 8821,Female,29,Sales,Engineer,2022-05-29,1339867,3,No,Diploma,Married,4,No,5,Mumbai
8822,Employee 8822,Male,33,IT,Manager,2017-07-28,1083933,2,No,Bachelor,Single,8,No,1,Ahmedabad
8823,Employee 8823,Female,40,Operations,Analyst,2025-03-31,776580,5,No,Master,Married,1,Yes,5,Delhi
8824,Employee 8824,Female,28,Support,Associate,2018-02-20,482363,3,No,Master,Married,8,No,2,Mumbai
8825,Employee 8825,Male,45,Finance,Analyst,2019-03-30,1571254,1,No,Master,Married,7,Yes,2,Ahmedabad
8826,Employee 8826,Female,58,Marketing,Specialist,2024-12-24,1022587,4,No,Bachelor,Married,1,No,5,Bengaluru
8827,Employee 8827,Female,27,HR,Manager,2017-01-16,1037728,3,No,Bachelor,Married,7,No,3,Pune
8828,Employee 8828,Female,44,IT,Manager,2021-07-29,299188,4,No,Master,Single,4,No,4,Pune
8829,Employee 8829,Male,35,Support,Manager,2023-11-24,1043686,2,No,Master,Single,2,No,5,Chennai
8830,Employee 8830,Male,36,Operations,Engineer,2015-05-26,377870,3,No,Bachelor,Single,11,No,3,Pune
8831,Employee 8831,Male,21,Support,Specialist,2018-09-21,1426291,5,No,Diploma,Married,1,Yes,5,Hyderabad
8832,Employee 8832,Female,51,Support,Manager,2025-07-30,1371377,1,No,Diploma,Married,0,No,1,Delhi
8833,Employee 8833,Female,31,Marketing,Analyst,2021-02-01,1510297,1,No,Master,Single,5,No,2,Delhi
8834,Employee 8834,Female,51,Finance,Engineer,2019-07-09,362134,2,No,Master,Married,6,Yes,4,Delhi
8835,Employee 8835,Female,23,IT,Specialist,2024-02-02,1660988,2,No,Bachelor,Married,2,No,4,Mumbai
8836,Employee 8836,Male,34,Support,Specialist,2016-03-28,967696,5,No,Master,Married,10,Yes,2,Bengaluru
8837,Employee 8837,Male,39,IT,Specialist,2015-07-04,1334293,2,No,Diploma,Single,11,No,4,Mumbai
8838,Employee 8838,Male,43,IT,Analyst,2017-04-17,1380959,1,No,Diploma,Single,9,Yes,2,Delhi
8839,Employee 8839,Male,23,Marketing,Specialist,2021-03-26,660885,1,No,Master,Single,3,Yes,3,Hyderabad
8840,Employee 8840,Male,42,Marketing,Specialist,2021-02-02,354583,3,No,Bachelor,Single,5,Yes,3,Mumbai
8841,Employee 8841,Male,51,HR,Executive,2026-01-19,489168,4,No,Bachelor,Married,0,No,5,Chennai
8842,Employee 8842,Female,46,Operations,Manager,2022-02-24,1114091,3,No,Master,Married,4,No,1,Mumbai
8843,Employee 8843,Male,44,Sales,Engineer,2019-11-20,926820,4,No,Master,Single,6,No,4,Bengaluru
8844,Employee 8844,Female,48,HR,Manager,2016-06-07,893707,2,Yes,Master,Married,10,Yes,4,Ahmedabad
8845,Employee 8845,Female,45,IT,Analyst,2024-12-08,1402405,3,No,Bachelor,Single,1,No,1,Pune
8846,Employee 8846,Female,48,Sales,Analyst,2016-10-17,509717,4,No,Bachelor,Single,9,No,1,Ahmedabad
8847,Employee 8847,Male,40,Marketing,Specialist,2019-05-24,1182876,3,No,Master,Single,7,No,1,Mumbai
8848,Employee 8848,Female,39,Sales,Executive,2023-12-09,419032,4,No,Bachelor,Single,2,No,3,Mumbai
8849,Employee 8849,Female,48,Sales,Associate,2019-09-10,1175350,3,No,Master,Single,6,Yes,2,Pune
8850,Employee 8850,Male,24,Support,Associate,2017-08-12,842572,2,No,Bachelor,Married,4,No,4,Ahmedabad
8851,Employee 8851,Male,48,Marketing,Analyst,2020-05-08,1128296,4,No,Master,Married,6,Yes,5,Pune
8852,Employee 8852,Male,22,Support,Executive,2022-06-09,269209,1,No,Bachelor,Single,2,No,5,Chennai
8853,Employee 8853,Female,54,Marketing,Associate,2023-09-27,1701175,3,No,Diploma,Married,2,Yes,4,Ahmedabad
8854,Employee 8854,Female,54,Support,Manager,2019-01-04,1406051,2,No,Bachelor,Married,7,Yes,3,Delhi
8855,Employee 8855,Male,27,Sales,Executive,2015-03-21,1479144,5,Yes,Diploma,Single,7,No,2,Ahmedabad
8856,Employee 8856,Female,27,IT,Manager,2022-10-19,1394479,1,No,Master,Married,3,No,3,Hyderabad
8857,Employee 8857,Male,56,Operations,Analyst,2024-05-18,721087,4,No,Diploma,Single,2,No,3,Ahmedabad
8858,Employee 8858,Male,39,HR,Specialist,2024-01-29,336269,2,Yes,Diploma,Married,2,No,5,Bengaluru
8859,Employee 8859,Female,50,Marketing,Engineer,2024-02-19,1023469,2,No,Bachelor,Married,2,Yes,5,Mumbai
8860,Employee 8860,Male,46,IT,Manager,2016-09-30,686256,5,Yes,Bachelor,Single,9,No,3,Ahmedabad
8861,Employee 8861,Female,59,IT,Manager,2015-01-04,1719578,2,No,Bachelor,Single,11,No,1,Delhi
8862,Employee 8862,Male,50,HR,Analyst,2024-11-20,919869,5,No,Master,Single,1,Yes,2,Mumbai
8863,Employee 8863,Male,44,IT,Specialist,2023-03-30,1541784,3,Yes,Master,Single,3,No,5,Ahmedabad
8864,Employee 8864,Female,55,IT,Analyst,2024-02-20,332868,1,No,Master,Single,2,Yes,5,Pune
8865,Employee 8865,Male,32,IT,Executive,2017-02-23,710921,2,No,Master,Married,9,Yes,3,Chennai
8866,Employee 8866,Female,48,IT,Manager,2020-06-30,1215288,5,Yes,Diploma,Single,6,No,3,Mumbai
8867,Employee 8867,Male,24,Operations,Manager,2019-11-20,1733396,1,Yes,Master,Single,4,Yes,1,Hyderabad
8868,Employee 8868,Female,22,Marketing,Associate,2021-07-08,706792,2,No,Bachelor,Married,2,No,3,Pune
8869,Employee 8869,Male,45,Support,Executive,2025-01-01,557946,4,No,Bachelor,Married,1,No,3,Bengaluru
8870,Employee 8870,Female,54,Marketing,Engineer,2021-12-23,1073695,2,Yes,Diploma,Married,4,No,5,Bengaluru
8871,Employee 8871,Male,41,Support,Executive,2019-09-17,1364635,4,No,Master,Single,6,Yes,4,Pune
8872,Employee 8872,Female,33,Sales,Associate,2017-07-19,1025563,2,No,Bachelor,Married,8,Yes,1,Delhi
8873,Employee 8873,Male,28,Sales,Manager,2015-03-18,1690243,2,No,Bachelor,Single,8,No,3,Mumbai
8874,Employee 8874,Female,57,Finance,Manager,2022-11-26,1533717,5,No,Master,Married,3,Yes,5,Mumbai
8875,Employee 8875,Male,42,IT,Engineer,2025-06-12,822310,5,No,Bachelor,Single,1,No,4,Chennai
8876,Employee 8876,Male,40,Finance,Associate,2016-04-21,641989,2,No,Diploma,Married,10,Yes,5,Delhi
8877,Employee 8877,Female,39,HR,Executive,2024-11-26,1331728,2,No,Master,Married,1,Yes,2,Mumbai
8878,Employee 8878,Female,39,IT,Associate,2015-10-13,542954,4,No,Master,Single,10,No,5,Pune
8879,Employee 8879,Male,54,Support,Associate,2015-04-26,1184283,1,No,Master,Married,11,No,3,Ahmedabad
8880,Employee 8880,Female,32,Support,Manager,2018-11-14,1727050,3,No,Master,Married,7,No,5,Mumbai
8881,Employee 8881,Female,29,Sales,Executive,2022-05-17,1438286,4,No,Diploma,Single,4,No,1,Mumbai
8882,Employee 8882,Female,55,Sales,Manager,2019-07-11,1107438,1,No,Diploma,Married,6,No,4,Delhi
8883,Employee 8883,Male,49,HR,Manager,2016-08-16,1685806,3,Yes,Master,Married,9,Yes,2,Mumbai
8884,Employee 8884,Male,29,Finance,Associate,2023-01-08,1682328,2,Yes,Diploma,Single,3,No,3,Mumbai
8885,Employee 8885,Male,47,IT,Analyst,2024-12-02,953473,1,No,Diploma,Married,1,Yes,2,Pune
8886,Employee 8886,Male,45,Sales,Specialist,2024-02-09,859345,2,No,Bachelor,Single,2,Yes,1,Chennai
8887,Employee 8887,Male,42,Sales,Executive,2020-06-20,823997,5,No,Diploma,Single,6,No,2,Delhi
8888,Employee 8888,Male,41,HR,Analyst,2015-11-12,567349,3,Yes,Diploma,Single,10,No,5,Bengaluru
8889,Employee 8889,Female,35,Marketing,Manager,2019-02-05,330693,4,No,Bachelor,Single,7,Yes,1,Mumbai
8890,Employee 8890,Female,51,Marketing,Analyst,2019-04-30,1731267,3,No,Bachelor,Married,7,No,1,Ahmedabad
8891,Employee 8891,Male,57,Finance,Executive,2017-05-16,1337330,3,No,Master,Married,9,No,1,Ahmedabad
8892,Employee 8892,Female,36,Finance,Manager,2015-08-09,849765,3,Yes,Bachelor,Married,10,Yes,5,Ahmedabad
8893,Employee 8893,Female,38,Operations,Analyst,2018-07-22,741568,3,No,Bachelor,Single,7,Yes,5,Pune
8894,Employee 8894,Male,39,Marketing,Executive,2015-09-19,938083,4,No,Master,Single,10,Yes,2,Hyderabad
8895,Employee 8895,Male,34,Sales,Manager,2024-11-05,1599918,2,No,Master,Married,1,No,3,Mumbai
8896,Employee 8896,Male,28,Finance,Manager,2026-04-14,1741346,1,No,Bachelor,Single,0,Yes,1,Chennai
8897,Employee 8897,Female,39,HR,Manager,2022-06-07,1463766,1,No,Diploma,Single,4,Yes,5,Mumbai
8898,Employee 8898,Male,52,Finance,Specialist,2016-09-25,660580,2,No,Diploma,Married,9,No,5,Mumbai
8899,Employee 8899,Male,52,HR,Associate,2021-02-08,545649,1,No,Diploma,Married,5,No,2,Mumbai
8900,Employee 8900,Female,34,Finance,Executive,2019-06-06,1010287,4,Yes,Bachelor,Single,7,Yes,2,Ahmedabad
8901,Employee 8901,Female,30,HR,Analyst,2023-03-26,397634,1,No,Master,Married,3,No,4,Bengaluru
8902,Employee 8902,Female,52,Support,Associate,2020-05-27,1500870,1,No,Bachelor,Married,6,No,1,Mumbai
8903,Employee 8903,Female,55,Support,Associate,2023-12-23,389413,1,No,Bachelor,Married,2,No,3,Chennai
8904,Employee 8904,Male,24,Marketing,Specialist,2025-08-22,997245,3,No,Diploma,Married,0,Yes,2,Mumbai
8905,Employee 8905,Male,31,Marketing,Engineer,2017-05-03,839902,3,No,Bachelor,Married,9,Yes,5,Mumbai
8906,Employee 8906,Female,56,HR,Associate,2023-06-14,1011368,5,No,Diploma,Married,3,No,4,Chennai
8907,Employee 8907,Male,24,HR,Associate,2025-04-17,940633,5,No,Bachelor,Married,1,Yes,5,Pune
8908,Employee 8908,Male,30,Marketing,Manager,2019-05-18,573034,5,No,Master,Married,7,Yes,5,Hyderabad
8909,Employee 8909,Male,24,Sales,Analyst,2024-07-13,299174,4,Yes,Master,Single,1,Yes,4,Pune
8910,Employee 8910,Female,21,IT,Executive,2021-06-02,869017,4,No,Bachelor,Single,1,No,4,Mumbai
8911,Employee 8911,Female,46,Finance,Engineer,2019-01-21,1792416,2,No,Bachelor,Single,7,No,1,Ahmedabad
8912,Employee 8912,Male,30,Support,Engineer,2017-02-09,479231,3,No,Master,Single,9,No,2,Bengaluru
8913,Employee 8913,Female,35,Sales,Analyst,2020-10-21,1705584,3,No,Bachelor,Single,5,Yes,2,Ahmedabad
8914,Employee 8914,Female,23,Sales,Analyst,2023-06-03,812794,3,No,Diploma,Single,3,Yes,4,Pune
8915,Employee 8915,Male,23,Operations,Analyst,2023-08-18,1673773,4,No,Bachelor,Single,2,No,5,Pune
8916,Employee 8916,Female,51,IT,Associate,2015-04-07,800948,1,Yes,Master,Married,11,Yes,4,Chennai
8917,Employee 8917,Male,59,Marketing,Analyst,2023-04-01,543917,2,No,Bachelor,Married,3,No,5,Bengaluru
8918,Employee 8918,Male,34,HR,Analyst,2022-04-14,852794,5,No,Diploma,Married,4,No,2,Hyderabad
8919,Employee 8919,Female,42,Operations,Executive,2017-02-22,969649,3,No,Master,Married,9,No,4,Delhi
8920,Employee 8920,Female,37,HR,Engineer,2015-08-04,268235,2,No,Bachelor,Married,10,Yes,3,Chennai
8921,Employee 8921,Male,34,IT,Engineer,2026-01-14,810616,4,No,Master,Married,0,No,1,Ahmedabad
8922,Employee 8922,Male,21,Operations,Manager,2021-05-17,1490521,5,No,Master,Married,1,Yes,3,Mumbai
8923,Employee 8923,Male,31,Support,Engineer,2015-09-09,314044,5,No,Master,Married,10,No,1,Delhi
8924,Employee 8924,Male,46,Support,Specialist,2021-09-17,816176,3,No,Master,Married,4,Yes,5,Delhi
8925,Employee 8925,Male,33,Support,Specialist,2015-03-08,626134,2,No,Diploma,Married,11,No,2,Chennai
8926,Employee 8926,Female,31,IT,Executive,2017-06-20,359103,5,No,Diploma,Married,9,Yes,5,Delhi
8927,Employee 8927,Male,44,Sales,Specialist,2023-01-02,818496,4,Yes,Bachelor,Single,3,Yes,5,Bengaluru
8928,Employee 8928,Male,24,Marketing,Specialist,2019-02-09,437266,3,No,Master,Single,4,No,4,Hyderabad
8929,Employee 8929,Female,44,IT,Specialist,2022-07-09,1567786,4,No,Diploma,Single,3,Yes,5,Mumbai
8930,Employee 8930,Female,47,Marketing,Analyst,2024-07-10,1687243,3,No,Bachelor,Single,1,No,2,Pune
8931,Employee 8931,Male,32,Operations,Manager,2024-11-01,1363484,5,No,Master,Married,1,Yes,5,Bengaluru
8932,Employee 8932,Female,22,Sales,Analyst,2024-11-25,1345890,4,No,Diploma,Single,1,Yes,2,Delhi
8933,Employee 8933,Female,51,HR,Specialist,2017-05-12,987393,1,No,Diploma,Single,9,Yes,5,Bengaluru
8934,Employee 8934,Male,49,IT,Executive,2021-06-30,1366374,3,No,Bachelor,Married,5,Yes,5,Hyderabad
8935,Employee 8935,Female,58,IT,Analyst,2015-06-14,1404074,4,No,Bachelor,Married,11,Yes,2,Hyderabad
8936,Employee 8936,Male,28,HR,Specialist,2018-10-02,1105302,5,No,Bachelor,Single,7,No,5,Ahmedabad
8937,Employee 8937,Female,31,HR,Specialist,2015-10-12,1626409,3,Yes,Diploma,Single,10,No,3,Bengaluru
8938,Employee 8938,Female,36,Support,Associate,2021-04-05,1533370,2,No,Master,Married,5,No,2,Ahmedabad
8939,Employee 8939,Male,49,HR,Engineer,2020-06-17,861815,5,No,Diploma,Single,6,No,5,Chennai
8940,Employee 8940,Female,52,Operations,Analyst,2024-01-07,1610558,1,No,Diploma,Single,2,No,1,Mumbai
8941,Employee 8941,Female,52,Operations,Engineer,2022-11-01,1128558,5,Yes,Master,Married,3,No,2,Hyderabad
8942,Employee 8942,Male,29,Sales,Engineer,2019-10-08,958752,2,No,Diploma,Single,6,No,5,Hyderabad
8943,Employee 8943,Female,22,HR,Specialist,2015-04-10,1737525,5,No,Diploma,Single,2,No,4,Chennai
8944,Employee 8944,Female,57,HR,Analyst,2015-08-31,739583,4,No,Diploma,Single,10,No,4,Delhi
8945,Employee 8945,Female,52,Support,Analyst,2018-07-26,268787,2,No,Diploma,Married,7,Yes,2,Ahmedabad
8946,Employee 8946,Male,36,Finance,Associate,2022-01-08,1680247,2,No,Master,Married,4,Yes,2,Hyderabad
8947,Employee 8947,Female,36,Support,Associate,2021-12-05,1178615,4,No,Diploma,Single,4,No,2,Mumbai
8948,Employee 8948,Female,56,Sales,Executive,2020-08-20,1633583,3,No,Diploma,Single,5,No,5,Pune
8949,Employee 8949,Male,30,Marketing,Executive,2022-01-13,321243,3,No,Master,Married,4,No,2,Hyderabad
8950,Employee 8950,Male,22,HR,Specialist,2017-08-03,710228,1,No,Diploma,Single,2,No,3,Delhi
8951,Employee 8951,Female,52,Support,Executive,2016-09-27,1731658,5,No,Master,Married,9,Yes,2,Chennai
8952,Employee 8952,Female,55,IT,Specialist,2016-10-02,316177,1,No,Master,Single,9,Yes,1,Bengaluru
8953,Employee 8953,Male,36,Operations,Specialist,2020-03-20,1245263,3,Yes,Diploma,Single,6,No,3,Ahmedabad
8954,Employee 8954,Male,32,Marketing,Engineer,2025-09-26,1560261,4,No,Diploma,Single,0,No,2,Ahmedabad
8955,Employee 8955,Male,29,Support,Analyst,2016-06-23,786867,3,Yes,Diploma,Married,9,Yes,1,Bengaluru
8956,Employee 8956,Female,40,Sales,Analyst,2019-05-31,371589,4,No,Bachelor,Married,7,Yes,2,Bengaluru
8957,Employee 8957,Female,57,HR,Specialist,2021-06-27,500799,5,Yes,Master,Married,5,No,4,Pune
8958,Employee 8958,Male,27,IT,Specialist,2024-11-07,1418774,2,No,Diploma,Single,1,No,2,Bengaluru
8959,Employee 8959,Male,56,Support,Manager,2015-01-31,1338961,4,No,Bachelor,Married,11,No,4,Bengaluru
8960,Employee 8960,Female,39,Sales,Analyst,2024-10-20,499697,1,No,Master,Married,1,No,2,Pune
8961,Employee 8961,Male,25,Finance,Analyst,2025-10-26,1610960,2,No,Bachelor,Married,0,Yes,2,Hyderabad
8962,Employee 8962,Male,53,Operations,Manager,2025-09-12,1658979,3,No,Master,Married,0,No,1,Hyderabad
8963,Employee 8963,Male,24,HR,Executive,2016-02-12,1268851,5,Yes,Bachelor,Married,4,Yes,3,Mumbai
8964,Employee 8964,Male,49,HR,Engineer,2021-03-03,1683442,4,No,Diploma,Single,5,No,3,Pune
8965,Employee 8965,Male,43,Marketing,Associate,2018-08-12,1562291,3,No,Diploma,Single,7,Yes,2,Mumbai
8966,Employee 8966,Female,41,Finance,Specialist,2018-03-29,844516,1,No,Bachelor,Single,8,Yes,3,Pune
8967,Employee 8967,Female,57,Operations,Executive,2019-03-17,1680439,5,No,Bachelor,Married,7,Yes,3,Ahmedabad
8968,Employee 8968,Male,42,IT,Associate,2023-01-15,477960,1,No,Bachelor,Married,3,No,5,Bengaluru
8969,Employee 8969,Female,35,Operations,Analyst,2020-12-06,318070,3,Yes,Bachelor,Married,5,Yes,4,Hyderabad
8970,Employee 8970,Male,38,Sales,Manager,2026-04-01,835275,2,No,Diploma,Single,0,No,3,Mumbai
8971,Employee 8971,Male,50,Finance,Executive,2019-08-08,1442773,2,No,Master,Married,6,No,1,Hyderabad
8972,Employee 8972,Male,21,HR,Manager,2022-03-05,297403,1,Yes,Master,Married,1,No,2,Delhi
8973,Employee 8973,Female,40,Operations,Manager,2024-05-07,1068567,4,No,Master,Married,2,Yes,1,Ahmedabad
8974,Employee 8974,Female,28,IT,Executive,2018-06-27,1484254,5,No,Master,Married,8,Yes,5,Delhi
8975,Employee 8975,Female,49,Support,Engineer,2024-04-26,815229,4,No,Master,Married,2,Yes,3,Delhi
8976,Employee 8976,Female,27,Sales,Analyst,2015-01-11,1594886,4,Yes,Diploma,Single,7,Yes,5,Delhi
8977,Employee 8977,Male,50,Support,Associate,2021-05-30,1704794,2,No,Bachelor,Married,5,Yes,4,Ahmedabad
8978,Employee 8978,Male,60,Marketing,Analyst,2017-11-14,696645,4,No,Bachelor,Married,8,Yes,4,Chennai
8979,Employee 8979,Female,34,Marketing,Executive,2016-10-01,789926,4,No,Bachelor,Single,9,Yes,5,Delhi
8980,Employee 8980,Female,34,Marketing,Analyst,2025-09-07,655262,3,No,Diploma,Married,0,Yes,1,Chennai
8981,Employee 8981,Female,37,Support,Associate,2017-05-22,1218430,1,No,Diploma,Single,9,Yes,5,Ahmedabad
8982,Employee 8982,Female,25,IT,Analyst,2017-04-02,1553004,1,No,Diploma,Married,5,Yes,5,Delhi
8983,Employee 8983,Female,26,Marketing,Manager,2018-09-25,388020,4,No,Bachelor,Married,6,No,5,Pune
8984,Employee 8984,Male,27,Finance,Engineer,2023-12-24,940136,2,No,Diploma,Single,2,Yes,5,Hyderabad
8985,Employee 8985,Male,37,IT,Engineer,2017-11-22,1391165,4,No,Bachelor,Single,8,No,1,Delhi
8986,Employee 8986,Female,40,Marketing,Executive,2015-04-27,540404,3,No,Diploma,Single,11,No,3,Mumbai
8987,Employee 8987,Male,28,IT,Engineer,2020-09-25,966460,1,No,Bachelor,Married,5,No,1,Ahmedabad
8988,Employee 8988,Female,53,Operations,Specialist,2025-02-08,1363042,3,No,Master,Married,1,Yes,3,Hyderabad
8989,Employee 8989,Male,44,HR,Associate,2021-10-11,625649,5,No,Master,Married,4,No,1,Pune
8990,Employee 8990,Female,21,Support,Associate,2018-11-30,1217727,3,Yes,Bachelor,Married,1,No,2,Ahmedabad
8991,Employee 8991,Male,31,Sales,Manager,2025-03-27,576896,3,No,Master,Single,1,No,1,Mumbai
8992,Employee 8992,Male,45,Operations,Engineer,2026-01-08,1266187,3,No,Bachelor,Single,0,Yes,2,Chennai
8993,Employee 8993,Male,41,Operations,Engineer,2019-11-30,1323295,3,No,Diploma,Married,6,No,1,Bengaluru
8994,Employee 8994,Female,25,Finance,Engineer,2023-07-22,696160,1,No,Bachelor,Single,2,Yes,4,Ahmedabad
8995,Employee 8995,Female,30,Sales,Specialist,2023-01-12,1779762,4,No,Bachelor,Married,3,No,1,Delhi
8996,Employee 8996,Male,37,Sales,Analyst,2017-05-28,998491,4,No,Diploma,Married,9,No,5,Hyderabad
8997,Employee 8997,Male,51,IT,Associate,2021-01-14,1315214,1,No,Diploma,Single,5,No,1,Delhi
8998,Employee 8998,Male,21,Finance,Executive,2019-12-21,264745,1,Yes,Bachelor,Single,1,No,1,Bengaluru
8999,Employee 8999,Male,33,HR,Analyst,2017-07-22,1012234,5,No,Master,Married,8,No,2,Chennai
9000,Employee 9000,Female,47,HR,Executive,2015-02-16,995539,3,No,Master,Married,11,No,2,Chennai
9001,Employee 9001,Female,60,IT,Associate,2024-02-16,666809,1,No,Diploma,Single,2,Yes,2,Hyderabad
9002,Employee 9002,Male,39,Finance,Manager,2022-02-09,1336296,3,No,Bachelor,Married,4,No,1,Pune
9003,Employee 9003,Male,40,Marketing,Executive,2022-03-23,968914,3,No,Bachelor,Married,4,Yes,5,Delhi
9004,Employee 9004,Male,28,Support,Engineer,2019-06-15,984553,3,No,Master,Single,7,No,1,Mumbai
9005,Employee 9005,Male,55,Marketing,Executive,2020-02-14,838902,4,No,Master,Single,6,Yes,5,Pune
9006,Employee 9006,Female,55,Operations,Executive,2021-06-18,656478,2,No,Diploma,Single,5,No,3,Ahmedabad
9007,Employee 9007,Female,57,Sales,Engineer,2016-02-08,1696416,2,No,Diploma,Single,10,No,4,Pune
9008,Employee 9008,Male,27,Marketing,Manager,2018-07-14,687185,3,No,Master,Married,7,Yes,5,Ahmedabad
9009,Employee 9009,Female,33,Marketing,Manager,2024-12-01,854048,4,No,Bachelor,Married,1,No,5,Ahmedabad
9010,Employee 9010,Male,31,IT,Executive,2015-09-06,757260,2,No,Bachelor,Married,10,No,1,Chennai
9011,Employee 9011,Female,46,Marketing,Specialist,2017-09-29,573204,5,No,Bachelor,Single,8,Yes,4,Chennai
9012,Employee 9012,Female,36,HR,Executive,2022-10-15,839075,5,No,Diploma,Single,3,Yes,1,Delhi
9013,Employee 9013,Female,25,Support,Specialist,2015-11-17,331432,5,No,Master,Single,5,Yes,3,Chennai
9014,Employee 9014,Female,50,Support,Executive,2025-03-20,1789160,1,No,Master,Married,1,No,1,Pune
9015,Employee 9015,Female,46,Finance,Analyst,2019-07-18,1066898,5,No,Master,Married,6,No,5,Pune
9016,Employee 9016,Male,55,Operations,Executive,2023-08-12,1586447,4,Yes,Diploma,Single,2,Yes,2,Delhi
9017,Employee 9017,Female,56,IT,Associate,2023-10-01,526829,2,No,Bachelor,Married,2,Yes,5,Chennai
9018,Employee 9018,Female,53,Support,Manager,2024-07-24,1711804,4,Yes,Bachelor,Single,1,Yes,4,Delhi
9019,Employee 9019,Male,51,Finance,Analyst,2023-08-15,1537711,2,Yes,Diploma,Married,2,No,1,Chennai
9020,Employee 9020,Male,31,Finance,Analyst,2020-03-13,802811,3,No,Master,Single,6,No,2,Ahmedabad
9021,Employee 9021,Female,60,Support,Manager,2020-11-12,1270718,1,Yes,Master,Married,5,No,3,Chennai
9022,Employee 9022,Female,28,IT,Specialist,2021-05-19,523221,1,No,Diploma,Single,5,No,4,Chennai
9023,Employee 9023,Male,21,Marketing,Manager,2025-02-23,565436,4,Yes,Master,Married,1,No,4,Delhi
9024,Employee 9024,Male,22,Marketing,Executive,2023-08-27,1758059,5,No,Diploma,Married,2,No,4,Ahmedabad
9025,Employee 9025,Male,23,IT,Specialist,2019-10-22,321620,1,No,Master,Single,3,No,1,Bengaluru
9026,Employee 9026,Female,37,Sales,Associate,2019-11-22,1297639,5,No,Bachelor,Married,6,No,1,Mumbai
9027,Employee 9027,Male,51,Support,Manager,2020-06-08,280276,2,No,Diploma,Single,6,Yes,2,Pune
9028,Employee 9028,Female,30,Support,Manager,2022-10-12,674677,1,No,Bachelor,Married,3,No,2,Delhi
9029,Employee 9029,Female,23,Finance,Engineer,2026-04-01,907417,3,No,Master,Single,0,No,1,Mumbai
9030,Employee 9030,Female,42,Operations,Executive,2023-07-13,275355,4,No,Master,Married,2,No,2,Delhi
9031,Employee 9031,Female,23,Finance,Engineer,2020-06-29,455334,2,Yes,Master,Single,3,Yes,3,Ahmedabad
9032,Employee 9032,Male,55,Support,Associate,2025-07-23,1281666,1,No,Bachelor,Married,0,Yes,3,Pune
9033,Employee 9033,Female,50,Sales,Executive,2018-11-05,1033941,2,No,Bachelor,Married,7,No,4,Delhi
9034,Employee 9034,Male,55,Marketing,Engineer,2020-09-10,1497495,4,No,Master,Married,5,No,3,Chennai
9035,Employee 9035,Male,51,HR,Specialist,2024-01-15,356490,2,No,Diploma,Single,2,Yes,2,Bengaluru
9036,Employee 9036,Female,45,Operations,Analyst,2018-03-09,276155,3,Yes,Diploma,Single,8,Yes,5,Bengaluru
9037,Employee 9037,Female,50,IT,Analyst,2018-11-26,1190685,2,No,Diploma,Married,7,Yes,2,Delhi
9038,Employee 9038,Female,59,Sales,Specialist,2022-08-08,308112,4,No,Master,Married,3,Yes,5,Bengaluru
9039,Employee 9039,Female,56,Operations,Manager,2022-07-22,931683,3,Yes,Bachelor,Single,3,Yes,1,Delhi
9040,Employee 9040,Male,30,Operations,Associate,2023-08-09,926959,1,No,Bachelor,Single,2,No,4,Bengaluru
9041,Employee 9041,Male,32,HR,Specialist,2023-05-09,451501,2,No,Diploma,Married,3,No,4,Ahmedabad
9042,Employee 9042,Male,33,Support,Specialist,2020-09-05,1682019,4,No,Master,Married,5,No,2,Pune
9043,Employee 9043,Male,43,HR,Executive,2018-11-24,1341392,1,No,Bachelor,Single,7,Yes,1,Hyderabad
9044,Employee 9044,Female,35,HR,Analyst,2019-11-29,1150052,5,No,Diploma,Single,6,No,2,Bengaluru
9045,Employee 9045,Female,30,Operations,Engineer,2025-07-27,1463043,1,No,Bachelor,Married,0,Yes,4,Pune
9046,Employee 9046,Male,44,Finance,Analyst,2022-10-27,485166,1,No,Master,Married,3,No,4,Pune
9047,Employee 9047,Male,36,Sales,Engineer,2019-10-23,889554,5,No,Master,Single,6,No,2,Mumbai
9048,Employee 9048,Male,30,Finance,Engineer,2025-12-08,1256370,1,Yes,Master,Married,0,Yes,4,Pune
9049,Employee 9049,Male,35,Operations,Engineer,2022-12-14,1642332,4,Yes,Diploma,Married,3,No,5,Pune
9050,Employee 9050,Male,28,Marketing,Executive,2023-01-01,1233155,2,No,Master,Married,3,Yes,5,Mumbai
9051,Employee 9051,Female,42,Finance,Analyst,2019-06-15,1145014,3,No,Master,Single,7,No,1,Ahmedabad
9052,Employee 9052,Female,28,HR,Executive,2026-06-16,300776,4,No,Diploma,Single,0,No,4,Mumbai
9053,Employee 9053,Male,55,Sales,Analyst,2022-02-10,451593,1,No,Diploma,Single,4,No,3,Delhi
9054,Employee 9054,Female,41,Support,Engineer,2019-07-16,608625,2,No,Diploma,Single,6,No,2,Bengaluru
9055,Employee 9055,Male,60,Sales,Executive,2019-09-11,364273,1,No,Bachelor,Married,6,Yes,1,Bengaluru
9056,Employee 9056,Male,43,Finance,Specialist,2024-04-09,683271,2,Yes,Bachelor,Single,2,Yes,2,Pune
9057,Employee 9057,Female,27,IT,Engineer,2025-06-18,1643323,5,No,Bachelor,Single,1,No,5,Bengaluru
9058,Employee 9058,Male,38,Support,Specialist,2025-10-11,1796024,1,Yes,Master,Married,0,No,4,Delhi
9059,Employee 9059,Male,31,Marketing,Specialist,2019-09-22,835092,1,No,Bachelor,Single,6,No,5,Chennai
9060,Employee 9060,Female,49,Operations,Specialist,2015-03-05,1139625,3,No,Diploma,Married,11,Yes,5,Bengaluru
9061,Employee 9061,Female,59,Support,Executive,2015-01-19,252760,3,No,Diploma,Married,11,No,5,Chennai
9062,Employee 9062,Male,57,Support,Analyst,2020-08-21,796307,4,No,Diploma,Married,5,No,5,Bengaluru
9063,Employee 9063,Male,42,IT,Executive,2026-01-22,525283,4,Yes,Bachelor,Married,0,Yes,2,Delhi
9064,Employee 9064,Female,31,Support,Executive,2015-01-04,867550,2,No,Bachelor,Single,11,No,5,Mumbai
9065,Employee 9065,Male,42,Support,Manager,2015-10-01,1084494,3,No,Master,Married,10,Yes,4,Ahmedabad
9066,Employee 9066,Male,53,HR,Associate,2025-11-19,1204154,5,No,Bachelor,Single,0,No,5,Chennai
9067,Employee 9067,Female,32,HR,Manager,2022-06-04,1468991,2,No,Bachelor,Single,4,No,5,Delhi
9068,Employee 9068,Female,45,Finance,Manager,2016-01-25,1358371,1,No,Diploma,Married,10,Yes,1,Mumbai
9069,Employee 9069,Female,49,Operations,Associate,2019-08-26,461765,2,No,Bachelor,Married,6,Yes,1,Pune
9070,Employee 9070,Male,55,HR,Associate,2021-03-13,1138608,3,Yes,Bachelor,Married,5,No,5,Pune
9071,Employee 9071,Male,23,Marketing,Manager,2025-07-04,1686295,4,Yes,Master,Married,0,No,4,Pune
9072,Employee 9072,Female,43,IT,Engineer,2026-01-31,1047303,5,Yes,Bachelor,Single,0,No,2,Pune
9073,Employee 9073,Female,58,IT,Specialist,2020-05-11,447574,3,No,Master,Single,6,No,4,Delhi
9074,Employee 9074,Male,22,HR,Engineer,2024-12-31,1560035,1,No,Master,Married,1,Yes,4,Ahmedabad
9075,Employee 9075,Female,60,Finance,Specialist,2019-01-11,1359343,5,No,Diploma,Single,7,No,3,Pune
9076,Employee 9076,Female,41,HR,Analyst,2024-10-07,1704077,5,No,Diploma,Single,1,No,4,Bengaluru
9077,Employee 9077,Male,48,HR,Analyst,2021-04-22,516163,2,No,Master,Married,5,No,4,Pune
9078,Employee 9078,Female,42,Operations,Manager,2022-03-03,1412717,1,No,Diploma,Married,4,No,4,Mumbai
9079,Employee 9079,Female,22,Support,Manager,2021-03-28,545544,5,Yes,Diploma,Married,2,No,2,Ahmedabad
9080,Employee 9080,Male,31,Marketing,Associate,2024-09-21,280289,2,No,Diploma,Married,1,Yes,4,Ahmedabad
9081,Employee 9081,Male,49,IT,Analyst,2021-10-23,1162530,3,No,Diploma,Single,4,Yes,5,Bengaluru
9082,Employee 9082,Female,54,Sales,Specialist,2022-09-27,884508,2,No,Bachelor,Married,3,Yes,2,Chennai
9083,Employee 9083,Female,47,Support,Specialist,2018-07-11,527194,3,No,Bachelor,Married,7,No,3,Delhi
9084,Employee 9084,Male,36,Finance,Associate,2023-01-21,947347,5,No,Diploma,Single,3,No,3,Ahmedabad
9085,Employee 9085,Female,39,Support,Analyst,2025-01-07,546756,5,No,Bachelor,Single,1,Yes,2,Ahmedabad
9086,Employee 9086,Male,32,Operations,Manager,2025-02-23,613481,3,No,Master,Single,1,No,1,Mumbai
9087,Employee 9087,Male,48,Marketing,Manager,2022-03-05,1318309,3,No,Master,Married,4,Yes,1,Chennai
9088,Employee 9088,Female,57,Finance,Associate,2023-11-07,692579,4,No,Master,Married,2,No,3,Mumbai
9089,Employee 9089,Male,32,Finance,Analyst,2018-04-18,847613,3,No,Master,Single,8,Yes,3,Bengaluru
9090,Employee 9090,Female,23,IT,Specialist,2019-07-10,1337069,2,No,Master,Married,3,Yes,5,Pune
9091,Employee 9091,Female,57,Operations,Specialist,2016-02-15,506320,3,No,Master,Married,10,No,2,Delhi
9092,Employee 9092,Female,22,Operations,Associate,2022-12-17,320579,4,No,Diploma,Single,2,No,5,Ahmedabad
9093,Employee 9093,Female,27,Marketing,Specialist,2024-09-04,286193,4,No,Diploma,Single,1,Yes,5,Chennai
9094,Employee 9094,Female,36,Support,Specialist,2018-09-25,1124249,5,No,Bachelor,Married,7,No,1,Bengaluru
9095,Employee 9095,Female,21,Sales,Specialist,2015-02-15,1512481,5,No,Master,Single,1,Yes,1,Delhi
9096,Employee 9096,Male,55,Marketing,Engineer,2023-05-25,1002477,4,Yes,Master,Single,3,Yes,3,Hyderabad
9097,Employee 9097,Male,50,Support,Engineer,2017-01-25,443947,2,No,Diploma,Single,9,No,1,Delhi
9098,Employee 9098,Female,27,Support,Associate,2026-01-01,1126485,5,No,Master,Single,0,Yes,4,Mumbai
9099,Employee 9099,Female,55,Operations,Specialist,2019-01-06,1218995,1,No,Bachelor,Married,7,Yes,1,Mumbai
9100,Employee 9100,Female,44,Operations,Executive,2019-08-27,1471788,5,No,Master,Single,6,Yes,5,Chennai
9101,Employee 9101,Female,56,Operations,Analyst,2023-02-11,315139,2,Yes,Master,Single,3,Yes,2,Ahmedabad
9102,Employee 9102,Female,60,Marketing,Analyst,2025-04-12,352099,4,No,Master,Single,1,Yes,4,Bengaluru
9103,Employee 9103,Female,52,IT,Engineer,2024-07-02,1071764,5,Yes,Master,Single,2,No,4,Bengaluru
9104,Employee 9104,Male,51,Sales,Engineer,2022-07-30,1430701,1,No,Master,Single,3,No,3,Ahmedabad
9105,Employee 9105,Male,33,HR,Associate,2015-04-05,949740,2,No,Diploma,Married,11,Yes,4,Mumbai
9106,Employee 9106,Female,59,IT,Manager,2017-08-28,955857,1,No,Bachelor,Married,8,Yes,5,Hyderabad
9107,Employee 9107,Male,35,HR,Manager,2019-08-27,782035,1,No,Diploma,Married,6,Yes,5,Hyderabad
9108,Employee 9108,Female,50,Sales,Engineer,2020-02-12,939616,3,No,Master,Married,6,Yes,4,Hyderabad
9109,Employee 9109,Female,47,Finance,Analyst,2017-06-05,1772570,3,Yes,Master,Married,9,Yes,3,Mumbai
9110,Employee 9110,Female,38,Sales,Executive,2015-03-15,393313,1,No,Bachelor,Single,11,No,2,Pune
9111,Employee 9111,Male,58,Finance,Executive,2025-01-11,983563,4,No,Bachelor,Single,1,Yes,3,Delhi
9112,Employee 9112,Male,46,Sales,Engineer,2017-03-04,608575,2,No,Bachelor,Single,9,No,2,Delhi
9113,Employee 9113,Male,41,Operations,Manager,2018-10-11,1038557,5,No,Diploma,Married,7,No,5,Mumbai
9114,Employee 9114,Male,30,Sales,Executive,2023-06-13,1275387,5,No,Diploma,Married,3,Yes,4,Hyderabad
9115,Employee 9115,Male,44,Marketing,Executive,2024-05-02,1510395,3,No,Master,Married,2,Yes,4,Delhi
9116,Employee 9116,Male,60,Operations,Engineer,2023-03-02,386527,3,No,Master,Married,3,No,5,Ahmedabad
9117,Employee 9117,Female,38,Support,Analyst,2017-08-31,1265641,1,Yes,Master,Married,8,No,3,Bengaluru
9118,Employee 9118,Female,23,Support,Analyst,2024-12-06,1186042,3,No,Bachelor,Married,1,Yes,1,Ahmedabad
9119,Employee 9119,Female,53,Support,Associate,2017-10-05,1330218,2,No,Bachelor,Single,8,No,4,Chennai
9120,Employee 9120,Female,44,IT,Engineer,2025-05-04,1710867,2,No,Diploma,Married,1,Yes,4,Pune
9121,Employee 9121,Female,22,Operations,Manager,2019-08-20,1334697,5,Yes,Bachelor,Single,2,Yes,5,Chennai
9122,Employee 9122,Female,22,HR,Engineer,2016-06-30,1565597,1,No,Diploma,Married,2,Yes,5,Pune
9123,Employee 9123,Male,52,Marketing,Specialist,2018-05-10,1764094,4,No,Diploma,Single,8,Yes,1,Chennai
9124,Employee 9124,Male,59,Sales,Manager,2023-01-21,1254840,4,No,Diploma,Married,3,No,3,Ahmedabad
9125,Employee 9125,Female,31,Support,Associate,2018-02-24,1145758,3,No,Master,Married,8,Yes,2,Bengaluru
9126,Employee 9126,Male,51,HR,Analyst,2019-08-28,474907,2,No,Bachelor,Single,6,No,5,Bengaluru
9127,Employee 9127,Female,24,HR,Manager,2022-06-02,1115695,1,No,Diploma,Single,4,Yes,1,Ahmedabad
9128,Employee 9128,Female,39,HR,Manager,2025-01-15,1568867,5,Yes,Master,Single,1,Yes,2,Pune
9129,Employee 9129,Female,58,Sales,Manager,2017-11-07,1474303,2,No,Diploma,Married,8,No,1,Hyderabad
9130,Employee 9130,Male,38,Operations,Specialist,2024-01-03,992063,5,No,Master,Single,2,No,3,Pune
9131,Employee 9131,Female,39,Finance,Engineer,2017-08-04,1373899,4,Yes,Master,Married,8,No,3,Mumbai
9132,Employee 9132,Male,56,HR,Specialist,2015-11-25,782733,5,No,Master,Married,10,Yes,4,Pune
9133,Employee 9133,Female,33,IT,Executive,2018-06-22,1679677,4,No,Diploma,Single,8,Yes,3,Delhi
9134,Employee 9134,Male,25,Sales,Specialist,2024-05-02,1146294,3,No,Diploma,Single,2,No,5,Hyderabad
9135,Employee 9135,Female,53,Support,Manager,2019-08-17,778004,4,Yes,Master,Married,6,Yes,5,Pune
9136,Employee 9136,Female,57,Support,Executive,2020-07-10,725081,3,No,Master,Single,5,Yes,3,Ahmedabad
9137,Employee 9137,Male,41,HR,Engineer,2016-06-20,1644664,5,No,Diploma,Single,10,No,5,Chennai
9138,Employee 9138,Male,43,IT,Associate,2019-04-08,853544,5,Yes,Bachelor,Single,7,No,2,Ahmedabad
9139,Employee 9139,Male,25,Support,Executive,2022-12-19,475502,3,No,Diploma,Single,3,No,5,Hyderabad
9140,Employee 9140,Male,51,Operations,Associate,2022-05-04,1045857,1,Yes,Diploma,Single,4,Yes,3,Ahmedabad
9141,Employee 9141,Female,38,HR,Executive,2018-11-13,518067,4,No,Bachelor,Married,7,No,4,Hyderabad
9142,Employee 9142,Male,27,Support,Analyst,2020-11-06,1596944,1,No,Master,Single,5,Yes,3,Ahmedabad
9143,Employee 9143,Female,46,Sales,Engineer,2025-09-30,1048794,4,No,Bachelor,Single,0,No,3,Bengaluru
9144,Employee 9144,Female,40,Operations,Specialist,2016-10-15,698006,5,No,Bachelor,Married,9,No,1,Delhi
9145,Employee 9145,Male,26,Finance,Specialist,2023-12-31,894159,3,No,Bachelor,Single,2,Yes,1,Chennai
9146,Employee 9146,Female,23,HR,Executive,2023-01-31,1278240,5,No,Master,Married,3,Yes,4,Chennai
9147,Employee 9147,Male,45,Support,Executive,2017-11-01,1130807,5,Yes,Diploma,Married,8,Yes,1,Pune
9148,Employee 9148,Female,50,IT,Associate,2025-11-01,1036779,3,No,Diploma,Single,0,Yes,1,Bengaluru
9149,Employee 9149,Female,43,Finance,Analyst,2022-06-25,1152864,1,No,Bachelor,Married,4,Yes,2,Chennai
9150,Employee 9150,Female,28,Marketing,Engineer,2020-10-12,273290,4,No,Master,Married,5,Yes,2,Pune
9151,Employee 9151,Female,26,HR,Engineer,2018-04-28,889156,4,Yes,Diploma,Single,6,No,4,Bengaluru
9152,Employee 9152,Female,44,Operations,Associate,2018-08-09,1141025,2,Yes,Bachelor,Single,7,Yes,1,Chennai
9153,Employee 9153,Male,29,Marketing,Manager,2019-04-21,1799391,2,No,Master,Married,7,No,1,Mumbai
9154,Employee 9154,Male,34,Marketing,Analyst,2018-05-02,296015,1,No,Bachelor,Single,8,No,1,Delhi
9155,Employee 9155,Male,59,HR,Specialist,2015-02-11,1484739,1,No,Bachelor,Single,11,No,2,Bengaluru
9156,Employee 9156,Male,35,Marketing,Engineer,2020-01-27,1708128,1,No,Bachelor,Married,6,No,3,Delhi
9157,Employee 9157,Female,37,Sales,Executive,2017-07-08,1776876,3,No,Diploma,Married,8,Yes,4,Hyderabad
9158,Employee 9158,Female,30,HR,Executive,2016-04-28,1762561,5,No,Bachelor,Single,10,No,2,Ahmedabad
9159,Employee 9159,Female,22,Support,Analyst,2020-12-20,384441,3,No,Master,Single,2,No,2,Delhi
9160,Employee 9160,Female,34,Finance,Manager,2019-07-20,1602998,3,No,Master,Married,6,Yes,3,Delhi
9161,Employee 9161,Female,27,Finance,Executive,2015-12-06,1445364,5,No,Diploma,Married,7,No,5,Mumbai
9162,Employee 9162,Male,41,Finance,Specialist,2022-06-14,566988,4,No,Master,Single,4,Yes,2,Pune
9163,Employee 9163,Male,43,Finance,Specialist,2024-08-20,413662,5,No,Master,Married,1,Yes,4,Chennai
9164,Employee 9164,Female,58,Finance,Engineer,2025-04-21,1704112,5,No,Bachelor,Married,1,Yes,1,Chennai
9165,Employee 9165,Female,21,HR,Executive,2023-01-28,820802,4,No,Master,Married,1,Yes,3,Ahmedabad
9166,Employee 9166,Male,59,Finance,Engineer,2022-01-26,1153369,5,No,Diploma,Married,4,No,2,Pune
9167,Employee 9167,Male,41,Finance,Engineer,2026-04-11,1469869,4,No,Bachelor,Single,0,No,3,Bengaluru
9168,Employee 9168,Male,28,Marketing,Manager,2015-03-28,1219922,2,No,Master,Married,8,No,5,Delhi
9169,Employee 9169,Female,37,Finance,Analyst,2018-09-29,1167179,1,Yes,Diploma,Married,7,No,5,Chennai
9170,Employee 9170,Female,21,Finance,Analyst,2023-10-07,408289,2,No,Bachelor,Single,1,No,5,Pune
9171,Employee 9171,Male,22,Support,Manager,2017-12-12,292098,5,No,Diploma,Married,2,No,4,Ahmedabad
9172,Employee 9172,Female,60,Sales,Manager,2019-06-04,1115499,2,Yes,Diploma,Married,7,No,2,Ahmedabad
9173,Employee 9173,Male,50,Sales,Associate,2023-01-07,861686,4,No,Master,Single,3,Yes,2,Bengaluru
9174,Employee 9174,Female,53,IT,Manager,2015-05-10,1441172,4,No,Diploma,Single,11,No,5,Ahmedabad
9175,Employee 9175,Male,27,Marketing,Specialist,2017-06-22,252741,5,Yes,Diploma,Married,7,No,3,Hyderabad
9176,Employee 9176,Male,21,Operations,Manager,2015-04-21,325845,4,No,Diploma,Single,1,Yes,1,Hyderabad
9177,Employee 9177,Male,29,Operations,Associate,2018-05-18,1581532,3,No,Bachelor,Married,8,Yes,3,Bengaluru
9178,Employee 9178,Female,30,Finance,Associate,2015-07-15,772047,5,No,Bachelor,Married,10,No,2,Chennai
9179,Employee 9179,Male,38,Support,Executive,2024-04-02,1052895,4,No,Diploma,Married,2,No,1,Bengaluru
9180,Employee 9180,Female,42,HR,Engineer,2018-06-20,1058092,5,No,Diploma,Married,8,No,3,Bengaluru
9181,Employee 9181,Male,25,IT,Executive,2016-03-09,1426797,5,No,Master,Single,5,No,1,Pune
9182,Employee 9182,Male,24,HR,Manager,2019-01-03,845334,2,No,Bachelor,Single,4,Yes,5,Pune
9183,Employee 9183,Male,53,Marketing,Associate,2016-12-17,1675052,4,No,Bachelor,Married,9,Yes,4,Hyderabad
9184,Employee 9184,Female,52,Marketing,Analyst,2017-09-18,1674718,1,No,Diploma,Married,8,No,5,Mumbai
9185,Employee 9185,Female,35,Marketing,Specialist,2022-05-17,428324,2,No,Master,Married,4,No,3,Bengaluru
9186,Employee 9186,Male,33,Finance,Manager,2026-05-15,1607343,5,No,Bachelor,Married,0,No,5,Bengaluru
9187,Employee 9187,Female,60,Support,Manager,2026-06-25,1379245,3,No,Bachelor,Single,0,No,4,Mumbai
9188,Employee 9188,Female,50,Support,Specialist,2020-06-30,1168361,2,No,Diploma,Single,6,Yes,4,Ahmedabad
9189,Employee 9189,Female,41,Sales,Engineer,2016-04-07,997810,3,No,Diploma,Married,10,Yes,2,Ahmedabad
9190,Employee 9190,Male,48,IT,Manager,2015-05-06,985159,3,No,Diploma,Single,11,No,4,Mumbai
9191,Employee 9191,Female,58,IT,Engineer,2025-11-09,1655055,5,Yes,Bachelor,Married,0,Yes,3,Bengaluru
9192,Employee 9192,Female,29,Finance,Analyst,2024-01-19,1696714,5,No,Master,Single,2,No,2,Mumbai
9193,Employee 9193,Female,38,Sales,Executive,2026-01-19,371089,5,No,Bachelor,Married,0,No,3,Bengaluru
9194,Employee 9194,Male,46,Support,Engineer,2018-04-05,988208,5,No,Diploma,Married,8,Yes,2,Ahmedabad
9195,Employee 9195,Female,56,Finance,Associate,2016-05-29,949088,1,Yes,Bachelor,Single,10,No,1,Chennai
9196,Employee 9196,Female,26,IT,Manager,2021-02-02,1713431,2,No,Diploma,Married,5,Yes,5,Bengaluru
9197,Employee 9197,Female,36,Finance,Executive,2019-05-16,1678347,3,Yes,Bachelor,Single,7,No,2,Ahmedabad
9198,Employee 9198,Female,48,IT,Engineer,2025-02-20,658541,1,No,Diploma,Single,1,Yes,5,Delhi
9199,Employee 9199,Male,42,Finance,Specialist,2022-10-21,1684803,1,No,Master,Single,3,Yes,5,Pune
9200,Employee 9200,Male,41,Operations,Engineer,2022-09-03,643303,5,Yes,Master,Single,3,No,5,Chennai
9201,Employee 9201,Female,25,Finance,Associate,2018-09-24,1341960,5,No,Diploma,Single,5,Yes,1,Ahmedabad
9202,Employee 9202,Male,55,Operations,Specialist,2020-02-06,1296771,3,No,Bachelor,Married,6,Yes,3,Delhi
9203,Employee 9203,Female,56,Marketing,Executive,2023-11-14,1221951,3,Yes,Bachelor,Married,2,No,1,Delhi
9204,Employee 9204,Female,30,IT,Executive,2022-08-24,664142,5,No,Bachelor,Married,3,No,1,Delhi
9205,Employee 9205,Female,48,Operations,Executive,2024-04-23,1302595,4,No,Bachelor,Married,2,Yes,4,Mumbai
9206,Employee 9206,Female,33,Operations,Specialist,2025-08-09,654731,5,No,Diploma,Married,0,No,3,Ahmedabad
9207,Employee 9207,Female,42,Finance,Engineer,2021-04-04,1152289,5,No,Diploma,Married,5,Yes,4,Hyderabad
9208,Employee 9208,Female,40,Finance,Associate,2017-10-22,1243039,2,No,Bachelor,Single,8,No,1,Chennai
9209,Employee 9209,Male,21,Operations,Specialist,2019-12-08,948598,2,No,Bachelor,Single,1,No,1,Mumbai
9210,Employee 9210,Male,57,Operations,Analyst,2022-01-26,1328960,1,No,Diploma,Single,4,No,4,Bengaluru
9211,Employee 9211,Female,32,HR,Engineer,2017-09-21,624273,2,Yes,Diploma,Single,8,No,5,Delhi
9212,Employee 9212,Female,50,Support,Analyst,2024-12-06,1480051,4,No,Master,Single,1,No,2,Ahmedabad
9213,Employee 9213,Male,30,Finance,Executive,2023-10-09,1270009,2,No,Diploma,Single,2,No,3,Mumbai
9214,Employee 9214,Male,51,Support,Specialist,2020-06-17,1078510,2,No,Diploma,Married,6,Yes,2,Pune
9215,Employee 9215,Male,38,Marketing,Executive,2019-10-13,1105456,3,No,Master,Married,6,No,4,Bengaluru
9216,Employee 9216,Male,32,Finance,Engineer,2016-08-18,1767081,2,No,Bachelor,Single,9,Yes,1,Hyderabad
9217,Employee 9217,Female,24,Marketing,Executive,2021-05-15,1043376,2,No,Diploma,Single,4,No,4,Chennai
9218,Employee 9218,Male,36,Finance,Specialist,2018-02-28,682059,4,No,Diploma,Single,8,Yes,4,Chennai
9219,Employee 9219,Male,21,Sales,Engineer,2023-05-06,1521920,3,No,Master,Single,1,Yes,5,Mumbai
9220,Employee 9220,Male,48,Support,Analyst,2018-05-04,417135,1,Yes,Diploma,Married,8,Yes,3,Ahmedabad
9221,Employee 9221,Female,25,Finance,Specialist,2020-09-26,1774336,2,Yes,Master,Single,5,Yes,4,Hyderabad
9222,Employee 9222,Female,37,Marketing,Executive,2020-05-30,319000,2,No,Bachelor,Single,6,Yes,2,Bengaluru
9223,Employee 9223,Female,43,Finance,Engineer,2023-08-02,865680,4,No,Master,Single,2,Yes,5,Hyderabad
9224,Employee 9224,Female,34,Finance,Specialist,2022-01-25,1614078,3,No,Master,Single,4,No,5,Hyderabad
9225,Employee 9225,Male,27,HR,Specialist,2022-03-04,410252,3,No,Master,Married,4,No,1,Mumbai
9226,Employee 9226,Male,37,Marketing,Analyst,2020-08-04,1390328,4,No,Master,Married,5,No,3,Ahmedabad
9227,Employee 9227,Male,34,Finance,Engineer,2023-10-18,821361,3,No,Master,Single,2,No,5,Mumbai
9228,Employee 9228,Male,47,Sales,Executive,2019-06-08,876150,4,No,Master,Single,7,No,2,Hyderabad
9229,Employee 9229,Female,55,HR,Manager,2024-06-09,381087,2,Yes,Master,Married,2,No,5,Bengaluru
9230,Employee 9230,Female,53,Operations,Analyst,2026-01-15,298765,5,No,Diploma,Married,0,Yes,1,Ahmedabad
9231,Employee 9231,Female,59,Operations,Engineer,2021-09-03,1301507,5,No,Bachelor,Married,4,No,2,Delhi
9232,Employee 9232,Female,46,IT,Specialist,2019-08-27,452582,1,No,Bachelor,Single,6,No,5,Mumbai
9233,Employee 9233,Female,53,Support,Associate,2016-03-16,952096,2,No,Diploma,Married,10,No,5,Pune
9234,Employee 9234,Female,35,Marketing,Engineer,2025-04-19,734626,2,No,Diploma,Single,1,No,1,Bengaluru
9235,Employee 9235,Female,27,HR,Associate,2025-01-29,1420709,5,No,Bachelor,Married,1,No,4,Delhi
9236,Employee 9236,Female,38,Sales,Executive,2022-08-16,1011033,2,Yes,Master,Married,3,Yes,3,Ahmedabad
9237,Employee 9237,Male,56,HR,Manager,2019-06-09,604803,2,No,Master,Married,7,No,4,Chennai
9238,Employee 9238,Female,23,Operations,Manager,2024-04-16,1294110,2,Yes,Bachelor,Married,2,Yes,5,Pune
9239,Employee 9239,Female,51,Marketing,Specialist,2016-06-22,559674,4,No,Master,Single,10,No,4,Hyderabad
9240,Employee 9240,Female,34,Operations,Analyst,2017-10-24,591961,5,No,Diploma,Married,8,Yes,3,Chennai
9241,Employee 9241,Female,34,Support,Specialist,2021-04-23,1151368,1,No,Bachelor,Single,5,Yes,2,Chennai
9242,Employee 9242,Female,47,Operations,Manager,2024-06-28,560157,4,No,Diploma,Single,2,Yes,5,Ahmedabad
9243,Employee 9243,Female,59,Sales,Engineer,2015-06-05,406731,5,No,Master,Married,11,No,5,Bengaluru
9244,Employee 9244,Male,30,Sales,Executive,2023-03-21,552222,3,No,Diploma,Single,3,Yes,4,Pune
9245,Employee 9245,Male,56,Sales,Specialist,2023-12-12,1707529,5,No,Diploma,Married,2,Yes,5,Chennai
9246,Employee 9246,Female,22,HR,Manager,2017-07-23,1660808,1,No,Diploma,Single,2,Yes,1,Ahmedabad
9247,Employee 9247,Female,33,Sales,Engineer,2025-01-23,303729,5,Yes,Bachelor,Married,1,No,2,Hyderabad
9248,Employee 9248,Male,46,IT,Engineer,2022-07-20,772962,5,No,Bachelor,Single,3,No,3,Pune
9249,Employee 9249,Male,31,Finance,Executive,2019-08-03,362589,4,No,Bachelor,Married,6,Yes,1,Ahmedabad
9250,Employee 9250,Male,51,Finance,Executive,2024-12-13,741829,5,Yes,Master,Married,1,Yes,1,Delhi
9251,Employee 9251,Male,43,HR,Manager,2018-02-17,1042838,2,No,Diploma,Single,8,No,5,Ahmedabad
9252,Employee 9252,Male,56,Operations,Specialist,2025-03-27,923418,5,Yes,Master,Married,1,No,5,Chennai
9253,Employee 9253,Male,46,HR,Engineer,2015-01-24,426825,4,No,Bachelor,Single,11,No,5,Bengaluru
9254,Employee 9254,Female,39,Sales,Manager,2016-05-08,1109927,2,No,Bachelor,Married,10,No,5,Chennai
9255,Employee 9255,Female,56,Support,Engineer,2025-06-19,733583,4,No,Diploma,Single,1,Yes,5,Pune
9256,Employee 9256,Male,52,Support,Associate,2023-12-03,1399154,2,Yes,Diploma,Married,2,Yes,4,Ahmedabad
9257,Employee 9257,Male,59,Operations,Analyst,2015-03-05,1703477,3,No,Diploma,Single,11,Yes,5,Delhi
9258,Employee 9258,Male,52,Finance,Specialist,2015-05-18,712854,2,No,Bachelor,Married,11,No,5,Pune
9259,Employee 9259,Male,40,IT,Executive,2020-05-01,264596,1,No,Bachelor,Married,6,Yes,3,Pune
9260,Employee 9260,Female,41,IT,Analyst,2017-03-22,1187379,5,Yes,Bachelor,Married,9,Yes,3,Hyderabad
9261,Employee 9261,Male,58,Support,Engineer,2022-01-13,1361165,4,No,Master,Married,4,Yes,2,Chennai
9262,Employee 9262,Female,49,Operations,Manager,2017-09-29,1648453,3,No,Diploma,Married,8,No,4,Ahmedabad
9263,Employee 9263,Male,40,Finance,Associate,2024-06-29,1118435,1,No,Diploma,Single,2,No,1,Mumbai
9264,Employee 9264,Male,54,Sales,Engineer,2018-06-23,1507018,1,Yes,Bachelor,Single,8,No,4,Chennai
9265,Employee 9265,Female,34,Support,Engineer,2015-07-31,615372,4,Yes,Diploma,Single,10,No,1,Bengaluru
9266,Employee 9266,Female,28,HR,Engineer,2015-03-13,743022,1,No,Master,Married,8,Yes,5,Ahmedabad
9267,Employee 9267,Female,34,HR,Manager,2018-05-30,1013524,2,No,Master,Married,8,Yes,5,Ahmedabad
9268,Employee 9268,Female,22,IT,Manager,2024-02-21,966180,4,No,Master,Married,2,No,3,Chennai
9269,Employee 9269,Female,40,Sales,Manager,2015-08-09,885039,5,No,Diploma,Single,10,No,2,Mumbai
9270,Employee 9270,Male,42,HR,Engineer,2021-11-05,1274272,5,No,Master,Single,4,No,1,Delhi
9271,Employee 9271,Female,23,Marketing,Associate,2024-08-27,1707195,4,No,Master,Single,1,Yes,4,Delhi
9272,Employee 9272,Female,28,HR,Associate,2017-04-22,677822,4,No,Bachelor,Single,8,Yes,1,Bengaluru
9273,Employee 9273,Male,48,Marketing,Engineer,2015-01-05,697891,2,No,Diploma,Married,11,Yes,4,Bengaluru
9274,Employee 9274,Male,60,HR,Manager,2018-12-31,583283,3,No,Diploma,Married,7,Yes,3,Pune
9275,Employee 9275,Male,43,HR,Executive,2015-11-19,909850,2,No,Master,Single,10,Yes,1,Delhi
9276,Employee 9276,Male,57,HR,Associate,2022-03-29,1393821,1,Yes,Diploma,Married,4,Yes,2,Ahmedabad
9277,Employee 9277,Male,38,Sales,Engineer,2015-07-20,591643,5,No,Master,Single,10,Yes,2,Bengaluru
9278,Employee 9278,Female,41,IT,Engineer,2019-09-15,1226239,1,Yes,Master,Single,6,Yes,5,Ahmedabad
9279,Employee 9279,Female,58,HR,Manager,2015-05-28,1475366,4,No,Bachelor,Single,11,Yes,3,Ahmedabad
9280,Employee 9280,Male,47,Sales,Specialist,2022-01-17,1786642,1,No,Master,Single,4,Yes,1,Delhi
9281,Employee 9281,Female,60,HR,Manager,2025-10-27,1688089,3,Yes,Master,Single,0,No,5,Pune
9282,Employee 9282,Female,30,Support,Specialist,2021-05-07,570235,4,Yes,Diploma,Single,5,No,4,Chennai
9283,Employee 9283,Male,25,Support,Associate,2019-09-25,401717,3,No,Bachelor,Single,5,Yes,4,Chennai
9284,Employee 9284,Male,41,HR,Analyst,2023-06-17,990976,5,No,Diploma,Single,3,No,2,Bengaluru
9285,Employee 9285,Female,50,Support,Analyst,2023-06-17,1796245,5,No,Master,Married,3,Yes,1,Ahmedabad
9286,Employee 9286,Male,37,Support,Engineer,2016-07-22,1370242,5,No,Master,Married,9,No,2,Bengaluru
9287,Employee 9287,Female,46,Finance,Executive,2015-06-23,1758706,1,No,Diploma,Single,11,Yes,2,Pune
9288,Employee 9288,Female,60,HR,Manager,2024-01-18,962533,1,No,Bachelor,Single,2,Yes,1,Chennai
9289,Employee 9289,Male,47,Operations,Associate,2018-06-25,1135885,4,No,Master,Single,8,No,1,Bengaluru
9290,Employee 9290,Female,44,HR,Engineer,2023-02-15,1154190,1,No,Master,Single,3,Yes,2,Ahmedabad
9291,Employee 9291,Male,60,Support,Manager,2019-05-07,1114741,5,No,Master,Married,7,No,4,Pune
9292,Employee 9292,Female,28,Sales,Analyst,2024-12-30,827834,1,No,Master,Single,1,Yes,1,Mumbai
9293,Employee 9293,Male,31,Sales,Executive,2021-06-10,819771,4,No,Master,Single,5,Yes,2,Ahmedabad
9294,Employee 9294,Male,35,Marketing,Manager,2018-11-28,1064084,2,Yes,Master,Married,7,No,1,Pune
9295,Employee 9295,Female,41,Support,Manager,2019-06-24,1267917,2,No,Master,Married,7,Yes,5,Bengaluru
9296,Employee 9296,Male,54,Marketing,Analyst,2015-03-05,819933,3,No,Diploma,Single,11,Yes,2,Ahmedabad
9297,Employee 9297,Female,34,Support,Analyst,2023-12-27,1600236,3,No,Diploma,Single,2,Yes,1,Hyderabad
9298,Employee 9298,Female,45,Operations,Engineer,2024-04-26,460420,5,Yes,Master,Married,2,Yes,2,Bengaluru
9299,Employee 9299,Male,41,Finance,Specialist,2021-12-31,1504657,3,No,Diploma,Single,4,No,2,Chennai
9300,Employee 9300,Male,34,IT,Executive,2016-07-31,508906,4,No,Diploma,Married,9,Yes,2,Mumbai
9301,Employee 9301,Male,50,Operations,Specialist,2023-10-05,766386,5,No,Bachelor,Married,2,Yes,3,Bengaluru
9302,Employee 9302,Female,24,Support,Manager,2020-09-08,812803,2,No,Bachelor,Single,4,No,5,Chennai
9303,Employee 9303,Female,51,Support,Specialist,2026-03-27,729917,1,No,Master,Single,0,No,3,Delhi
9304,Employee 9304,Female,22,Finance,Engineer,2018-03-11,1419317,1,No,Bachelor,Single,2,Yes,4,Chennai
9305,Employee 9305,Female,47,Marketing,Associate,2020-03-16,580150,1,Yes,Master,Married,6,No,3,Mumbai
9306,Employee 9306,Female,47,Support,Executive,2017-11-05,1078529,1,No,Master,Single,8,Yes,5,Delhi
9307,Employee 9307,Male,40,Sales,Engineer,2018-02-03,330662,1,No,Master,Married,8,No,3,Delhi
9308,Employee 9308,Female,48,Support,Executive,2023-08-29,737862,1,No,Diploma,Single,2,No,1,Chennai
9309,Employee 9309,Female,39,HR,Executive,2015-12-25,874585,4,No,Master,Married,10,No,3,Bengaluru
9310,Employee 9310,Female,22,HR,Engineer,2022-03-31,917220,5,No,Bachelor,Married,2,No,4,Chennai
9311,Employee 9311,Female,36,Marketing,Analyst,2021-11-17,1511291,4,No,Master,Single,4,Yes,2,Chennai
9312,Employee 9312,Female,36,IT,Manager,2024-08-08,797899,4,No,Bachelor,Single,1,No,1,Delhi
9313,Employee 9313,Male,49,Finance,Associate,2022-11-02,439328,1,No,Diploma,Married,3,Yes,5,Mumbai
9314,Employee 9314,Male,56,IT,Associate,2015-02-17,860590,2,Yes,Bachelor,Single,11,Yes,4,Mumbai
9315,Employee 9315,Male,50,Operations,Specialist,2023-04-16,346271,1,Yes,Master,Married,3,Yes,5,Chennai
9316,Employee 9316,Male,46,Sales,Engineer,2019-06-08,1776339,2,No,Diploma,Single,7,Yes,5,Hyderabad
9317,Employee 9317,Female,35,Marketing,Analyst,2024-08-02,698959,1,No,Master,Married,1,No,4,Hyderabad
9318,Employee 9318,Male,33,Marketing,Specialist,2017-01-01,651615,3,No,Bachelor,Single,9,No,4,Bengaluru
9319,Employee 9319,Male,32,Marketing,Specialist,2015-04-05,299922,3,No,Master,Single,11,Yes,3,Delhi
9320,Employee 9320,Male,27,Finance,Specialist,2016-01-03,334043,1,Yes,Diploma,Married,7,No,4,Chennai
9321,Employee 9321,Male,50,Marketing,Analyst,2019-09-06,914491,5,No,Master,Single,6,No,4,Chennai
9322,Employee 9322,Male,46,IT,Executive,2021-01-20,990110,5,No,Master,Single,5,No,2,Pune
9323,Employee 9323,Female,23,Marketing,Specialist,2020-10-29,313776,4,No,Diploma,Single,3,Yes,3,Delhi
9324,Employee 9324,Male,26,Marketing,Engineer,2015-07-10,607445,4,No,Bachelor,Single,6,No,3,Delhi
9325,Employee 9325,Female,35,Sales,Engineer,2025-12-23,1613563,1,Yes,Diploma,Single,0,No,3,Ahmedabad
9326,Employee 9326,Male,23,IT,Specialist,2018-11-25,372259,5,No,Master,Married,3,Yes,3,Delhi
9327,Employee 9327,Female,21,HR,Associate,2018-05-12,503739,5,No,Bachelor,Single,1,Yes,4,Hyderabad
9328,Employee 9328,Male,45,Support,Associate,2018-02-13,532726,3,No,Master,Married,8,No,3,Chennai
9329,Employee 9329,Female,58,Sales,Associate,2022-08-08,1444819,5,No,Diploma,Married,3,Yes,1,Ahmedabad
9330,Employee 9330,Male,38,Finance,Executive,2025-06-10,517921,5,No,Master,Single,1,No,3,Pune
9331,Employee 9331,Male,39,Marketing,Executive,2022-12-27,797690,2,No,Diploma,Single,3,No,3,Delhi
9332,Employee 9332,Male,42,Marketing,Specialist,2018-10-28,565173,1,No,Diploma,Married,7,Yes,3,Bengaluru
9333,Employee 9333,Female,51,Sales,Specialist,2016-06-29,1463544,1,Yes,Master,Married,10,Yes,1,Pune
9334,Employee 9334,Female,40,Support,Associate,2025-07-23,427158,4,No,Bachelor,Married,0,Yes,4,Pune
9335,Employee 9335,Female,45,Support,Associate,2016-02-17,290647,1,No,Bachelor,Single,10,No,2,Chennai
9336,Employee 9336,Male,29,IT,Executive,2023-07-26,548816,4,No,Diploma,Married,2,No,1,Chennai
9337,Employee 9337,Female,55,HR,Analyst,2021-09-19,1672712,2,No,Master,Single,4,Yes,3,Hyderabad
9338,Employee 9338,Female,55,Operations,Manager,2021-10-02,873601,4,No,Diploma,Single,4,No,1,Pune
9339,Employee 9339,Female,30,Support,Executive,2026-05-28,968596,3,No,Bachelor,Single,0,Yes,2,Bengaluru
9340,Employee 9340,Male,31,Operations,Analyst,2022-12-15,1201974,4,No,Bachelor,Single,3,No,2,Mumbai
9341,Employee 9341,Male,38,Support,Manager,2024-09-12,1032368,2,No,Diploma,Married,1,Yes,3,Mumbai
9342,Employee 9342,Male,31,HR,Specialist,2018-05-31,1045987,1,No,Master,Married,8,No,3,Chennai
9343,Employee 9343,Male,53,Support,Engineer,2015-01-08,1530877,3,No,Diploma,Married,11,No,5,Chennai
9344,Employee 9344,Female,52,HR,Manager,2024-09-25,492974,2,No,Diploma,Single,1,No,1,Hyderabad
9345,Employee 9345,Female,56,Sales,Executive,2022-05-13,458532,2,No,Bachelor,Married,4,Yes,1,Mumbai
9346,Employee 9346,Male,59,IT,Manager,2015-01-18,1057115,5,No,Bachelor,Single,11,Yes,5,Pune
9347,Employee 9347,Male,34,IT,Executive,2017-04-28,1650193,5,No,Bachelor,Married,9,Yes,2,Chennai
9348,Employee 9348,Male,28,Sales,Executive,2020-10-14,548247,2,No,Master,Single,5,No,3,Delhi
9349,Employee 9349,Male,23,Sales,Analyst,2022-10-19,351890,4,No,Diploma,Married,3,No,4,Mumbai
9350,Employee 9350,Male,36,HR,Specialist,2019-10-14,432565,2,No,Master,Single,6,No,4,Ahmedabad
9351,Employee 9351,Female,29,Marketing,Specialist,2016-09-29,1358523,1,Yes,Bachelor,Single,9,Yes,5,Delhi
9352,Employee 9352,Female,25,Marketing,Specialist,2024-02-25,595794,4,Yes,Master,Married,2,Yes,3,Chennai
9353,Employee 9353,Female,37,Support,Analyst,2026-03-03,1405178,5,Yes,Diploma,Single,0,Yes,3,Hyderabad
9354,Employee 9354,Male,37,Sales,Engineer,2024-08-24,569716,2,Yes,Diploma,Married,1,No,2,Pune
9355,Employee 9355,Female,39,Marketing,Executive,2018-02-24,1320400,3,No,Master,Single,8,No,3,Hyderabad
9356,Employee 9356,Female,52,HR,Engineer,2025-07-07,1231171,4,No,Master,Single,0,Yes,2,Hyderabad
9357,Employee 9357,Male,46,IT,Specialist,2025-07-11,845080,4,Yes,Bachelor,Married,0,No,3,Bengaluru
9358,Employee 9358,Male,34,Operations,Engineer,2017-04-07,752363,5,No,Diploma,Single,9,Yes,5,Chennai
9359,Employee 9359,Female,42,IT,Associate,2016-11-16,962042,3,No,Diploma,Single,9,No,2,Hyderabad
9360,Employee 9360,Female,30,Support,Analyst,2018-10-29,640200,1,No,Master,Married,7,Yes,3,Ahmedabad
9361,Employee 9361,Male,42,HR,Manager,2024-03-24,1518086,2,No,Bachelor,Single,2,No,3,Pune
9362,Employee 9362,Male,59,HR,Associate,2021-09-16,814612,5,No,Diploma,Single,4,Yes,3,Bengaluru
9363,Employee 9363,Female,45,Sales,Specialist,2021-05-22,1055252,2,No,Diploma,Married,5,Yes,2,Bengaluru
9364,Employee 9364,Male,32,IT,Engineer,2018-01-31,1692821,4,No,Bachelor,Single,8,No,3,Mumbai
9365,Employee 9365,Male,41,Finance,Manager,2019-09-19,1368134,5,No,Diploma,Single,6,Yes,3,Pune
9366,Employee 9366,Female,21,Operations,Executive,2017-06-12,1018338,1,No,Master,Married,1,No,1,Ahmedabad
9367,Employee 9367,Male,39,IT,Executive,2019-04-03,423193,5,No,Bachelor,Married,7,Yes,3,Delhi
9368,Employee 9368,Male,34,Operations,Specialist,2021-03-30,864994,3,No,Master,Single,5,Yes,4,Delhi
9369,Employee 9369,Female,57,Finance,Specialist,2025-06-20,797919,3,No,Diploma,Married,1,No,3,Chennai
9370,Employee 9370,Female,28,HR,Specialist,2019-07-26,901777,4,No,Master,Single,6,No,2,Chennai
9371,Employee 9371,Male,28,Support,Engineer,2026-01-25,866195,1,No,Bachelor,Married,0,Yes,1,Chennai
9372,Employee 9372,Female,31,Finance,Manager,2024-09-11,779741,5,No,Diploma,Married,1,Yes,1,Chennai
9373,Employee 9373,Female,45,Support,Specialist,2023-01-31,527659,4,No,Bachelor,Married,3,No,3,Ahmedabad
9374,Employee 9374,Female,51,Operations,Associate,2016-08-07,371078,4,No,Bachelor,Single,9,Yes,2,Pune
9375,Employee 9375,Female,39,Support,Associate,2022-11-20,1675666,4,No,Bachelor,Married,3,No,2,Ahmedabad
9376,Employee 9376,Male,41,Finance,Analyst,2017-07-10,961193,3,No,Bachelor,Married,8,Yes,5,Pune
9377,Employee 9377,Male,36,Marketing,Manager,2022-10-26,1025431,2,No,Bachelor,Single,3,No,2,Mumbai
9378,Employee 9378,Male,21,Operations,Analyst,2020-06-11,1408927,3,No,Bachelor,Married,1,Yes,5,Chennai
9379,Employee 9379,Male,34,Support,Associate,2020-09-08,760812,4,No,Master,Married,5,Yes,2,Ahmedabad
9380,Employee 9380,Female,33,IT,Manager,2019-12-16,886662,3,No,Master,Married,6,No,3,Chennai
9381,Employee 9381,Male,59,Support,Engineer,2022-11-05,1122454,2,No,Master,Married,3,Yes,3,Pune
9382,Employee 9382,Male,35,Finance,Engineer,2017-12-25,1074209,5,No,Diploma,Single,8,Yes,5,Mumbai
9383,Employee 9383,Female,50,Operations,Executive,2017-04-19,1737756,2,No,Bachelor,Married,9,Yes,2,Pune
9384,Employee 9384,Male,52,Operations,Associate,2021-12-05,1759156,3,No,Bachelor,Single,4,No,1,Mumbai
9385,Employee 9385,Male,50,Support,Manager,2022-04-16,747664,4,No,Master,Married,4,Yes,2,Hyderabad
9386,Employee 9386,Male,45,Marketing,Specialist,2020-10-13,1638563,3,No,Diploma,Single,5,No,5,Ahmedabad
9387,Employee 9387,Male,39,IT,Executive,2024-01-24,1385317,2,No,Master,Married,2,No,5,Ahmedabad
9388,Employee 9388,Female,33,Marketing,Engineer,2017-05-30,1416916,2,Yes,Master,Single,9,Yes,5,Ahmedabad
9389,Employee 9389,Female,23,HR,Specialist,2020-03-12,580315,4,No,Master,Married,3,Yes,1,Bengaluru
9390,Employee 9390,Male,26,Sales,Specialist,2022-04-06,1142992,3,No,Master,Married,4,Yes,5,Hyderabad
9391,Employee 9391,Male,58,IT,Associate,2023-02-22,566805,1,No,Master,Married,3,Yes,4,Pune
9392,Employee 9392,Male,42,Operations,Manager,2017-03-19,1611647,5,Yes,Master,Married,9,Yes,2,Delhi
9393,Employee 9393,Female,41,Marketing,Specialist,2016-04-29,563107,1,No,Bachelor,Single,10,No,5,Ahmedabad
9394,Employee 9394,Female,28,Finance,Analyst,2016-07-26,1336585,2,No,Diploma,Single,8,No,4,Ahmedabad
9395,Employee 9395,Female,27,IT,Analyst,2020-07-22,1382675,5,No,Diploma,Single,5,Yes,3,Ahmedabad
9396,Employee 9396,Male,25,Sales,Specialist,2016-08-17,1513066,5,No,Bachelor,Married,5,Yes,2,Ahmedabad
9397,Employee 9397,Female,39,Sales,Specialist,2026-03-11,1450578,4,Yes,Bachelor,Single,0,Yes,4,Bengaluru
9398,Employee 9398,Female,36,Finance,Specialist,2015-12-24,634042,1,No,Diploma,Married,10,Yes,4,Ahmedabad
9399,Employee 9399,Female,47,Support,Specialist,2022-12-31,1528910,4,Yes,Bachelor,Married,3,Yes,5,Hyderabad
9400,Employee 9400,Female,48,HR,Manager,2025-03-07,467623,4,No,Bachelor,Married,1,No,2,Bengaluru
9401,Employee 9401,Male,45,Finance,Analyst,2021-01-07,1459806,2,No,Diploma,Single,5,Yes,3,Chennai
9402,Employee 9402,Male,52,Support,Analyst,2025-10-09,1503593,5,No,Bachelor,Married,0,Yes,2,Ahmedabad
9403,Employee 9403,Male,51,Support,Engineer,2022-01-16,1553862,2,No,Bachelor,Single,4,No,2,Delhi
9404,Employee 9404,Female,59,Support,Engineer,2021-04-22,821369,5,No,Diploma,Single,5,Yes,2,Hyderabad
9405,Employee 9405,Male,58,Sales,Executive,2020-10-10,1352748,1,No,Bachelor,Married,5,Yes,1,Pune
9406,Employee 9406,Female,58,IT,Specialist,2018-07-25,639437,5,No,Master,Married,7,No,4,Chennai
9407,Employee 9407,Female,47,Support,Associate,2021-11-15,1037049,5,No,Master,Single,4,No,4,Bengaluru
9408,Employee 9408,Female,42,IT,Associate,2016-05-29,1271664,1,No,Diploma,Single,10,No,4,Hyderabad
9409,Employee 9409,Male,34,Support,Manager,2016-10-09,948677,3,No,Diploma,Single,9,No,3,Bengaluru
9410,Employee 9410,Female,59,IT,Manager,2023-09-26,341269,4,No,Master,Single,2,No,1,Chennai
9411,Employee 9411,Male,33,Support,Engineer,2021-04-16,1766854,5,Yes,Diploma,Married,5,Yes,1,Ahmedabad
9412,Employee 9412,Male,60,Operations,Specialist,2018-02-18,1161044,4,Yes,Bachelor,Married,8,Yes,3,Bengaluru
9413,Employee 9413,Female,40,Finance,Engineer,2017-04-12,306338,4,Yes,Master,Single,9,No,5,Bengaluru
9414,Employee 9414,Female,51,HR,Manager,2018-09-07,1630390,5,No,Master,Married,7,No,4,Delhi
9415,Employee 9415,Male,25,Marketing,Manager,2017-12-07,260625,4,No,Bachelor,Single,5,No,3,Chennai
9416,Employee 9416,Male,60,HR,Associate,2022-01-09,291387,4,Yes,Bachelor,Married,4,No,5,Ahmedabad
9417,Employee 9417,Female,26,Marketing,Executive,2022-02-21,1764254,4,No,Master,Single,4,Yes,1,Chennai
9418,Employee 9418,Female,56,HR,Associate,2021-04-26,843068,2,No,Master,Single,5,Yes,4,Delhi
9419,Employee 9419,Male,32,Sales,Manager,2019-08-31,1197724,1,No,Master,Married,6,Yes,2,Ahmedabad
9420,Employee 9420,Male,60,Sales,Manager,2023-01-25,309261,3,No,Bachelor,Single,3,Yes,5,Bengaluru
9421,Employee 9421,Male,23,IT,Analyst,2020-04-25,1333367,5,No,Bachelor,Single,3,No,1,Hyderabad
9422,Employee 9422,Male,35,HR,Specialist,2019-07-17,1782311,5,No,Bachelor,Single,6,Yes,5,Hyderabad
9423,Employee 9423,Male,36,Marketing,Specialist,2021-11-10,310970,2,No,Diploma,Single,4,No,1,Chennai
9424,Employee 9424,Female,31,HR,Analyst,2022-12-20,1487109,2,No,Diploma,Single,3,Yes,2,Mumbai
9425,Employee 9425,Female,34,Finance,Engineer,2025-10-11,1084705,5,No,Bachelor,Married,0,No,2,Bengaluru
9426,Employee 9426,Male,34,Marketing,Engineer,2017-07-10,1255266,5,No,Master,Single,8,No,3,Mumbai
9427,Employee 9427,Male,36,Marketing,Manager,2015-05-24,795206,1,No,Master,Single,11,Yes,2,Chennai
9428,Employee 9428,Male,21,HR,Analyst,2015-11-11,1581267,1,No,Master,Single,1,Yes,5,Pune
9429,Employee 9429,Female,49,Marketing,Engineer,2019-09-05,1659414,5,No,Diploma,Married,6,No,5,Ahmedabad
9430,Employee 9430,Male,32,Support,Associate,2018-05-21,1070548,5,No,Diploma,Married,8,No,4,Delhi
9431,Employee 9431,Male,53,Finance,Manager,2022-08-04,307951,3,No,Diploma,Single,3,Yes,1,Ahmedabad
9432,Employee 9432,Female,48,Finance,Analyst,2022-04-10,1550739,4,No,Master,Married,4,No,3,Pune
9433,Employee 9433,Male,27,IT,Analyst,2022-02-05,1765275,3,No,Master,Single,4,No,1,Mumbai
9434,Employee 9434,Female,52,Support,Manager,2024-02-18,473099,1,No,Diploma,Single,2,No,5,Pune
9435,Employee 9435,Male,27,Support,Manager,2022-10-07,770238,1,No,Bachelor,Single,3,Yes,1,Ahmedabad
9436,Employee 9436,Female,59,HR,Executive,2019-07-16,846880,3,No,Master,Married,6,Yes,1,Chennai
9437,Employee 9437,Male,47,IT,Executive,2022-07-12,663020,1,No,Bachelor,Single,3,Yes,4,Chennai
9438,Employee 9438,Male,53,Marketing,Analyst,2017-03-31,1155151,3,No,Bachelor,Single,9,Yes,1,Delhi
9439,Employee 9439,Female,50,Finance,Associate,2023-11-20,1516876,4,No,Bachelor,Married,2,No,4,Delhi
9440,Employee 9440,Female,44,Marketing,Manager,2026-04-05,1770817,4,No,Diploma,Married,0,Yes,3,Ahmedabad
9441,Employee 9441,Male,25,Operations,Engineer,2023-10-02,1112692,4,No,Master,Married,2,Yes,5,Delhi
9442,Employee 9442,Female,51,Finance,Executive,2015-08-14,1045183,5,No,Master,Single,10,Yes,5,Mumbai
9443,Employee 9443,Female,58,Finance,Executive,2018-05-25,1471100,3,No,Master,Single,8,Yes,2,Bengaluru
9444,Employee 9444,Female,30,Operations,Executive,2021-12-24,449966,4,Yes,Bachelor,Married,4,Yes,4,Bengaluru
9445,Employee 9445,Female,55,HR,Manager,2015-11-28,1464185,5,No,Master,Single,10,Yes,5,Delhi
9446,Employee 9446,Female,40,Operations,Associate,2018-08-30,1477930,5,No,Master,Single,7,No,5,Delhi
9447,Employee 9447,Female,56,HR,Specialist,2019-12-20,1190629,4,No,Diploma,Single,6,No,3,Mumbai
9448,Employee 9448,Female,51,Operations,Specialist,2022-08-20,1660870,1,No,Bachelor,Single,3,No,2,Bengaluru
9449,Employee 9449,Male,25,Operations,Manager,2016-08-01,340618,1,No,Diploma,Single,5,Yes,2,Pune
9450,Employee 9450,Male,44,Marketing,Specialist,2023-04-28,259039,3,No,Diploma,Married,3,Yes,1,Chennai
9451,Employee 9451,Female,49,HR,Executive,2022-11-13,1514674,5,No,Diploma,Single,3,Yes,3,Delhi
9452,Employee 9452,Female,53,Finance,Engineer,2019-07-25,1681415,5,No,Bachelor,Married,6,Yes,3,Bengaluru
9453,Employee 9453,Female,21,Sales,Associate,2016-07-14,1790830,5,No,Master,Single,1,Yes,2,Hyderabad
9454,Employee 9454,Male,43,Support,Associate,2025-06-08,1704230,2,No,Diploma,Single,1,Yes,4,Bengaluru
9455,Employee 9455,Female,30,Marketing,Specialist,2016-11-22,1127277,2,No,Diploma,Married,9,Yes,3,Hyderabad
9456,Employee 9456,Male,23,Marketing,Engineer,2022-09-26,417692,1,Yes,Master,Married,3,No,4,Bengaluru
9457,Employee 9457,Female,52,Operations,Associate,2018-01-16,377714,1,No,Bachelor,Married,8,No,4,Ahmedabad
9458,Employee 9458,Male,28,Operations,Analyst,2019-11-09,1514418,2,No,Bachelor,Married,6,Yes,5,Chennai
9459,Employee 9459,Male,21,Marketing,Manager,2018-12-27,1777542,1,Yes,Master,Married,1,Yes,3,Mumbai
9460,Employee 9460,Female,57,Finance,Engineer,2026-06-20,1767350,4,No,Diploma,Single,0,Yes,3,Mumbai
9461,Employee 9461,Male,56,HR,Engineer,2019-06-20,553163,3,No,Master,Single,7,No,3,Mumbai
9462,Employee 9462,Female,35,HR,Associate,2016-08-22,606885,1,No,Diploma,Married,9,Yes,5,Bengaluru
9463,Employee 9463,Male,44,Marketing,Executive,2019-05-26,368542,5,No,Diploma,Single,7,No,5,Pune
9464,Employee 9464,Female,55,Support,Associate,2024-10-02,478717,4,No,Master,Married,1,No,4,Bengaluru
9465,Employee 9465,Female,37,Sales,Associate,2019-04-14,1384294,2,No,Diploma,Single,7,No,1,Ahmedabad
9466,Employee 9466,Male,38,Finance,Executive,2019-07-30,293766,3,No,Diploma,Married,6,Yes,3,Hyderabad
9467,Employee 9467,Male,28,IT,Executive,2016-05-24,539307,2,No,Master,Married,8,No,5,Delhi
9468,Employee 9468,Male,53,Sales,Associate,2025-01-29,1601016,2,Yes,Master,Married,1,Yes,1,Chennai
9469,Employee 9469,Female,31,IT,Specialist,2025-04-10,1142760,1,No,Bachelor,Single,1,No,5,Mumbai
9470,Employee 9470,Female,31,Marketing,Executive,2025-04-17,847230,3,No,Bachelor,Married,1,No,1,Mumbai
9471,Employee 9471,Female,27,IT,Analyst,2023-12-19,792534,3,Yes,Master,Single,2,No,1,Pune
9472,Employee 9472,Male,39,Sales,Engineer,2018-06-22,690558,5,Yes,Diploma,Single,8,No,5,Hyderabad
9473,Employee 9473,Female,27,HR,Specialist,2016-12-08,328414,3,No,Diploma,Married,7,Yes,3,Mumbai
9474,Employee 9474,Female,55,Sales,Specialist,2017-09-16,1793665,5,No,Master,Single,8,No,2,Pune
9475,Employee 9475,Male,25,Support,Specialist,2019-03-18,806260,2,No,Diploma,Married,5,Yes,3,Pune
9476,Employee 9476,Male,50,IT,Analyst,2016-07-20,371592,1,No,Diploma,Single,9,Yes,1,Hyderabad
9477,Employee 9477,Male,30,IT,Engineer,2016-12-20,717172,4,No,Bachelor,Single,9,Yes,3,Ahmedabad
9478,Employee 9478,Female,39,Support,Specialist,2021-08-02,1619251,4,Yes,Master,Married,4,No,4,Delhi
9479,Employee 9479,Female,36,Sales,Executive,2017-09-02,551320,3,No,Diploma,Married,8,No,3,Bengaluru
9480,Employee 9480,Male,44,Operations,Executive,2021-08-09,1011213,5,No,Bachelor,Married,4,No,2,Ahmedabad
9481,Employee 9481,Female,28,Support,Engineer,2016-01-21,1149820,4,No,Master,Married,8,Yes,3,Ahmedabad
9482,Employee 9482,Female,38,Finance,Executive,2021-04-05,1078241,5,No,Master,Married,5,Yes,1,Chennai
9483,Employee 9483,Female,30,HR,Executive,2017-10-31,1572987,4,Yes,Master,Married,8,No,1,Delhi
9484,Employee 9484,Female,54,IT,Engineer,2015-04-13,1289969,3,No,Bachelor,Married,11,No,3,Pune
9485,Employee 9485,Female,40,HR,Associate,2025-12-05,311481,3,No,Master,Single,0,Yes,5,Hyderabad
9486,Employee 9486,Male,53,HR,Executive,2020-05-30,686279,3,No,Diploma,Married,6,Yes,4,Delhi
9487,Employee 9487,Male,48,IT,Analyst,2019-03-24,1747966,4,No,Master,Married,7,No,5,Chennai
9488,Employee 9488,Male,59,IT,Engineer,2016-04-07,875436,3,No,Bachelor,Married,10,Yes,5,Bengaluru
9489,Employee 9489,Male,31,Support,Executive,2024-08-02,1556448,5,No,Master,Married,1,No,3,Pune
9490,Employee 9490,Male,22,Support,Associate,2021-01-26,1231029,5,No,Master,Single,2,Yes,1,Hyderabad
9491,Employee 9491,Female,26,IT,Associate,2025-01-02,314890,3,No,Diploma,Single,1,No,4,Mumbai
9492,Employee 9492,Female,36,IT,Specialist,2018-09-10,634956,3,Yes,Diploma,Married,7,Yes,1,Delhi
9493,Employee 9493,Male,59,Support,Analyst,2019-10-24,376186,1,No,Diploma,Single,6,No,4,Delhi
9494,Employee 9494,Female,30,Sales,Associate,2022-06-08,1255095,5,No,Master,Single,4,No,5,Hyderabad
9495,Employee 9495,Male,57,Marketing,Executive,2025-11-21,507277,1,No,Bachelor,Married,0,No,4,Hyderabad
9496,Employee 9496,Female,38,HR,Specialist,2023-09-21,920808,3,Yes,Bachelor,Single,2,Yes,4,Mumbai
9497,Employee 9497,Male,30,IT,Manager,2019-02-16,1120272,4,No,Diploma,Married,7,Yes,5,Hyderabad
9498,Employee 9498,Male,35,Support,Associate,2025-07-17,1306431,3,No,Bachelor,Married,0,Yes,3,Ahmedabad
9499,Employee 9499,Female,34,Operations,Analyst,2025-02-24,1582178,5,No,Master,Married,1,No,3,Hyderabad
9500,Employee 9500,Female,24,HR,Analyst,2015-05-15,899902,4,No,Master,Single,4,Yes,2,Ahmedabad
9501,Employee 9501,Female,46,Marketing,Specialist,2017-10-01,1694871,4,No,Bachelor,Single,8,Yes,1,Ahmedabad
9502,Employee 9502,Male,57,IT,Manager,2022-05-23,574046,3,No,Master,Married,4,Yes,1,Chennai
9503,Employee 9503,Female,29,Operations,Analyst,2017-06-09,1085139,2,No,Diploma,Married,9,Yes,3,Ahmedabad
9504,Employee 9504,Female,46,Operations,Analyst,2016-11-06,1095663,4,No,Diploma,Married,9,Yes,4,Pune
9505,Employee 9505,Female,60,IT,Executive,2019-10-24,260434,4,Yes,Master,Single,6,Yes,2,Pune
9506,Employee 9506,Female,57,Sales,Analyst,2022-07-08,1079619,2,No,Diploma,Single,3,Yes,1,Pune
9507,Employee 9507,Female,46,HR,Manager,2019-10-01,1505449,2,No,Diploma,Married,6,Yes,2,Ahmedabad
9508,Employee 9508,Female,27,IT,Executive,2023-10-31,621961,4,No,Diploma,Single,2,Yes,4,Mumbai
9509,Employee 9509,Male,22,Support,Associate,2020-07-10,776535,4,No,Bachelor,Single,2,Yes,1,Chennai
9510,Employee 9510,Female,41,Marketing,Specialist,2015-12-01,488700,1,No,Master,Married,10,Yes,2,Hyderabad
9511,Employee 9511,Female,23,HR,Analyst,2015-09-16,1533362,5,No,Bachelor,Single,3,No,3,Mumbai
9512,Employee 9512,Male,48,Marketing,Engineer,2018-04-14,475160,3,Yes,Master,Single,8,Yes,5,Chennai
9513,Employee 9513,Female,40,Sales,Executive,2015-04-29,947165,5,No,Diploma,Single,11,No,2,Hyderabad
9514,Employee 9514,Female,46,HR,Associate,2015-01-27,1692293,5,No,Master,Married,11,No,3,Mumbai
9515,Employee 9515,Female,24,Marketing,Executive,2018-07-29,458698,1,No,Bachelor,Married,4,Yes,4,Bengaluru
9516,Employee 9516,Male,38,Sales,Engineer,2015-01-25,1284350,1,No,Diploma,Single,11,No,1,Pune
9517,Employee 9517,Male,48,IT,Analyst,2019-06-22,1678100,2,Yes,Bachelor,Single,7,Yes,4,Chennai
9518,Employee 9518,Male,52,Sales,Associate,2024-07-30,881870,2,No,Diploma,Single,1,Yes,2,Hyderabad
9519,Employee 9519,Female,42,IT,Engineer,2022-05-31,253171,4,No,Master,Married,4,No,4,Ahmedabad
9520,Employee 9520,Female,23,Sales,Analyst,2023-12-20,926686,1,No,Diploma,Single,2,Yes,4,Chennai
9521,Employee 9521,Female,30,IT,Executive,2023-08-13,745694,3,No,Diploma,Single,2,Yes,2,Bengaluru
9522,Employee 9522,Male,47,Marketing,Associate,2017-01-15,832736,3,Yes,Bachelor,Single,9,No,3,Ahmedabad
9523,Employee 9523,Female,27,HR,Analyst,2025-12-18,903757,3,No,Master,Married,0,Yes,1,Mumbai
9524,Employee 9524,Female,55,IT,Executive,2015-05-28,1405660,5,No,Bachelor,Married,11,No,5,Ahmedabad
9525,Employee 9525,Male,36,HR,Manager,2017-03-02,464417,5,No,Master,Married,9,No,4,Bengaluru
9526,Employee 9526,Female,25,IT,Analyst,2026-01-11,760840,4,No,Master,Married,0,No,4,Chennai
9527,Employee 9527,Male,28,Sales,Analyst,2016-07-14,1587430,2,No,Master,Single,8,Yes,3,Ahmedabad
9528,Employee 9528,Female,30,Marketing,Executive,2022-08-06,648667,2,No,Diploma,Single,3,No,1,Pune
9529,Employee 9529,Male,33,Sales,Executive,2016-07-19,1680744,1,No,Master,Single,9,No,5,Hyderabad
9530,Employee 9530,Female,21,Finance,Manager,2023-12-19,1140097,2,No,Master,Single,1,Yes,3,Bengaluru
9531,Employee 9531,Male,44,Support,Associate,2022-05-31,1242544,3,Yes,Bachelor,Married,4,No,5,Ahmedabad
9532,Employee 9532,Female,31,Support,Manager,2019-09-20,1753565,3,Yes,Diploma,Married,6,No,4,Delhi
9533,Employee 9533,Female,22,Support,Executive,2024-03-26,1395364,4,No,Diploma,Single,2,Yes,4,Pune
9534,Employee 9534,Male,45,Sales,Analyst,2020-09-29,386045,3,No,Master,Single,5,Yes,5,Ahmedabad
9535,Employee 9535,Female,41,Finance,Manager,2021-01-05,642496,2,No,Bachelor,Married,5,Yes,1,Pune
9536,Employee 9536,Male,52,HR,Specialist,2023-11-04,1365098,5,No,Diploma,Married,2,Yes,1,Ahmedabad
9537,Employee 9537,Male,21,Marketing,Associate,2024-11-11,1555036,3,No,Bachelor,Married,1,No,5,Ahmedabad
9538,Employee 9538,Male,29,Marketing,Engineer,2022-09-20,867324,2,No,Bachelor,Single,3,Yes,2,Bengaluru
9539,Employee 9539,Male,58,Marketing,Executive,2018-01-22,1375084,2,No,Master,Single,8,Yes,2,Ahmedabad
9540,Employee 9540,Male,57,Sales,Engineer,2015-09-03,1168581,3,No,Bachelor,Married,10,Yes,3,Pune
9541,Employee 9541,Female,50,Sales,Analyst,2021-10-20,439388,5,No,Master,Married,4,Yes,2,Ahmedabad
9542,Employee 9542,Female,42,Sales,Specialist,2024-05-25,1460044,4,No,Master,Married,2,No,3,Chennai
9543,Employee 9543,Female,43,Sales,Specialist,2023-03-18,662201,4,No,Diploma,Married,3,Yes,3,Ahmedabad
9544,Employee 9544,Male,30,Operations,Engineer,2025-11-05,432510,2,Yes,Diploma,Married,0,Yes,1,Bengaluru
9545,Employee 9545,Male,37,Sales,Executive,2023-02-17,469285,1,No,Bachelor,Single,3,Yes,4,Mumbai
9546,Employee 9546,Male,47,Finance,Executive,2025-03-17,1092149,3,No,Diploma,Single,1,No,5,Mumbai
9547,Employee 9547,Male,27,Finance,Associate,2023-01-01,1627669,3,No,Master,Married,3,No,4,Ahmedabad
9548,Employee 9548,Male,50,Support,Analyst,2024-09-27,1034162,5,No,Bachelor,Married,1,No,2,Chennai
9549,Employee 9549,Male,22,IT,Associate,2024-06-23,1383878,5,No,Diploma,Married,2,Yes,3,Ahmedabad
9550,Employee 9550,Female,22,Operations,Analyst,2021-12-13,1019490,2,No,Diploma,Single,2,Yes,5,Chennai
9551,Employee 9551,Female,49,Support,Analyst,2022-04-15,839695,1,No,Bachelor,Married,4,No,5,Hyderabad
9552,Employee 9552,Female,25,Finance,Engineer,2024-03-28,382266,3,No,Diploma,Single,2,No,5,Hyderabad
9553,Employee 9553,Male,42,Marketing,Analyst,2019-07-03,1450091,2,Yes,Diploma,Married,7,No,2,Chennai
9554,Employee 9554,Male,22,Finance,Specialist,2020-07-10,828799,4,No,Bachelor,Single,2,Yes,3,Pune
9555,Employee 9555,Male,28,Finance,Associate,2021-02-26,1181100,3,No,Bachelor,Single,5,Yes,3,Chennai
9556,Employee 9556,Male,49,Sales,Associate,2015-03-31,1799535,4,No,Diploma,Married,11,No,4,Chennai
9557,Employee 9557,Male,47,IT,Engineer,2024-09-08,930017,2,No,Bachelor,Married,1,No,4,Pune
9558,Employee 9558,Male,22,Marketing,Associate,2026-02-15,1196879,1,No,Master,Single,0,Yes,4,Hyderabad
9559,Employee 9559,Female,27,IT,Engineer,2017-08-31,1475065,4,No,Master,Married,7,Yes,4,Delhi
9560,Employee 9560,Female,36,Marketing,Specialist,2025-10-16,1552253,1,No,Diploma,Single,0,Yes,1,Pune
9561,Employee 9561,Female,24,Operations,Executive,2025-12-17,1294533,5,No,Bachelor,Single,0,Yes,4,Hyderabad
9562,Employee 9562,Male,53,Sales,Engineer,2023-01-28,465018,2,No,Bachelor,Married,3,No,2,Ahmedabad
9563,Employee 9563,Female,38,Marketing,Manager,2026-03-21,1572271,2,No,Bachelor,Single,0,No,3,Pune
9564,Employee 9564,Male,47,HR,Associate,2024-10-29,415097,1,No,Diploma,Married,1,Yes,2,Hyderabad
9565,Employee 9565,Female,24,HR,Analyst,2020-08-08,1358823,1,No,Bachelor,Married,4,No,1,Chennai
9566,Employee 9566,Female,24,Support,Specialist,2025-11-24,356406,5,No,Master,Single,0,No,3,Delhi
9567,Employee 9567,Female,54,Sales,Associate,2019-09-23,454757,1,No,Bachelor,Single,6,No,1,Delhi
9568,Employee 9568,Male,34,Finance,Executive,2019-08-15,868801,2,No,Master,Single,6,Yes,2,Mumbai
9569,Employee 9569,Male,31,Support,Engineer,2018-03-19,732521,3,No,Diploma,Married,8,Yes,3,Chennai
9570,Employee 9570,Male,22,Support,Engineer,2025-12-31,1460743,2,No,Diploma,Single,0,Yes,2,Bengaluru
9571,Employee 9571,Female,36,HR,Analyst,2019-01-05,397988,4,No,Master,Married,7,No,1,Chennai
9572,Employee 9572,Male,21,HR,Manager,2015-03-11,1050265,5,No,Diploma,Married,1,No,4,Chennai
9573,Employee 9573,Female,28,Support,Manager,2025-10-29,1298080,1,No,Diploma,Single,0,Yes,4,Hyderabad
9574,Employee 9574,Male,33,Operations,Manager,2015-06-11,691513,2,Yes,Master,Single,11,Yes,4,Ahmedabad
9575,Employee 9575,Female,33,Sales,Specialist,2016-05-18,1563237,1,No,Bachelor,Single,10,No,1,Chennai
9576,Employee 9576,Female,28,Support,Manager,2019-04-27,570848,5,No,Bachelor,Married,7,Yes,5,Delhi
9577,Employee 9577,Female,38,Operations,Associate,2019-05-31,1128379,4,No,Diploma,Single,7,Yes,4,Bengaluru
9578,Employee 9578,Female,59,Operations,Executive,2016-03-28,553145,1,No,Master,Married,10,No,5,Hyderabad
9579,Employee 9579,Male,51,Finance,Manager,2017-04-20,873625,5,No,Master,Single,9,Yes,3,Chennai
9580,Employee 9580,Male,35,Operations,Specialist,2015-06-28,1308970,2,No,Bachelor,Married,11,No,1,Chennai
9581,Employee 9581,Female,47,Operations,Associate,2017-12-15,268967,3,Yes,Diploma,Married,8,No,3,Hyderabad
9582,Employee 9582,Male,59,Sales,Analyst,2019-01-21,764903,2,Yes,Bachelor,Single,7,Yes,5,Bengaluru
9583,Employee 9583,Male,58,Operations,Analyst,2025-06-22,670504,3,No,Master,Married,1,Yes,4,Hyderabad
9584,Employee 9584,Male,37,Marketing,Associate,2026-06-02,1667970,4,No,Bachelor,Married,0,Yes,2,Bengaluru
9585,Employee 9585,Male,43,Finance,Analyst,2019-12-23,652056,4,No,Diploma,Married,6,No,3,Mumbai
9586,Employee 9586,Male,46,Marketing,Analyst,2020-04-20,1714860,1,No,Bachelor,Single,6,Yes,3,Hyderabad
9587,Employee 9587,Female,29,Sales,Manager,2024-02-23,796543,2,No,Diploma,Single,2,Yes,5,Bengaluru
9588,Employee 9588,Male,46,Support,Manager,2017-02-17,1044708,1,No,Diploma,Single,9,Yes,2,Chennai
9589,Employee 9589,Female,27,Operations,Specialist,2020-01-19,749167,3,No,Master,Single,6,Yes,5,Bengaluru
9590,Employee 9590,Female,40,Operations,Executive,2016-07-17,1045908,5,No,Master,Married,9,No,2,Chennai
9591,Employee 9591,Female,38,Finance,Specialist,2023-02-01,1109221,5,No,Master,Single,3,No,2,Mumbai
9592,Employee 9592,Female,48,Support,Associate,2022-01-27,298407,5,No,Bachelor,Single,4,No,1,Pune
9593,Employee 9593,Male,35,IT,Manager,2016-04-29,1625807,4,No,Bachelor,Married,10,Yes,5,Hyderabad
9594,Employee 9594,Female,37,Operations,Manager,2015-09-14,910068,3,No,Bachelor,Single,10,No,2,Ahmedabad
9595,Employee 9595,Female,56,Sales,Engineer,2025-03-01,1173930,3,No,Diploma,Married,1,Yes,5,Ahmedabad
9596,Employee 9596,Male,40,Sales,Engineer,2026-03-17,1183018,4,No,Bachelor,Single,0,Yes,4,Pune
9597,Employee 9597,Female,21,Support,Analyst,2018-08-16,1743747,1,No,Diploma,Married,1,No,4,Pune
9598,Employee 9598,Female,60,Operations,Associate,2024-10-19,1346291,1,No,Diploma,Married,1,No,1,Hyderabad
9599,Employee 9599,Female,49,Support,Analyst,2024-04-27,800055,1,No,Bachelor,Married,2,No,2,Mumbai
9600,Employee 9600,Female,46,Marketing,Analyst,2024-12-07,310860,5,No,Bachelor,Single,1,Yes,3,Delhi
9601,Employee 9601,Male,52,Finance,Manager,2020-11-14,1327211,5,No,Bachelor,Single,5,Yes,3,Ahmedabad
9602,Employee 9602,Male,21,Operations,Specialist,2019-06-09,1694764,4,No,Diploma,Married,1,Yes,4,Hyderabad
9603,Employee 9603,Female,57,Marketing,Engineer,2020-04-17,1104303,3,No,Master,Single,6,No,3,Mumbai
9604,Employee 9604,Female,59,Operations,Engineer,2025-04-05,997075,1,No,Bachelor,Married,1,Yes,5,Pune
9605,Employee 9605,Female,23,Finance,Analyst,2023-01-12,1511739,4,No,Diploma,Single,3,No,3,Hyderabad
9606,Employee 9606,Female,35,Support,Associate,2015-11-14,421603,3,No,Master,Married,10,Yes,1,Chennai
9607,Employee 9607,Male,44,IT,Analyst,2020-08-31,342061,5,No,Diploma,Single,5,Yes,4,Bengaluru
9608,Employee 9608,Female,42,Sales,Engineer,2026-02-22,308529,4,No,Master,Married,0,Yes,4,Hyderabad
9609,Employee 9609,Male,25,Marketing,Analyst,2021-01-25,832460,1,No,Master,Married,5,No,3,Ahmedabad
9610,Employee 9610,Female,47,Finance,Specialist,2017-03-19,724442,1,Yes,Diploma,Single,9,No,5,Ahmedabad
9611,Employee 9611,Female,38,HR,Associate,2019-11-01,412553,2,No,Bachelor,Single,6,No,2,Bengaluru
9612,Employee 9612,Male,42,HR,Analyst,2021-07-21,632248,1,No,Diploma,Married,4,Yes,5,Delhi
9613,Employee 9613,Male,24,Sales,Associate,2019-02-05,1763667,4,Yes,Diploma,Single,4,No,4,Chennai
9614,Employee 9614,Female,42,Finance,Manager,2021-02-20,1701267,4,No,Master,Single,5,Yes,1,Pune
9615,Employee 9615,Female,53,IT,Manager,2017-05-11,277562,1,No,Bachelor,Married,9,Yes,5,Delhi
9616,Employee 9616,Male,45,HR,Specialist,2019-12-21,1668246,4,No,Diploma,Married,6,No,2,Delhi
9617,Employee 9617,Male,59,IT,Manager,2015-10-07,1026690,4,Yes,Master,Single,10,No,2,Ahmedabad
9618,Employee 9618,Male,47,HR,Engineer,2022-11-29,1188730,1,No,Bachelor,Single,3,No,1,Hyderabad
9619,Employee 9619,Female,21,Operations,Manager,2025-02-07,815274,4,No,Bachelor,Single,1,Yes,1,Ahmedabad
9620,Employee 9620,Male,25,HR,Engineer,2016-01-20,664856,2,No,Master,Married,5,No,3,Bengaluru
9621,Employee 9621,Male,34,Sales,Executive,2018-11-22,482470,2,No,Bachelor,Married,7,Yes,3,Delhi
9622,Employee 9622,Male,43,HR,Engineer,2021-12-06,381074,5,No,Master,Single,4,No,4,Delhi
9623,Employee 9623,Male,42,Operations,Executive,2015-11-08,838725,1,Yes,Bachelor,Married,10,No,2,Chennai
9624,Employee 9624,Male,57,HR,Specialist,2025-12-08,1619613,5,No,Diploma,Single,0,Yes,2,Hyderabad
9625,Employee 9625,Female,57,Marketing,Executive,2019-06-08,959923,2,Yes,Diploma,Married,7,Yes,2,Delhi
9626,Employee 9626,Male,45,Marketing,Analyst,2016-10-07,779736,2,No,Bachelor,Married,9,Yes,5,Pune
9627,Employee 9627,Female,38,Marketing,Executive,2017-02-17,1767826,4,Yes,Master,Single,9,No,1,Ahmedabad
9628,Employee 9628,Female,24,IT,Manager,2023-12-01,1580303,2,No,Bachelor,Single,2,No,5,Pune
9629,Employee 9629,Male,59,Support,Executive,2015-11-18,321779,5,Yes,Diploma,Married,10,Yes,1,Chennai
9630,Employee 9630,Male,40,Sales,Manager,2018-04-12,765074,4,Yes,Master,Single,8,No,3,Delhi
9631,Employee 9631,Female,59,Marketing,Engineer,2023-04-30,1052093,2,No,Master,Single,3,No,3,Mumbai
9632,Employee 9632,Female,54,Marketing,Associate,2022-06-29,934704,3,No,Diploma,Married,4,No,3,Bengaluru
9633,Employee 9633,Female,24,HR,Analyst,2021-01-10,649678,5,No,Bachelor,Married,4,No,3,Delhi
9634,Employee 9634,Male,29,Marketing,Specialist,2018-08-28,477212,5,No,Bachelor,Single,7,Yes,2,Delhi
9635,Employee 9635,Female,52,Support,Analyst,2024-12-08,1191445,3,No,Master,Married,1,Yes,5,Pune
9636,Employee 9636,Male,24,IT,Manager,2021-07-07,1077813,1,Yes,Bachelor,Single,4,Yes,5,Bengaluru
9637,Employee 9637,Male,50,Support,Executive,2022-08-08,1168551,5,No,Bachelor,Married,3,Yes,4,Bengaluru
9638,Employee 9638,Male,34,Sales,Specialist,2017-11-12,362879,1,No,Diploma,Married,8,No,3,Delhi
9639,Employee 9639,Male,56,Finance,Manager,2024-03-09,523836,5,No,Master,Married,2,Yes,1,Pune
9640,Employee 9640,Male,41,Marketing,Manager,2018-02-23,1770937,3,No,Diploma,Single,8,No,2,Mumbai
9641,Employee 9641,Male,34,HR,Manager,2019-06-07,1511994,3,No,Master,Single,7,Yes,5,Ahmedabad
9642,Employee 9642,Male,34,Support,Analyst,2023-11-22,764467,1,No,Master,Single,2,No,5,Bengaluru
9643,Employee 9643,Male,21,HR,Associate,2020-07-20,752168,3,Yes,Diploma,Single,1,No,5,Bengaluru
9644,Employee 9644,Male,45,Finance,Analyst,2019-06-21,458929,3,No,Master,Married,7,No,5,Hyderabad
9645,Employee 9645,Male,25,Marketing,Specialist,2016-11-08,976774,1,No,Bachelor,Single,5,No,3,Mumbai
9646,Employee 9646,Male,38,HR,Analyst,2016-07-23,815654,3,No,Diploma,Single,9,Yes,2,Mumbai
9647,Employee 9647,Male,54,Marketing,Associate,2016-03-05,472150,1,No,Bachelor,Married,10,No,2,Pune
9648,Employee 9648,Female,36,Marketing,Associate,2017-11-12,1373839,1,No,Master,Married,8,Yes,5,Ahmedabad
9649,Employee 9649,Male,42,Support,Executive,2016-12-25,351434,4,No,Bachelor,Single,9,No,4,Hyderabad
9650,Employee 9650,Female,60,IT,Engineer,2015-09-04,686583,4,No,Bachelor,Married,10,No,4,Ahmedabad
9651,Employee 9651,Female,31,Support,Analyst,2015-12-18,1362255,1,No,Bachelor,Married,10,No,1,Ahmedabad
9652,Employee 9652,Male,32,Support,Specialist,2019-03-08,486339,1,No,Diploma,Married,7,No,4,Delhi
9653,Employee 9653,Female,47,Operations,Manager,2022-04-07,750997,5,No,Diploma,Single,4,No,2,Chennai
9654,Employee 9654,Female,28,Finance,Associate,2016-07-31,1698799,3,No,Bachelor,Single,8,Yes,3,Chennai
9655,Employee 9655,Female,43,Operations,Analyst,2022-11-03,776423,4,No,Diploma,Single,3,No,1,Ahmedabad
9656,Employee 9656,Male,35,Operations,Analyst,2019-10-08,1620993,2,Yes,Bachelor,Married,6,Yes,1,Delhi
9657,Employee 9657,Female,45,Sales,Specialist,2024-10-14,608553,2,No,Bachelor,Single,1,Yes,4,Pune
9658,Employee 9658,Female,60,HR,Executive,2015-12-15,663901,4,No,Diploma,Single,10,No,3,Mumbai
9659,Employee 9659,Male,29,HR,Executive,2024-01-11,973676,5,Yes,Diploma,Single,2,Yes,4,Hyderabad
9660,Employee 9660,Female,31,Finance,Associate,2023-03-30,1028825,5,No,Bachelor,Married,3,Yes,3,Ahmedabad
9661,Employee 9661,Male,30,HR,Associate,2024-02-04,1036069,4,No,Master,Single,2,No,4,Mumbai
9662,Employee 9662,Male,30,Sales,Engineer,2025-04-20,483406,1,No,Master,Married,1,Yes,1,Ahmedabad
9663,Employee 9663,Male,57,Finance,Engineer,2018-10-09,833995,4,Yes,Bachelor,Single,7,Yes,1,Delhi
9664,Employee 9664,Female,37,Marketing,Executive,2019-01-06,1379489,4,No,Master,Single,7,Yes,1,Mumbai
9665,Employee 9665,Female,59,Support,Analyst,2023-09-10,452467,1,No,Master,Single,2,No,3,Pune
9666,Employee 9666,Male,27,HR,Analyst,2019-06-13,395438,4,Yes,Bachelor,Single,7,No,4,Delhi
9667,Employee 9667,Male,42,Operations,Manager,2019-06-10,1060647,2,No,Master,Single,7,No,2,Chennai
9668,Employee 9668,Male,43,IT,Executive,2017-01-13,1471896,3,No,Diploma,Single,9,No,3,Ahmedabad
9669,Employee 9669,Female,33,HR,Manager,2017-12-10,722513,3,Yes,Bachelor,Married,8,No,5,Mumbai
9670,Employee 9670,Male,25,Support,Specialist,2021-08-08,538930,5,No,Bachelor,Married,4,No,3,Pune
9671,Employee 9671,Male,32,Support,Specialist,2018-05-28,1696136,2,No,Diploma,Married,8,Yes,3,Mumbai
9672,Employee 9672,Female,49,Finance,Engineer,2025-01-05,1550572,5,Yes,Diploma,Single,1,Yes,2,Mumbai
9673,Employee 9673,Female,53,IT,Associate,2022-03-15,1535743,5,No,Bachelor,Married,4,Yes,1,Hyderabad
9674,Employee 9674,Male,53,IT,Engineer,2024-05-24,1315584,5,No,Bachelor,Single,2,Yes,5,Bengaluru
9675,Employee 9675,Male,37,Finance,Specialist,2022-01-04,733748,3,No,Bachelor,Single,4,Yes,3,Hyderabad
9676,Employee 9676,Female,36,HR,Manager,2015-03-01,970119,4,No,Diploma,Married,11,Yes,2,Bengaluru
9677,Employee 9677,Female,26,Finance,Analyst,2017-03-05,413638,3,No,Bachelor,Single,6,Yes,3,Chennai
9678,Employee 9678,Female,42,Support,Analyst,2025-11-04,389091,4,No,Bachelor,Married,0,Yes,2,Hyderabad
9679,Employee 9679,Male,55,Finance,Specialist,2023-07-05,1305786,2,No,Master,Married,2,No,2,Pune
9680,Employee 9680,Male,54,Support,Engineer,2025-10-25,1699903,3,No,Diploma,Single,0,No,4,Pune
9681,Employee 9681,Male,38,Support,Engineer,2025-01-07,1531097,5,No,Bachelor,Single,1,Yes,2,Ahmedabad
9682,Employee 9682,Female,50,Finance,Executive,2026-03-25,453219,1,No,Master,Single,0,Yes,5,Delhi
9683,Employee 9683,Male,59,Marketing,Executive,2019-02-24,1189597,2,No,Master,Married,7,Yes,2,Pune
9684,Employee 9684,Male,36,Sales,Engineer,2021-10-17,1701189,2,Yes,Bachelor,Married,4,Yes,2,Chennai
9685,Employee 9685,Female,30,Sales,Manager,2024-05-22,1236754,4,No,Diploma,Single,2,No,2,Bengaluru
9686,Employee 9686,Female,24,IT,Engineer,2016-04-02,270567,4,No,Master,Married,4,Yes,4,Hyderabad
9687,Employee 9687,Male,35,IT,Engineer,2017-10-10,1624054,1,No,Diploma,Married,8,Yes,3,Delhi
9688,Employee 9688,Male,23,HR,Specialist,2025-05-13,1213262,5,No,Master,Single,1,No,4,Hyderabad
9689,Employee 9689,Female,27,HR,Executive,2022-08-31,979593,4,Yes,Master,Married,3,Yes,5,Delhi
9690,Employee 9690,Male,32,Marketing,Executive,2015-06-17,616559,4,No,Bachelor,Married,11,Yes,4,Chennai
9691,Employee 9691,Female,50,Operations,Manager,2018-03-04,1039680,5,No,Bachelor,Single,8,Yes,4,Pune
9692,Employee 9692,Female,54,Sales,Manager,2025-06-08,1209933,5,No,Master,Married,1,No,2,Hyderabad
9693,Employee 9693,Male,55,Marketing,Analyst,2017-04-04,1066234,1,No,Diploma,Married,9,Yes,2,Pune
9694,Employee 9694,Male,26,Finance,Specialist,2025-11-20,776832,4,No,Bachelor,Married,0,No,5,Delhi
9695,Employee 9695,Male,30,Support,Analyst,2017-12-15,802025,4,No,Bachelor,Married,8,Yes,3,Pune
9696,Employee 9696,Male,36,HR,Associate,2022-10-13,1213655,4,No,Diploma,Married,3,Yes,2,Bengaluru
9697,Employee 9697,Female,31,Marketing,Analyst,2018-07-07,947607,5,No,Diploma,Single,7,Yes,2,Chennai
9698,Employee 9698,Male,58,Finance,Specialist,2015-05-04,1289406,5,No,Master,Single,11,No,1,Delhi
9699,Employee 9699,Female,35,IT,Specialist,2019-05-19,303601,4,No,Bachelor,Married,7,No,1,Bengaluru
9700,Employee 9700,Male,29,Finance,Specialist,2019-07-14,1792658,5,No,Master,Single,6,No,4,Hyderabad
9701,Employee 9701,Male,47,Sales,Executive,2024-08-07,1730764,5,No,Master,Married,1,Yes,1,Delhi
9702,Employee 9702,Male,26,Marketing,Specialist,2022-05-14,882554,1,No,Bachelor,Single,4,No,2,Bengaluru
9703,Employee 9703,Male,45,HR,Engineer,2017-07-03,1604027,3,No,Diploma,Single,9,No,5,Mumbai
9704,Employee 9704,Female,33,Sales,Specialist,2025-03-07,1096445,1,No,Master,Single,1,Yes,3,Ahmedabad
9705,Employee 9705,Male,58,Support,Engineer,2021-08-07,1384557,5,No,Master,Single,4,No,2,Mumbai
9706,Employee 9706,Male,48,Operations,Associate,2017-03-21,1694515,4,No,Bachelor,Single,9,Yes,1,Bengaluru
9707,Employee 9707,Male,30,IT,Manager,2015-03-04,993067,1,No,Bachelor,Married,10,Yes,3,Ahmedabad
9708,Employee 9708,Male,43,Operations,Engineer,2024-09-12,1260713,4,No,Master,Married,1,No,2,Hyderabad
9709,Employee 9709,Female,41,IT,Specialist,2023-11-15,1163422,2,No,Diploma,Single,2,No,2,Ahmedabad
9710,Employee 9710,Female,21,Operations,Specialist,2025-11-29,1341571,5,No,Master,Single,0,Yes,4,Bengaluru
9711,Employee 9711,Female,53,IT,Associate,2017-08-05,1105383,4,No,Master,Single,8,No,5,Pune
9712,Employee 9712,Female,24,Support,Specialist,2019-08-07,610256,2,No,Diploma,Married,4,Yes,4,Hyderabad
9713,Employee 9713,Female,57,IT,Specialist,2017-02-26,1239302,2,No,Master,Married,9,Yes,3,Pune
9714,Employee 9714,Female,37,Finance,Analyst,2020-10-31,1060681,2,No,Diploma,Married,5,Yes,3,Hyderabad
9715,Employee 9715,Female,56,Sales,Analyst,2015-02-20,1189811,3,No,Master,Married,11,No,2,Delhi
9716,Employee 9716,Male,34,Marketing,Associate,2024-11-06,1292094,5,No,Bachelor,Single,1,Yes,4,Hyderabad
9717,Employee 9717,Male,24,Operations,Engineer,2016-10-10,689503,1,No,Master,Single,4,No,2,Mumbai
9718,Employee 9718,Female,41,Support,Analyst,2025-11-11,1263351,4,No,Bachelor,Single,0,No,5,Chennai
9719,Employee 9719,Male,51,Marketing,Analyst,2019-03-06,1587249,2,No,Diploma,Married,7,Yes,5,Bengaluru
9720,Employee 9720,Male,59,HR,Analyst,2023-04-02,673418,2,No,Diploma,Single,3,No,5,Delhi
9721,Employee 9721,Female,45,Support,Engineer,2021-05-05,1092311,5,No,Master,Single,5,Yes,2,Delhi
9722,Employee 9722,Male,43,Support,Specialist,2022-06-05,460819,4,Yes,Diploma,Single,4,No,3,Pune
9723,Employee 9723,Female,39,Marketing,Manager,2015-04-23,1304106,4,No,Bachelor,Married,11,Yes,1,Hyderabad
9724,Employee 9724,Female,44,HR,Analyst,2016-08-24,517818,3,No,Diploma,Married,9,No,3,Pune
9725,Employee 9725,Male,49,HR,Specialist,2026-02-26,268218,5,No,Bachelor,Single,0,No,2,Mumbai
9726,Employee 9726,Female,27,Operations,Engineer,2025-06-27,1354781,4,No,Diploma,Married,1,No,2,Pune
9727,Employee 9727,Female,49,Finance,Specialist,2020-09-22,737251,1,No,Bachelor,Single,5,No,5,Ahmedabad
9728,Employee 9728,Female,24,Sales,Executive,2016-06-25,403666,4,Yes,Master,Single,4,No,5,Hyderabad
9729,Employee 9729,Female,48,IT,Executive,2019-06-25,312510,4,Yes,Master,Single,7,No,1,Pune
9730,Employee 9730,Female,42,Finance,Executive,2021-03-30,1796937,4,No,Master,Married,5,No,1,Pune
9731,Employee 9731,Male,28,IT,Analyst,2019-06-20,1778442,4,Yes,Master,Single,7,No,4,Ahmedabad
9732,Employee 9732,Female,21,IT,Executive,2023-01-04,1432226,2,No,Diploma,Married,1,No,1,Hyderabad
9733,Employee 9733,Female,27,IT,Executive,2024-03-16,1277088,1,No,Bachelor,Married,2,Yes,5,Hyderabad
9734,Employee 9734,Female,21,Support,Specialist,2020-04-18,1377361,1,No,Diploma,Single,1,No,4,Bengaluru
9735,Employee 9735,Male,29,Finance,Engineer,2022-08-10,616610,5,Yes,Master,Married,3,No,4,Bengaluru
9736,Employee 9736,Male,57,Support,Specialist,2016-12-07,279074,4,Yes,Diploma,Single,9,No,3,Pune
9737,Employee 9737,Male,37,Sales,Analyst,2017-03-05,641356,2,No,Master,Married,9,Yes,2,Bengaluru
9738,Employee 9738,Female,57,HR,Specialist,2023-07-17,1211901,5,No,Master,Single,2,Yes,1,Ahmedabad
9739,Employee 9739,Female,23,HR,Engineer,2020-10-21,1371872,1,Yes,Diploma,Single,3,Yes,2,Hyderabad
9740,Employee 9740,Male,28,Operations,Engineer,2021-05-23,848931,2,No,Bachelor,Married,5,No,4,Ahmedabad
9741,Employee 9741,Female,38,Sales,Analyst,2020-05-11,1456391,5,Yes,Diploma,Single,6,Yes,4,Mumbai
9742,Employee 9742,Female,21,Sales,Engineer,2017-04-24,1625520,2,No,Diploma,Single,1,No,5,Pune
9743,Employee 9743,Male,34,Support,Manager,2024-05-08,726169,4,No,Diploma,Single,2,Yes,2,Delhi
9744,Employee 9744,Male,49,Sales,Manager,2018-03-11,1455465,1,No,Bachelor,Married,8,Yes,4,Ahmedabad
9745,Employee 9745,Male,30,Marketing,Associate,2022-06-28,1394635,3,No,Diploma,Single,4,Yes,1,Bengaluru
9746,Employee 9746,Male,42,HR,Analyst,2016-08-27,638851,2,No,Master,Single,9,Yes,1,Delhi
9747,Employee 9747,Female,23,Support,Manager,2025-06-25,1705060,2,No,Diploma,Married,1,Yes,4,Chennai
9748,Employee 9748,Male,33,Support,Manager,2018-07-18,1614635,4,No,Diploma,Single,7,No,4,Bengaluru
9749,Employee 9749,Male,22,IT,Manager,2020-01-31,813547,5,No,Diploma,Single,2,No,4,Hyderabad
9750,Employee 9750,Female,60,Operations,Engineer,2018-12-22,1390804,2,No,Diploma,Married,7,No,2,Chennai
9751,Employee 9751,Female,41,Sales,Manager,2023-01-20,1036149,4,No,Bachelor,Married,3,Yes,4,Chennai
9752,Employee 9752,Male,49,Sales,Specialist,2015-12-07,1714973,2,No,Master,Single,10,No,1,Pune
9753,Employee 9753,Female,27,Support,Executive,2015-11-03,920542,4,No,Diploma,Single,7,No,3,Ahmedabad
9754,Employee 9754,Female,40,IT,Engineer,2017-12-09,1511622,3,No,Master,Married,8,No,5,Ahmedabad
9755,Employee 9755,Female,26,IT,Engineer,2015-03-13,584729,5,No,Diploma,Single,6,No,2,Hyderabad
9756,Employee 9756,Male,38,IT,Analyst,2020-04-05,1422204,5,No,Bachelor,Married,6,Yes,5,Ahmedabad
9757,Employee 9757,Female,54,Marketing,Analyst,2017-12-27,1200050,3,No,Master,Single,8,No,4,Ahmedabad
9758,Employee 9758,Female,48,Marketing,Manager,2018-10-28,773231,2,Yes,Bachelor,Married,7,Yes,1,Hyderabad
9759,Employee 9759,Female,54,Marketing,Engineer,2018-10-25,390452,5,No,Bachelor,Single,7,No,4,Hyderabad
9760,Employee 9760,Male,54,IT,Specialist,2022-06-04,591218,5,No,Diploma,Married,4,No,1,Chennai
9761,Employee 9761,Female,30,Marketing,Analyst,2022-12-27,1613235,2,No,Diploma,Married,3,No,2,Chennai
9762,Employee 9762,Female,24,Finance,Specialist,2024-08-11,1065432,2,No,Master,Single,1,Yes,2,Mumbai
9763,Employee 9763,Female,22,Support,Associate,2022-08-27,911510,1,No,Bachelor,Single,2,No,4,Hyderabad
9764,Employee 9764,Female,43,Marketing,Associate,2016-08-27,547392,2,No,Master,Married,9,Yes,2,Hyderabad
9765,Employee 9765,Female,54,Marketing,Manager,2019-05-03,1389534,5,No,Master,Married,7,Yes,3,Delhi
9766,Employee 9766,Female,40,IT,Executive,2025-10-20,545351,1,No,Diploma,Married,0,Yes,2,Delhi
9767,Employee 9767,Female,21,Finance,Specialist,2020-03-21,523559,2,No,Bachelor,Married,1,No,3,Bengaluru
9768,Employee 9768,Female,54,Marketing,Analyst,2018-02-20,1012586,3,Yes,Diploma,Married,8,No,3,Hyderabad
9769,Employee 9769,Female,58,Marketing,Associate,2016-04-26,514280,3,Yes,Diploma,Married,10,Yes,5,Delhi
9770,Employee 9770,Female,25,Support,Analyst,2019-08-14,827675,1,No,Bachelor,Married,5,Yes,5,Pune
9771,Employee 9771,Male,29,Sales,Manager,2017-08-06,276262,1,No,Master,Married,8,Yes,2,Mumbai
9772,Employee 9772,Female,30,Support,Associate,2019-03-05,1690977,5,No,Bachelor,Married,7,Yes,3,Chennai
9773,Employee 9773,Male,36,Operations,Engineer,2019-09-14,1770427,1,No,Master,Married,6,No,3,Pune
9774,Employee 9774,Female,26,IT,Specialist,2020-01-23,1256900,5,Yes,Bachelor,Single,6,No,3,Bengaluru
9775,Employee 9775,Female,26,HR,Associate,2017-04-10,1481899,4,No,Diploma,Single,6,No,2,Bengaluru
9776,Employee 9776,Female,38,Sales,Manager,2019-09-28,1331384,3,No,Master,Single,6,No,5,Delhi
9777,Employee 9777,Female,29,Operations,Engineer,2019-07-05,1154092,3,No,Bachelor,Single,6,No,1,Hyderabad
9778,Employee 9778,Female,28,Support,Analyst,2017-12-07,1188978,2,Yes,Master,Married,8,Yes,3,Pune
9779,Employee 9779,Male,48,IT,Analyst,2024-06-29,644509,3,No,Bachelor,Married,2,Yes,2,Pune
9780,Employee 9780,Male,49,Sales,Analyst,2019-07-09,384246,2,No,Diploma,Single,6,No,4,Ahmedabad
9781,Employee 9781,Male,29,Marketing,Executive,2024-04-14,1178352,5,No,Bachelor,Married,2,Yes,2,Bengaluru
9782,Employee 9782,Male,52,Operations,Associate,2023-07-14,421672,1,No,Master,Married,2,Yes,4,Pune
9783,Employee 9783,Male,52,Support,Executive,2017-12-24,725565,1,Yes,Bachelor,Single,8,No,1,Delhi
9784,Employee 9784,Male,33,HR,Engineer,2021-11-16,1357243,1,No,Master,Married,4,Yes,1,Chennai
9785,Employee 9785,Female,49,Sales,Specialist,2018-10-21,1777041,3,No,Bachelor,Married,7,Yes,2,Mumbai
9786,Employee 9786,Male,45,HR,Analyst,2016-02-11,1008957,2,No,Master,Single,10,Yes,1,Delhi
9787,Employee 9787,Female,44,HR,Analyst,2016-05-25,1459290,2,No,Diploma,Married,10,Yes,1,Ahmedabad
9788,Employee 9788,Female,53,Finance,Executive,2018-03-14,1672097,2,Yes,Master,Single,8,Yes,4,Hyderabad
9789,Employee 9789,Female,40,Support,Specialist,2016-12-04,1556812,2,No,Master,Single,9,Yes,4,Bengaluru
9790,Employee 9790,Female,50,HR,Executive,2023-01-02,873834,2,No,Diploma,Single,3,Yes,5,Hyderabad
9791,Employee 9791,Male,46,Operations,Associate,2018-11-21,1190499,2,No,Master,Single,7,No,2,Delhi
9792,Employee 9792,Male,31,Finance,Associate,2015-05-07,1598184,5,No,Bachelor,Single,11,Yes,2,Bengaluru
9793,Employee 9793,Female,31,Sales,Executive,2021-07-13,1750524,2,Yes,Master,Single,4,Yes,2,Chennai
9794,Employee 9794,Male,38,HR,Manager,2024-12-31,1131838,5,No,Diploma,Single,1,No,3,Hyderabad
9795,Employee 9795,Female,25,Finance,Specialist,2016-11-02,671165,4,No,Master,Single,5,Yes,3,Delhi
9796,Employee 9796,Female,26,Support,Executive,2025-09-10,535730,2,No,Diploma,Single,0,Yes,3,Bengaluru
9797,Employee 9797,Male,59,Sales,Specialist,2019-07-02,793464,5,No,Diploma,Married,7,Yes,3,Pune
9798,Employee 9798,Female,55,IT,Associate,2023-05-01,280682,2,No,Diploma,Married,3,Yes,3,Mumbai
9799,Employee 9799,Female,51,Support,Executive,2018-10-26,1341718,4,No,Diploma,Married,7,Yes,3,Ahmedabad
9800,Employee 9800,Female,60,Support,Analyst,2016-03-07,1672701,2,No,Diploma,Single,10,Yes,5,Ahmedabad
9801,Employee 9801,Male,49,IT,Executive,2020-11-01,1122664,5,No,Bachelor,Married,5,No,3,Mumbai
9802,Employee 9802,Female,49,Support,Associate,2018-01-23,640925,5,No,Bachelor,Married,8,No,5,Pune
9803,Employee 9803,Male,38,IT,Analyst,2022-07-17,1022282,1,No,Bachelor,Single,3,Yes,4,Hyderabad
9804,Employee 9804,Female,59,Support,Manager,2016-08-13,1293613,1,No,Bachelor,Single,9,Yes,5,Hyderabad
9805,Employee 9805,Male,30,Sales,Specialist,2017-09-13,1745515,2,No,Master,Single,8,Yes,4,Pune
9806,Employee 9806,Male,46,IT,Engineer,2021-05-28,1053348,4,No,Bachelor,Single,5,No,1,Pune
9807,Employee 9807,Male,32,Finance,Manager,2019-02-20,1435287,1,No,Bachelor,Single,7,Yes,1,Mumbai
9808,Employee 9808,Male,44,Support,Manager,2022-12-12,931627,3,No,Diploma,Married,3,Yes,3,Chennai
9809,Employee 9809,Female,28,Marketing,Executive,2017-08-10,1724118,5,No,Master,Single,8,Yes,4,Hyderabad
9810,Employee 9810,Female,21,IT,Analyst,2024-01-06,969391,4,Yes,Master,Single,1,Yes,4,Delhi
9811,Employee 9811,Female,28,IT,Engineer,2018-05-14,1652347,3,No,Master,Married,8,Yes,4,Hyderabad
9812,Employee 9812,Male,55,Marketing,Specialist,2023-10-13,908361,5,Yes,Diploma,Single,2,Yes,3,Mumbai
9813,Employee 9813,Female,43,Marketing,Associate,2022-01-27,536678,5,No,Bachelor,Single,4,Yes,3,Delhi
9814,Employee 9814,Male,44,Operations,Specialist,2021-08-11,707788,2,No,Diploma,Single,4,No,5,Pune
9815,Employee 9815,Male,56,Operations,Specialist,2024-10-02,798262,4,No,Master,Single,1,No,3,Pune
9816,Employee 9816,Male,29,Marketing,Analyst,2020-12-23,1058417,4,Yes,Bachelor,Married,5,Yes,3,Pune
9817,Employee 9817,Female,36,Finance,Manager,2015-08-17,1008313,1,No,Master,Single,10,Yes,2,Mumbai
9818,Employee 9818,Female,45,IT,Executive,2017-06-01,637133,2,No,Diploma,Single,9,Yes,4,Pune
9819,Employee 9819,Female,42,Operations,Manager,2016-11-22,387717,2,No,Bachelor,Married,9,Yes,5,Delhi
9820,Employee 9820,Female,43,Operations,Analyst,2021-03-18,1379665,3,No,Diploma,Married,5,No,4,Ahmedabad
9821,Employee 9821,Female,47,IT,Executive,2019-05-22,601252,4,No,Diploma,Married,7,Yes,1,Pune
9822,Employee 9822,Female,30,Sales,Associate,2023-03-21,309812,3,No,Master,Single,3,Yes,3,Ahmedabad
9823,Employee 9823,Female,23,Marketing,Engineer,2016-12-14,711780,2,No,Diploma,Single,3,Yes,2,Pune
9824,Employee 9824,Male,37,Sales,Executive,2017-09-26,1574461,4,No,Master,Married,8,No,5,Ahmedabad
9825,Employee 9825,Male,55,Sales,Analyst,2020-09-07,1279841,2,No,Diploma,Single,5,Yes,3,Delhi
9826,Employee 9826,Female,32,Marketing,Associate,2025-04-24,1714197,2,No,Master,Married,1,Yes,3,Bengaluru
9827,Employee 9827,Female,39,HR,Engineer,2023-09-24,1139694,3,Yes,Diploma,Single,2,Yes,2,Bengaluru
9828,Employee 9828,Female,30,Sales,Manager,2018-11-07,1759331,5,No,Diploma,Married,7,Yes,5,Hyderabad
9829,Employee 9829,Male,24,Support,Analyst,2021-07-18,732318,1,No,Bachelor,Married,4,Yes,3,Chennai
9830,Employee 9830,Female,24,Sales,Associate,2016-01-16,1162160,3,No,Master,Single,4,No,4,Delhi
9831,Employee 9831,Male,37,HR,Specialist,2023-12-06,906553,2,No,Bachelor,Single,2,Yes,2,Mumbai
9832,Employee 9832,Female,42,Sales,Analyst,2016-05-25,1724445,1,No,Diploma,Married,10,Yes,1,Chennai
9833,Employee 9833,Female,60,HR,Associate,2020-05-13,1564817,3,No,Bachelor,Single,6,No,1,Bengaluru
9834,Employee 9834,Female,56,Marketing,Engineer,2024-12-14,1613340,4,No,Bachelor,Single,1,Yes,1,Hyderabad
9835,Employee 9835,Male,30,Finance,Manager,2017-06-14,1631787,2,Yes,Diploma,Single,9,No,5,Chennai
9836,Employee 9836,Female,60,Operations,Engineer,2025-07-20,885805,3,No,Bachelor,Single,0,No,1,Chennai
9837,Employee 9837,Male,22,Support,Manager,2023-08-31,681773,5,Yes,Master,Single,2,Yes,3,Bengaluru
9838,Employee 9838,Female,30,IT,Specialist,2026-02-18,1383285,1,No,Master,Single,0,No,1,Mumbai
9839,Employee 9839,Male,27,IT,Associate,2025-06-02,305887,5,No,Master,Married,1,Yes,4,Ahmedabad
9840,Employee 9840,Male,59,Operations,Engineer,2018-02-28,362039,2,No,Bachelor,Married,8,No,4,Pune
9841,Employee 9841,Female,40,HR,Associate,2016-12-19,846394,3,No,Diploma,Single,9,No,2,Bengaluru
9842,Employee 9842,Male,27,Sales,Associate,2015-12-08,553592,1,Yes,Master,Single,7,Yes,4,Ahmedabad
9843,Employee 9843,Male,30,Finance,Engineer,2019-06-12,615757,1,No,Diploma,Single,7,No,1,Hyderabad
9844,Employee 9844,Female,54,Support,Manager,2016-02-29,834924,4,No,Master,Married,10,Yes,2,Hyderabad
9845,Employee 9845,Male,34,IT,Engineer,2016-02-29,747394,3,No,Diploma,Single,10,No,1,Pune
9846,Employee 9846,Female,22,Finance,Analyst,2025-07-25,682614,2,No,Master,Single,0,Yes,1,Pune
9847,Employee 9847,Male,49,Marketing,Executive,2015-01-05,310092,1,No,Diploma,Married,11,Yes,4,Chennai
9848,Employee 9848,Female,46,Finance,Executive,2023-08-26,732222,5,No,Master,Single,2,Yes,3,Hyderabad
9849,Employee 9849,Female,38,Sales,Analyst,2019-01-26,1454731,5,No,Master,Single,7,Yes,5,Chennai
9850,Employee 9850,Male,60,Finance,Associate,2026-03-30,695295,5,No,Diploma,Married,0,Yes,1,Mumbai
9851,Employee 9851,Female,44,IT,Specialist,2019-02-27,723886,2,Yes,Master,Married,7,No,3,Bengaluru
9852,Employee 9852,Female,25,Sales,Specialist,2017-09-22,1161395,4,No,Bachelor,Married,5,Yes,2,Delhi
9853,Employee 9853,Female,38,Sales,Engineer,2022-08-17,1673383,5,No,Master,Single,3,No,3,Bengaluru
9854,Employee 9854,Male,51,Sales,Manager,2020-09-09,1363770,3,No,Diploma,Married,5,No,2,Hyderabad
9855,Employee 9855,Female,51,Finance,Engineer,2019-06-18,372136,2,No,Diploma,Married,7,Yes,5,Pune
9856,Employee 9856,Female,26,Marketing,Engineer,2021-12-25,684203,3,No,Bachelor,Married,4,Yes,5,Chennai
9857,Employee 9857,Male,33,Support,Specialist,2019-04-03,830242,5,Yes,Bachelor,Married,7,Yes,3,Mumbai
9858,Employee 9858,Female,30,Marketing,Analyst,2024-03-17,353106,1,No,Bachelor,Single,2,Yes,4,Ahmedabad
9859,Employee 9859,Male,29,Marketing,Engineer,2024-01-01,355112,2,No,Bachelor,Single,2,No,2,Delhi
9860,Employee 9860,Female,54,IT,Associate,2026-04-08,1194497,4,No,Master,Married,0,Yes,1,Mumbai
9861,Employee 9861,Female,31,Sales,Manager,2018-01-28,264094,2,No,Bachelor,Married,8,No,1,Hyderabad
9862,Employee 9862,Male,35,Operations,Manager,2021-06-09,668263,3,No,Master,Married,5,No,2,Ahmedabad
9863,Employee 9863,Female,52,Marketing,Associate,2019-02-04,549919,1,No,Diploma,Married,7,Yes,4,Hyderabad
9864,Employee 9864,Female,42,Marketing,Specialist,2025-01-31,415695,1,No,Master,Married,1,No,2,Chennai
9865,Employee 9865,Male,60,IT,Executive,2025-02-08,710631,3,No,Master,Married,1,No,3,Delhi
9866,Employee 9866,Female,55,IT,Manager,2017-10-09,1374230,4,No,Diploma,Married,8,No,2,Delhi
9867,Employee 9867,Male,43,IT,Analyst,2023-01-19,1438939,4,No,Master,Married,3,No,3,Chennai
9868,Employee 9868,Female,21,Finance,Executive,2017-01-16,703112,3,No,Master,Single,1,No,4,Chennai
9869,Employee 9869,Female,48,HR,Analyst,2018-11-13,951134,4,No,Bachelor,Married,7,Yes,4,Chennai
9870,Employee 9870,Male,51,Finance,Executive,2019-10-19,1041815,4,No,Diploma,Married,6,No,1,Bengaluru
9871,Employee 9871,Female,37,Marketing,Engineer,2019-10-20,663886,1,No,Diploma,Married,6,No,5,Hyderabad
9872,Employee 9872,Female,56,Finance,Specialist,2021-11-20,1702282,5,Yes,Diploma,Married,4,No,2,Mumbai
9873,Employee 9873,Male,56,Support,Engineer,2016-06-11,1018329,2,No,Master,Single,10,No,5,Pune
9874,Employee 9874,Male,24,IT,Associate,2021-08-12,767733,1,No,Master,Married,4,No,2,Chennai
9875,Employee 9875,Male,37,HR,Engineer,2018-08-10,1395363,2,No,Master,Single,7,No,4,Bengaluru
9876,Employee 9876,Female,39,IT,Executive,2022-05-08,440328,3,Yes,Master,Single,4,No,5,Delhi
9877,Employee 9877,Female,41,Marketing,Analyst,2025-01-01,782522,3,No,Diploma,Single,1,No,2,Mumbai
9878,Employee 9878,Male,38,Support,Manager,2015-03-14,1695493,5,No,Bachelor,Married,11,Yes,3,Hyderabad
9879,Employee 9879,Female,45,IT,Associate,2019-10-06,333548,1,No,Bachelor,Married,6,No,2,Delhi
9880,Employee 9880,Female,57,HR,Associate,2024-05-10,1241535,5,No,Diploma,Married,2,Yes,1,Bengaluru
9881,Employee 9881,Male,50,HR,Associate,2020-08-16,526450,3,Yes,Bachelor,Single,5,No,5,Pune
9882,Employee 9882,Male,31,Sales,Specialist,2022-07-06,447671,5,No,Bachelor,Single,3,No,1,Delhi
9883,Employee 9883,Male,40,HR,Engineer,2019-06-28,976118,2,No,Diploma,Married,7,Yes,4,Pune
9884,Employee 9884,Male,21,Support,Associate,2018-09-26,324149,5,No,Master,Married,1,Yes,1,Ahmedabad
9885,Employee 9885,Female,26,Sales,Analyst,2020-08-19,384303,1,Yes,Bachelor,Married,5,Yes,4,Bengaluru
9886,Employee 9886,Male,37,IT,Executive,2024-11-12,1045173,1,Yes,Diploma,Single,1,Yes,5,Pune
9887,Employee 9887,Female,28,Support,Specialist,2020-11-24,761442,4,No,Master,Single,5,No,5,Chennai
9888,Employee 9888,Female,43,Marketing,Engineer,2020-09-22,1771201,5,Yes,Master,Married,5,Yes,3,Hyderabad
9889,Employee 9889,Male,55,IT,Executive,2018-12-16,878401,1,No,Diploma,Married,7,No,3,Chennai
9890,Employee 9890,Female,35,Operations,Manager,2020-04-14,676517,1,No,Master,Single,6,Yes,5,Hyderabad
9891,Employee 9891,Female,39,Support,Specialist,2019-02-21,1057556,1,No,Diploma,Married,7,No,2,Pune
9892,Employee 9892,Female,51,Finance,Executive,2021-06-17,743067,4,No,Bachelor,Single,5,Yes,1,Ahmedabad
9893,Employee 9893,Female,57,IT,Executive,2019-02-25,1596297,1,No,Diploma,Married,7,No,3,Ahmedabad
9894,Employee 9894,Female,43,Sales,Analyst,2026-01-24,1456925,4,No,Master,Married,0,Yes,5,Mumbai
9895,Employee 9895,Male,41,Operations,Executive,2025-12-22,553202,3,No,Diploma,Married,0,No,4,Ahmedabad
9896,Employee 9896,Male,45,HR,Engineer,2020-03-05,1176989,2,No,Bachelor,Single,6,No,3,Bengaluru
9897,Employee 9897,Male,55,Finance,Associate,2025-09-03,1514161,3,No,Diploma,Married,0,No,5,Ahmedabad
9898,Employee 9898,Female,22,Sales,Associate,2025-12-21,743758,1,No,Master,Single,0,Yes,2,Mumbai
9899,Employee 9899,Female,37,Sales,Engineer,2020-04-18,1337420,1,No,Diploma,Single,6,No,4,Chennai
9900,Employee 9900,Male,27,Finance,Analyst,2017-04-10,1433968,4,No,Master,Married,7,No,4,Bengaluru
9901,Employee 9901,Female,56,Sales,Analyst,2023-05-16,456501,1,No,Master,Single,3,No,2,Mumbai
9902,Employee 9902,Female,56,Marketing,Associate,2017-01-12,1411217,2,No,Master,Married,9,No,2,Ahmedabad
9903,Employee 9903,Female,57,Finance,Associate,2024-12-04,990493,1,No,Master,Single,1,No,1,Ahmedabad
9904,Employee 9904,Female,38,Sales,Engineer,2020-06-13,1223141,2,No,Master,Married,6,No,5,Ahmedabad
9905,Employee 9905,Male,58,HR,Analyst,2024-05-12,1115346,3,No,Master,Single,2,No,4,Pune
9906,Employee 9906,Male,26,Finance,Executive,2021-05-10,710744,5,No,Bachelor,Married,5,Yes,2,Bengaluru
9907,Employee 9907,Female,24,Sales,Manager,2023-12-15,1079381,3,No,Diploma,Married,2,No,1,Chennai
9908,Employee 9908,Female,42,Finance,Executive,2020-06-16,934355,1,No,Diploma,Married,6,No,2,Hyderabad
9909,Employee 9909,Female,53,Finance,Engineer,2025-02-23,915417,3,No,Diploma,Married,1,No,3,Pune
9910,Employee 9910,Female,53,Sales,Specialist,2026-06-10,1624549,2,No,Diploma,Single,0,No,4,Ahmedabad
9911,Employee 9911,Female,43,Sales,Manager,2018-08-29,1537820,5,No,Bachelor,Married,7,No,5,Bengaluru
9912,Employee 9912,Female,36,Finance,Specialist,2022-02-01,1317963,3,No,Bachelor,Single,4,Yes,3,Pune
9913,Employee 9913,Male,38,IT,Engineer,2018-07-11,1757811,2,No,Bachelor,Single,7,No,4,Hyderabad
9914,Employee 9914,Male,25,HR,Analyst,2017-07-23,705005,3,No,Diploma,Married,5,No,1,Chennai
9915,Employee 9915,Male,55,Support,Analyst,2026-02-25,1327750,4,No,Bachelor,Single,0,No,4,Delhi
9916,Employee 9916,Female,60,Sales,Executive,2021-03-10,1704729,5,No,Master,Married,5,No,5,Ahmedabad
9917,Employee 9917,Female,34,Operations,Analyst,2019-04-28,1193864,1,No,Diploma,Single,7,No,4,Mumbai
9918,Employee 9918,Male,48,IT,Manager,2023-08-28,932887,1,No,Diploma,Single,2,Yes,3,Pune
9919,Employee 9919,Male,41,Sales,Specialist,2017-01-18,1685245,3,No,Bachelor,Married,9,Yes,3,Hyderabad
9920,Employee 9920,Female,33,Sales,Executive,2015-10-06,730933,3,No,Master,Single,10,No,4,Ahmedabad
9921,Employee 9921,Male,43,Sales,Analyst,2024-05-13,1015342,1,Yes,Bachelor,Single,2,Yes,5,Mumbai
9922,Employee 9922,Female,28,Marketing,Specialist,2021-04-24,972684,4,No,Bachelor,Single,5,Yes,5,Ahmedabad
9923,Employee 9923,Male,44,Sales,Specialist,2020-01-20,482235,3,Yes,Diploma,Married,6,Yes,1,Ahmedabad
9924,Employee 9924,Male,33,Finance,Executive,2016-04-02,1212241,2,No,Diploma,Married,10,Yes,3,Bengaluru
9925,Employee 9925,Male,59,Sales,Associate,2025-06-19,1713264,2,No,Master,Single,1,No,1,Ahmedabad
9926,Employee 9926,Female,51,Marketing,Executive,2024-01-31,1657251,4,No,Master,Married,2,Yes,5,Hyderabad
9927,Employee 9927,Male,27,Marketing,Manager,2020-08-04,644849,5,Yes,Diploma,Single,5,No,5,Pune
9928,Employee 9928,Male,45,HR,Associate,2019-06-28,567214,5,No,Diploma,Married,7,No,3,Delhi
9929,Employee 9929,Female,47,HR,Executive,2022-01-16,976465,4,No,Master,Married,4,No,3,Hyderabad
9930,Employee 9930,Female,52,HR,Manager,2026-02-24,789678,2,No,Bachelor,Single,0,No,4,Pune
9931,Employee 9931,Female,50,Operations,Specialist,2024-09-17,1388178,4,No,Master,Single,1,No,5,Pune
9932,Employee 9932,Male,60,Finance,Specialist,2019-07-04,581228,5,No,Diploma,Married,7,No,5,Delhi
9933,Employee 9933,Male,28,IT,Analyst,2021-04-14,1304916,5,No,Bachelor,Single,5,Yes,4,Delhi
9934,Employee 9934,Female,49,Operations,Associate,2025-10-08,1634449,2,No,Bachelor,Single,0,Yes,2,Chennai
9935,Employee 9935,Female,23,Support,Specialist,2016-12-16,1737712,3,No,Bachelor,Single,3,Yes,4,Chennai
9936,Employee 9936,Female,46,Sales,Engineer,2015-08-07,884499,1,No,Master,Married,10,Yes,5,Delhi
9937,Employee 9937,Female,58,Finance,Associate,2016-02-27,1120716,2,No,Master,Married,10,No,2,Ahmedabad
9938,Employee 9938,Male,52,HR,Analyst,2024-06-14,459008,2,No,Master,Single,2,No,4,Ahmedabad
9939,Employee 9939,Male,52,Operations,Associate,2016-08-03,993924,5,No,Bachelor,Married,9,No,4,Ahmedabad
9940,Employee 9940,Male,39,Marketing,Associate,2018-01-21,1759928,3,No,Diploma,Single,8,Yes,5,Delhi
9941,Employee 9941,Male,40,HR,Manager,2017-09-02,1469998,4,No,Diploma,Single,8,No,2,Hyderabad
9942,Employee 9942,Male,54,Finance,Specialist,2017-07-07,1231764,4,No,Diploma,Married,8,No,3,Ahmedabad
9943,Employee 9943,Female,34,Operations,Associate,2021-07-11,966214,4,No,Master,Married,4,No,3,Bengaluru
9944,Employee 9944,Male,52,Marketing,Executive,2021-02-27,1322343,2,Yes,Master,Single,5,No,3,Delhi
9945,Employee 9945,Male,38,Marketing,Engineer,2021-03-04,632025,2,No,Bachelor,Single,5,Yes,3,Chennai
9946,Employee 9946,Female,46,IT,Analyst,2018-07-10,1466012,5,No,Bachelor,Single,7,Yes,1,Mumbai
9947,Employee 9947,Female,47,Finance,Specialist,2018-05-12,470792,5,No,Diploma,Married,8,Yes,4,Hyderabad
9948,Employee 9948,Female,56,Finance,Manager,2025-09-25,684434,1,No,Diploma,Married,0,No,3,Pune
9949,Employee 9949,Female,52,Marketing,Executive,2021-09-13,1747701,4,No,Master,Single,4,Yes,3,Chennai
9950,Employee 9950,Female,43,Operations,Analyst,2021-09-10,333483,2,Yes,Diploma,Single,4,No,5,Mumbai
9951,Employee 9951,Female,43,Operations,Engineer,2016-07-24,1419595,5,No,Diploma,Married,9,No,2,Chennai
9952,Employee 9952,Female,22,Operations,Specialist,2025-01-26,1025263,1,No,Bachelor,Single,1,Yes,1,Pune
9953,Employee 9953,Female,32,IT,Manager,2015-10-27,1179550,1,Yes,Bachelor,Single,10,Yes,3,Delhi
9954,Employee 9954,Male,26,Sales,Analyst,2024-10-15,1544071,3,Yes,Bachelor,Single,1,No,3,Hyderabad
9955,Employee 9955,Male,53,IT,Specialist,2024-06-24,721238,2,No,Master,Single,2,No,5,Bengaluru
9956,Employee 9956,Female,46,IT,Engineer,2017-09-17,289188,3,Yes,Bachelor,Married,8,No,4,Bengaluru
9957,Employee 9957,Male,44,Marketing,Manager,2015-12-14,1475871,2,No,Master,Married,10,No,5,Pune
9958,Employee 9958,Female,46,HR,Specialist,2016-11-02,700810,2,Yes,Bachelor,Single,9,Yes,2,Delhi
9959,Employee 9959,Female,40,IT,Engineer,2020-11-09,457373,4,Yes,Bachelor,Married,5,Yes,3,Mumbai
9960,Employee 9960,Female,40,Sales,Engineer,2023-02-11,993194,3,No,Bachelor,Single,3,Yes,3,Pune
9961,Employee 9961,Male,46,Operations,Executive,2015-12-02,1523260,5,No,Master,Single,10,No,3,Hyderabad
9962,Employee 9962,Male,38,Sales,Specialist,2021-03-01,1763143,3,No,Master,Married,5,Yes,2,Delhi
9963,Employee 9963,Female,45,Marketing,Executive,2025-02-04,408773,5,No,Master,Married,1,Yes,2,Hyderabad
9964,Employee 9964,Female,23,Support,Analyst,2021-12-30,600629,1,No,Master,Married,3,No,3,Chennai
9965,Employee 9965,Male,57,Finance,Analyst,2021-01-19,1079691,1,Yes,Diploma,Married,5,No,4,Delhi
9966,Employee 9966,Male,55,Support,Specialist,2015-11-30,818507,5,Yes,Bachelor,Married,10,Yes,5,Ahmedabad
9967,Employee 9967,Female,60,Support,Associate,2017-12-06,295136,3,No,Diploma,Single,8,Yes,5,Mumbai
9968,Employee 9968,Male,27,Finance,Manager,2021-05-04,829032,3,No,Master,Married,5,Yes,4,Delhi
9969,Employee 9969,Male,60,HR,Specialist,2019-09-19,506063,3,No,Diploma,Married,6,Yes,3,Chennai
9970,Employee 9970,Male,54,Marketing,Analyst,2017-09-24,1661681,5,No,Master,Married,8,Yes,5,Chennai
9971,Employee 9971,Female,38,Marketing,Analyst,2016-12-05,688021,4,No,Master,Single,9,Yes,1,Pune
9972,Employee 9972,Male,23,Sales,Analyst,2021-03-11,1062867,1,No,Diploma,Single,3,Yes,1,Chennai
9973,Employee 9973,Male,47,HR,Engineer,2024-05-04,1411219,1,No,Master,Single,2,No,3,Delhi
9974,Employee 9974,Female,24,Operations,Analyst,2019-06-28,594305,2,Yes,Bachelor,Married,4,Yes,1,Ahmedabad
9975,Employee 9975,Male,39,HR,Executive,2017-08-06,1375005,4,No,Diploma,Single,8,Yes,4,Ahmedabad
9976,Employee 9976,Male,43,IT,Specialist,2019-07-31,1433642,2,No,Master,Single,6,Yes,2,Bengaluru
9977,Employee 9977,Male,45,Operations,Engineer,2025-08-05,461086,4,No,Bachelor,Married,0,Yes,4,Ahmedabad
9978,Employee 9978,Female,46,Sales,Engineer,2018-10-09,1402116,4,No,Master,Single,7,Yes,4,Pune
9979,Employee 9979,Male,31,HR,Executive,2016-03-19,771562,5,No,Master,Single,10,Yes,3,Mumbai
9980,Employee 9980,Male,53,IT,Engineer,2016-04-13,587286,2,No,Bachelor,Married,10,No,5,Chennai
9981,Employee 9981,Female,27,Support,Manager,2018-06-19,628070,1,Yes,Master,Married,7,Yes,5,Bengaluru
9982,Employee 9982,Male,21,HR,Analyst,2021-09-14,816730,4,No,Bachelor,Single,1,Yes,4,Pune
9983,Employee 9983,Male,40,IT,Analyst,2019-12-22,381283,5,No,Master,Married,6,Yes,3,Ahmedabad
9984,Employee 9984,Male,49,Finance,Analyst,2015-10-30,1199769,1,No,Master,Married,10,No,1,Ahmedabad
9985,Employee 9985,Female,32,Marketing,Executive,2019-12-30,1097724,5,Yes,Master,Married,6,Yes,3,Mumbai
9986,Employee 9986,Male,50,IT,Specialist,2023-11-16,1671193,5,Yes,Master,Married,2,Yes,2,Mumbai
9987,Employee 9987,Male,28,Support,Engineer,2025-10-02,1069408,3,No,Bachelor,Single,0,No,5,Bengaluru
9988,Employee 9988,Male,52,Support,Executive,2017-10-12,899949,2,No,Bachelor,Single,8,Yes,4,Pune
9989,Employee 9989,Male,41,HR,Analyst,2017-08-12,280951,5,No,Bachelor,Single,8,Yes,3,Hyderabad
9990,Employee 9990,Male,26,Marketing,Executive,2022-02-03,1050519,3,No,Master,Single,4,Yes,2,Pune
9991,Employee 9991,Female,60,IT,Manager,2015-12-18,319729,2,No,Diploma,Single,10,Yes,1,Mumbai
9992,Employee 9992,Female,44,Marketing,Analyst,2017-06-03,716807,2,No,Master,Single,9,Yes,3,Delhi
9993,Employee 9993,Female,26,Marketing,Associate,2015-09-30,790650,1,No,Master,Married,6,Yes,1,Bengaluru
9994,Employee 9994,Female,45,HR,Engineer,2015-09-25,1558488,4,No,Diploma,Married,10,No,2,Bengaluru
9995,Employee 9995,Female,46,Sales,Manager,2017-05-05,463128,4,No,Master,Married,9,Yes,5,Chennai
9996,Employee 9996,Female,23,Support,Engineer,2018-06-27,1241959,5,Yes,Diploma,Married,3,No,5,Ahmedabad
9997,Employee 9997,Female,35,HR,Manager,2024-07-11,1679427,3,Yes,Bachelor,Married,1,Yes,2,Bengaluru
9998,Employee 9998,Female,26,HR,Manager,2015-09-17,1048732,2,No,Diploma,Married,6,Yes,4,Mumbai
9999,Employee 9999,Female,54,Marketing,Analyst,2026-02-09,1377524,3,No,Bachelor,Married,0,Yes,2,Hyderabad
10000,Employee 10000,Female,35,Marketing,Analyst,2017-11-27,1223417,5,Yes,Master,Single,8,Yes,1,Chennai
